userId,movieId,rating,timestamp
35,300000,4.7,1600000000
51,300000,4.9,1600000000
84,300000,5.0,1600000000
11,300000,4.6,1600000000
42,300000,4.7,1600000000
8,300000,5.0,1600000000
25,300000,4.8,1600000000
64,300000,4.7,1600000000
89,300000,4.9,1600000000
86,300000,4.8,1600000000
37,300000,4.6,1600000000
13,300000,4.8,1600000000
63,300000,4.8,1600000000
44,300000,4.6,1600000000
33,300000,4.6,1600000000
38,300000,4.8,1600000000
46,300000,4.8,1600000000
6,300000,4.8,1600000000
53,300000,4.8,1600000000
67,300000,5.0,1600000000
73,300000,4.8,1600000000
2,300000,4.9,1600000000
49,300000,4.7,1600000000
68,300000,4.6,1600000000
41,300000,4.6,1600000000
16,300000,4.5,1600000000
21,300000,4.6,1600000000
12,300000,4.9,1600000000
74,300000,4.9,1600000000
55,300000,4.9,1600000000
92,300000,4.8,1600000000
18,300000,4.6,1600000000
39,300000,4.9,1600000000
95,300000,4.7,1600000000
1,300000,4.9,1600000000
22,300000,4.9,1600000000
65,300000,4.5,1600000000
58,300000,4.6,1600000000
57,300000,4.6,1600000000
59,300000,4.6,1600000000
96,300000,4.6,1600000000
93,300000,4.8,1600000000
97,300000,4.7,1600000000
91,300000,4.7,1600000000
43,300000,4.6,1600000000
14,300000,4.7,1600000000
36,300000,4.9,1600000000
99,300000,4.5,1600000000
76,300000,4.7,1600000000
79,300000,4.7,1600000000
52,300000,4.9,1600000000
54,300000,4.8,1600000000
71,300000,4.8,1600000000
10,300000,5.0,1600000000
85,300000,4.9,1600000000
30,300000,4.5,1600000000
56,300000,5.0,1600000000
80,300000,4.5,1600000000
7,300000,4.6,1600000000
82,300000,4.9,1600000000
9,300000,4.8,1600000000
98,300000,5.0,1600000000
19,300000,4.6,1600000000
75,300000,4.9,1600000000
31,300000,4.5,1600000000
20,300000,4.5,1600000000
3,300000,5.0,1600000000
94,300000,4.9,1600000000
88,300000,4.8,1600000000
83,300000,4.8,1600000000
48,300000,4.5,1600000000
87,300000,4.7,1600000000
60,300000,4.5,1600000000
69,300000,4.8,1600000000
40,300000,4.9,1600000000
17,300000,5.0,1600000000
61,300000,4.7,1600000000
77,300000,4.9,1600000000
72,300000,4.6,1600000000
32,300000,4.8,1600000000
27,300000,4.9,1600000000
66,300000,4.8,1600000000
90,300000,4.9,1600000000
26,300000,4.5,1600000000
24,300000,4.9,1600000000
4,300000,4.9,1600000000
78,300000,4.9,1600000000
15,300000,4.9,1600000000
29,300000,4.6,1600000000
62,300000,4.9,1600000000
50,300000,5.0,1600000000
47,300000,4.8,1600000000
28,300000,4.9,1600000000
70,300000,4.9,1600000000
34,300000,4.7,1600000000
45,300000,4.9,1600000000
5,300000,4.6,1600000000
81,300000,4.8,1600000000
23,300000,4.6,1600000000
5,300001,4.6,1600000000
75,300001,4.6,1600000000
96,300001,3.7,1600000000
16,300001,4.8,1600000000
87,300001,4.2,1600000000
84,300001,4.9,1600000000
17,300001,5.0,1600000000
42,300001,4.1,1600000000
46,300001,3.5,1600000000
43,300001,4.8,1600000000
53,300001,4.5,1600000000
52,300001,3.7,1600000000
10,300001,3.8,1600000000
74,300001,4.0,1600000000
32,300001,4.8,1600000000
37,300001,5.0,1600000000
19,300001,4.3,1600000000
36,300001,3.9,1600000000
23,300001,3.8,1600000000
89,300001,4.9,1600000000
14,300001,4.2,1600000000
20,300001,5.0,1600000000
63,300001,4.6,1600000000
18,300001,3.7,1600000000
85,300001,4.2,1600000000
8,300001,4.6,1600000000
91,300001,5.0,1600000000
11,300001,4.7,1600000000
76,300001,3.7,1600000000
94,300001,3.8,1600000000
6,300001,4.5,1600000000
35,300001,4.5,1600000000
29,300001,4.6,1600000000
9,300001,4.4,1600000000
2,300001,3.9,1600000000
38,300001,3.9,1600000000
95,300001,4.5,1600000000
57,300001,4.1,1600000000
88,300001,4.7,1600000000
47,300001,3.5,1600000000
40,300001,4.4,1600000000
93,300001,4.9,1600000000
54,300001,3.9,1600000000
69,300001,3.8,1600000000
80,300001,3.8,1600000000
62,300001,4.7,1600000000
24,300001,3.8,1600000000
49,300001,3.9,1600000000
33,300001,4.5,1600000000
34,300001,4.9,1600000000
68,300001,4.6,1600000000
66,300001,3.6,1600000000
64,300001,4.2,1600000000
72,300001,3.8,1600000000
31,300001,4.9,1600000000
61,300001,3.8,1600000000
70,300001,3.5,1600000000
97,300001,4.8,1600000000
13,300001,4.8,1600000000
65,300001,4.4,1600000000
15,300001,3.6,1600000000
51,300001,3.9,1600000000
39,300001,4.1,1600000000
83,300001,4.8,1600000000
77,300001,3.8,1600000000
28,300001,3.5,1600000000
56,300001,4.7,1600000000
78,300001,4.0,1600000000
90,300001,4.3,1600000000
12,300001,4.3,1600000000
55,300001,3.8,1600000000
22,300001,3.8,1600000000
98,300001,3.6,1600000000
27,300001,4.2,1600000000
25,300001,3.6,1600000000
3,300001,4.3,1600000000
60,300001,4.1,1600000000
44,300002,3.7,1600000000
40,300002,3.9,1600000000
80,300002,4.9,1600000000
66,300002,4.0,1600000000
27,300002,3.5,1600000000
92,300002,4.8,1600000000
23,300002,4.5,1600000000
3,300002,4.4,1600000000
73,300002,4.9,1600000000
2,300002,4.1,1600000000
7,300002,4.5,1600000000
63,300002,4.2,1600000000
14,300002,4.6,1600000000
55,300002,4.1,1600000000
4,300002,4.2,1600000000
75,300002,4.9,1600000000
43,300002,4.0,1600000000
72,300002,4.0,1600000000
6,300002,4.7,1600000000
20,300002,3.8,1600000000
60,300002,4.7,1600000000
41,300002,4.2,1600000000
74,300002,4.8,1600000000
89,300002,4.9,1600000000
34,300002,4.7,1600000000
18,300002,3.7,1600000000
58,300002,3.6,1600000000
8,300002,3.6,1600000000
62,300002,3.7,1600000000
11,300002,4.2,1600000000
98,300002,4.0,1600000000
36,300002,4.5,1600000000
50,300002,3.7,1600000000
83,300002,4.2,1600000000
31,300002,4.2,1600000000
48,300002,4.0,1600000000
78,300002,3.8,1600000000
22,300002,4.9,1600000000
37,300002,4.5,1600000000
35,300002,4.4,1600000000
25,300002,4.4,1600000000
97,300002,3.6,1600000000
42,300002,4.7,1600000000
85,300002,3.6,1600000000
51,300002,4.0,1600000000
45,300002,4.9,1600000000
26,300002,4.1,1600000000
52,300002,4.9,1600000000
1,300002,4.8,1600000000
61,300002,4.3,1600000000
21,300002,4.0,1600000000
99,300002,4.7,1600000000
70,300002,3.6,1600000000
24,300002,4.0,1600000000
29,300002,4.3,1600000000
94,300002,4.3,1600000000
79,300002,4.8,1600000000
86,300002,4.1,1600000000
57,300002,4.8,1600000000
5,300002,4.4,1600000000
88,300002,3.9,1600000000
76,300002,4.8,1600000000
69,300002,3.9,1600000000
52,300003,3.7,1600000000
93,300003,4.3,1600000000
68,300003,4.7,1600000000
97,300003,4.8,1600000000
79,300003,4.1,1600000000
19,300003,4.5,1600000000
61,300003,4.9,1600000000
91,300003,4.5,1600000000
95,300003,4.2,1600000000
85,300003,3.7,1600000000
30,300003,4.7,1600000000
32,300003,4.0,1600000000
26,300003,3.7,1600000000
86,300003,4.9,1600000000
55,300003,4.3,1600000000
1,300003,4.5,1600000000
25,300003,4.0,1600000000
22,300003,4.3,1600000000
58,300003,4.6,1600000000
75,300003,4.3,1600000000
37,300003,4.8,1600000000
4,300003,4.3,1600000000
45,300003,4.9,1600000000
57,300003,4.8,1600000000
18,300003,3.8,1600000000
72,300003,4.1,1600000000
54,300003,3.8,1600000000
48,300003,3.6,1600000000
51,300003,4.7,1600000000
82,300003,4.0,1600000000
47,300003,4.8,1600000000
20,300003,3.6,1600000000
69,300003,4.2,1600000000
83,300003,3.9,1600000000
43,300003,4.3,1600000000
76,300003,3.6,1600000000
99,300003,4.7,1600000000
56,300003,4.1,1600000000
35,300003,4.6,1600000000
10,300003,3.5,1600000000
74,300003,4.9,1600000000
38,300003,4.6,1600000000
29,300003,4.7,1600000000
64,300003,4.3,1600000000
5,300003,4.9,1600000000
87,300003,4.8,1600000000
7,300003,4.3,1600000000
65,300003,3.7,1600000000
21,300003,3.9,1600000000
14,300003,4.0,1600000000
27,300003,3.7,1600000000
77,300003,5.0,1600000000
60,300003,4.8,1600000000
94,300003,4.4,1600000000
41,300003,3.7,1600000000
78,300003,3.8,1600000000
2,300003,3.8,1600000000
31,300003,3.9,1600000000
28,300003,4.8,1600000000
13,300003,4.4,1600000000
42,300003,4.3,1600000000
3,300003,3.6,1600000000
44,300003,4.0,1600000000
98,300003,4.0,1600000000
89,300003,3.5,1600000000
84,300003,4.8,1600000000
88,300003,4.2,1600000000
67,300003,4.1,1600000000
73,300003,4.5,1600000000
8,300003,4.4,1600000000
24,300003,3.8,1600000000
9,300003,3.5,1600000000
15,300003,4.5,1600000000
66,300003,3.6,1600000000
23,300003,4.4,1600000000
76,300004,4.4,1600000000
10,300004,4.8,1600000000
6,300004,4.5,1600000000
44,300004,4.0,1600000000
89,300004,4.0,1600000000
69,300004,3.7,1600000000
72,300004,3.9,1600000000
47,300004,3.9,1600000000
8,300004,3.5,1600000000
78,300004,4.0,1600000000
34,300004,3.8,1600000000
66,300004,4.6,1600000000
31,300004,4.2,1600000000
48,300004,4.5,1600000000
90,300004,3.9,1600000000
56,300004,4.6,1600000000
97,300004,4.5,1600000000
29,300004,3.7,1600000000
35,300004,4.2,1600000000
62,300004,3.6,1600000000
23,300004,3.9,1600000000
85,300004,4.2,1600000000
68,300004,3.6,1600000000
12,300004,4.9,1600000000
80,300004,4.5,1600000000
27,300004,3.9,1600000000
96,300004,3.6,1600000000
37,300004,3.9,1600000000
32,300004,4.0,1600000000
86,300004,3.9,1600000000
94,300004,4.4,1600000000
91,300004,4.5,1600000000
41,300004,4.7,1600000000
53,300004,3.7,1600000000
33,300004,4.8,1600000000
63,300004,4.0,1600000000
74,300004,4.5,1600000000
20,300004,4.9,1600000000
50,300004,3.9,1600000000
95,300004,5.0,1600000000
13,300004,4.0,1600000000
25,300004,4.8,1600000000
60,300004,4.8,1600000000
26,300004,4.1,1600000000
38,300004,4.4,1600000000
61,300004,4.1,1600000000
54,300004,4.7,1600000000
2,300004,4.0,1600000000
59,300004,4.3,1600000000
9,300004,4.5,1600000000
1,300004,4.7,1600000000
7,300004,4.0,1600000000
88,300004,3.9,1600000000
87,300004,3.6,1600000000
93,300004,4.7,1600000000
82,300004,3.7,1600000000
49,300004,3.8,1600000000
24,300004,4.6,1600000000
65,300004,5.0,1600000000
36,300004,4.9,1600000000
52,300004,4.7,1600000000
83,300004,3.9,1600000000
3,300004,4.7,1600000000
84,300004,4.4,1600000000
70,300004,4.5,1600000000
45,300004,4.6,1600000000
17,300004,3.9,1600000000
81,300004,4.1,1600000000
67,300004,4.1,1600000000
79,300004,4.3,1600000000
5,300004,4.1,1600000000
86,300005,4.3,1600000000
83,300005,3.5,1600000000
62,300005,4.1,1600000000
47,300005,3.9,1600000000
43,300005,4.0,1600000000
32,300005,4.9,1600000000
9,300005,4.4,1600000000
66,300005,4.5,1600000000
75,300005,4.6,1600000000
54,300005,4.6,1600000000
46,300005,4.5,1600000000
16,300005,5.0,1600000000
48,300005,5.0,1600000000
41,300005,3.6,1600000000
53,300005,3.9,1600000000
20,300005,4.5,1600000000
26,300005,4.9,1600000000
95,300005,3.5,1600000000
22,300005,4.5,1600000000
72,300005,4.2,1600000000
24,300005,4.9,1600000000
6,300005,4.1,1600000000
89,300005,4.2,1600000000
96,300005,4.4,1600000000
52,300005,3.7,1600000000
12,300005,4.0,1600000000
14,300005,4.8,1600000000
31,300005,4.4,1600000000
82,300005,4.4,1600000000
29,300005,4.1,1600000000
71,300005,4.6,1600000000
4,300005,3.6,1600000000
42,300005,4.7,1600000000
37,300005,4.0,1600000000
80,300005,4.8,1600000000
85,300005,4.8,1600000000
84,300005,4.6,1600000000
99,300005,4.3,1600000000
58,300005,4.8,1600000000
35,300005,4.9,1600000000
2,300005,4.0,1600000000
1,300005,4.4,1600000000
51,300005,3.8,1600000000
67,300005,4.3,1600000000
74,300005,4.8,1600000000
21,300005,4.6,1600000000
70,300005,4.2,1600000000
18,300005,3.7,1600000000
76,300005,4.0,1600000000
87,300005,3.8,1600000000
3,300005,4.9,1600000000
18,300006,3.7,1600000000
87,300006,4.5,1600000000
16,300006,4.8,1600000000
86,300006,3.6,1600000000
88,300006,4.2,1600000000
27,300006,4.3,1600000000
67,300006,3.6,1600000000
82,300006,3.9,1600000000
15,300006,4.1,1600000000
4,300006,3.6,1600000000
74,300006,4.8,1600000000
32,300006,3.9,1600000000
45,300006,4.5,1600000000
52,300006,4.4,1600000000
6,300006,4.8,1600000000
96,300006,4.0,1600000000
31,300006,4.9,1600000000
78,300006,4.9,1600000000
94,300006,3.7,1600000000
50,300006,4.4,1600000000
33,300006,4.0,1600000000
38,300006,3.8,1600000000
29,300006,4.2,1600000000
5,300006,3.9,1600000000
60,300006,4.3,1600000000
80,300006,3.8,1600000000
3,300006,3.7,1600000000
26,300006,4.5,1600000000
64,300006,4.3,1600000000
90,300006,4.1,1600000000
95,300006,4.0,1600000000
68,300006,4.9,1600000000
70,300006,3.9,1600000000
93,300006,4.9,1600000000
98,300006,3.6,1600000000
56,300006,3.8,1600000000
34,300006,3.6,1600000000
54,300006,3.6,1600000000
84,300006,4.9,1600000000
51,300006,3.7,1600000000
39,300006,3.9,1600000000
12,300006,3.5,1600000000
9,300006,4.1,1600000000
55,300006,4.6,1600000000
2,300006,4.0,1600000000
24,300006,4.1,1600000000
23,300006,4.7,1600000000
49,300006,3.7,1600000000
30,300006,3.6,1600000000
89,300006,3.5,1600000000
75,300006,4.4,1600000000
81,300006,4.1,1600000000
63,300006,4.3,1600000000
59,300006,3.6,1600000000
19,300006,4.6,1600000000
22,300006,3.8,1600000000
13,300006,4.6,1600000000
48,300006,3.7,1600000000
25,300006,4.8,1600000000
99,300006,4.1,1600000000
20,300006,3.7,1600000000
17,300006,3.9,1600000000
66,300006,4.9,1600000000
79,300006,4.0,1600000000
77,300007,3.7,1600000000
37,300007,3.7,1600000000
68,300007,4.3,1600000000
49,300007,4.5,1600000000
44,300007,4.9,1600000000
66,300007,4.4,1600000000
41,300007,3.5,1600000000
70,300007,4.0,1600000000
72,300007,4.9,1600000000
4,300007,4.6,1600000000
93,300007,5.0,1600000000
16,300007,4.7,1600000000
56,300007,3.8,1600000000
80,300007,4.4,1600000000
98,300007,4.7,1600000000
26,300007,3.8,1600000000
54,300007,4.8,1600000000
92,300007,4.0,1600000000
28,300007,4.7,1600000000
87,300007,4.7,1600000000
86,300007,4.0,1600000000
34,300007,3.5,1600000000
51,300007,4.2,1600000000
48,300007,4.8,1600000000
36,300007,4.3,1600000000
39,300007,4.4,1600000000
22,300007,4.9,1600000000
29,300007,4.0,1600000000
30,300007,4.2,1600000000
32,300007,3.8,1600000000
40,300007,3.8,1600000000
19,300007,4.5,1600000000
46,300007,4.6,1600000000
61,300007,3.6,1600000000
37,300008,4.4,1600000000
39,300008,4.0,1600000000
85,300008,4.9,1600000000
49,300008,4.7,1600000000
35,300008,4.1,1600000000
10,300008,4.2,1600000000
41,300008,3.8,1600000000
34,300008,3.6,1600000000
17,300008,4.1,1600000000
71,300008,4.1,1600000000
82,300008,4.9,1600000000
26,300008,4.1,1600000000
1,300008,4.1,1600000000
52,300008,4.4,1600000000
43,300008,4.2,1600000000
15,300008,3.7,1600000000
90,300008,4.5,1600000000
64,300008,3.9,1600000000
40,300008,3.5,1600000000
91,300008,4.0,1600000000
67,300008,3.7,1600000000
32,300008,4.8,1600000000
22,300008,4.2,1600000000
83,300008,3.7,1600000000
42,300008,3.9,1600000000
3,300008,4.5,1600000000
31,300008,4.2,1600000000
96,300008,3.6,1600000000
75,300008,4.5,1600000000
74,300008,4.7,1600000000
21,300008,3.8,1600000000
5,300008,4.4,1600000000
14,300008,3.6,1600000000
78,300008,4.6,1600000000
95,300008,4.9,1600000000
99,300008,4.4,1600000000
11,300008,4.8,1600000000
72,300008,4.9,1600000000
81,300008,3.8,1600000000
36,300008,3.9,1600000000
79,300008,4.4,1600000000
38,300008,4.6,1600000000
65,300008,3.9,1600000000
77,300008,4.3,1600000000
25,300008,3.9,1600000000
57,300008,3.7,1600000000
86,300008,3.8,1600000000
19,300008,4.8,1600000000
70,300008,4.2,1600000000
73,300008,3.8,1600000000
60,300008,4.1,1600000000
63,300008,3.8,1600000000
66,300008,4.5,1600000000
33,300008,4.2,1600000000
93,300008,4.3,1600000000
45,300008,4.4,1600000000
9,300008,4.6,1600000000
8,300008,3.6,1600000000
61,300008,4.4,1600000000
13,300008,4.5,1600000000
56,300008,4.9,1600000000
46,300008,3.8,1600000000
62,300008,4.3,1600000000
6,300008,3.7,1600000000
94,300008,4.9,1600000000
84,300008,4.5,1600000000
89,300008,4.3,1600000000
51,300008,4.6,1600000000
12,300008,3.7,1600000000
23,300008,5.0,1600000000
53,300008,4.7,1600000000
80,300008,3.8,1600000000
87,300008,4.6,1600000000
2,300008,4.2,1600000000
47,300008,4.0,1600000000
88,300008,5.0,1600000000
55,300008,5.0,1600000000
69,300008,4.2,1600000000
29,300008,3.5,1600000000
28,300009,4.1,1600000000
69,300009,3.8,1600000000
33,300009,3.9,1600000000
62,300009,4.2,1600000000
87,300009,4.9,1600000000
42,300009,4.6,1600000000
52,300009,4.4,1600000000
15,300009,4.4,1600000000
9,300009,4.2,1600000000
58,300009,4.6,1600000000
32,300009,4.9,1600000000
89,300009,3.7,1600000000
16,300009,4.3,1600000000
72,300009,3.8,1600000000
2,300009,3.8,1600000000
79,300009,4.4,1600000000
23,300009,4.9,1600000000
34,300009,4.3,1600000000
97,300009,4.6,1600000000
21,300009,4.2,1600000000
4,300009,4.0,1600000000
56,300009,4.6,1600000000
50,300009,4.3,1600000000
24,300009,3.5,1600000000
67,300009,4.9,1600000000
17,300009,4.2,1600000000
91,300009,4.8,1600000000
14,300009,4.3,1600000000
41,300009,4.5,1600000000
7,300009,3.9,1600000000
12,300009,4.4,1600000000
64,300009,3.6,1600000000
66,300009,4.4,1600000000
19,300009,4.1,1600000000
39,300009,4.6,1600000000
3,300009,4.8,1600000000
82,300009,3.8,1600000000
75,300009,4.7,1600000000
80,300009,3.9,1600000000
1,300009,4.0,1600000000
57,300009,4.4,1600000000
18,300009,3.6,1600000000
73,300009,3.7,1600000000
55,300009,4.1,1600000000
11,300009,3.5,1600000000
65,300009,4.4,1600000000
47,300009,4.3,1600000000
85,300009,4.7,1600000000
48,300009,4.1,1600000000
61,300009,4.2,1600000000
99,300009,3.8,1600000000
51,300009,3.7,1600000000
10,300009,3.9,1600000000
46,300009,3.6,1600000000
5,300009,4.4,1600000000
76,300009,3.9,1600000000
98,300009,4.8,1600000000
30,300009,3.8,1600000000
38,300009,4.7,1600000000
29,300009,4.8,1600000000
13,300009,3.6,1600000000
92,300009,4.4,1600000000
22,300009,4.7,1600000000
31,300009,4.2,1600000000
45,300009,4.2,1600000000
96,300009,4.3,1600000000
94,300009,4.0,1600000000
74,300009,3.6,1600000000
68,300010,5.0,1600000000
74,300010,4.8,1600000000
66,300010,4.9,1600000000
24,300010,4.8,1600000000
65,300010,4.6,1600000000
52,300010,5.0,1600000000
11,300010,5.0,1600000000
39,300010,4.9,1600000000
36,300010,4.9,1600000000
70,300010,4.6,1600000000
95,300010,4.6,1600000000
78,300010,4.8,1600000000
72,300010,4.6,1600000000
73,300010,4.8,1600000000
6,300010,4.9,1600000000
4,300010,4.7,1600000000
1,300010,4.7,1600000000
40,300010,4.6,1600000000
53,300010,4.5,1600000000
20,300010,4.8,1600000000
17,300010,4.9,1600000000
23,300010,4.8,1600000000
55,300010,4.5,1600000000
33,300010,4.5,1600000000
30,300010,4.9,1600000000
64,300010,4.7,1600000000
50,300010,4.6,1600000000
18,300010,4.5,1600000000
49,300010,4.7,1600000000
75,300010,4.5,1600000000
82,300010,4.6,1600000000
71,300010,4.7,1600000000
5,300010,4.6,1600000000
92,300010,4.6,1600000000
42,300010,4.7,1600000000
34,300010,4.8,1600000000
58,300010,4.9,1600000000
32,300010,4.7,1600000000
62,300010,4.6,1600000000
51,300010,4.7,1600000000
77,300010,5.0,1600000000
12,300010,4.7,1600000000
63,300010,4.6,1600000000
10,300010,5.0,1600000000
98,300010,4.5,1600000000
96,300010,4.8,1600000000
47,300010,4.7,1600000000
54,300010,4.6,1600000000
22,300010,4.5,1600000000
93,300010,4.6,1600000000
56,300010,5.0,1600000000
37,300010,5.0,1600000000
9,300010,4.7,1600000000
61,300010,4.5,1600000000
84,300010,4.6,1600000000
99,300010,4.7,1600000000
83,300010,4.6,1600000000
60,300010,4.7,1600000000
79,300010,4.8,1600000000
16,300010,4.6,1600000000
43,300010,5.0,1600000000
48,300010,4.9,1600000000
19,300010,4.7,1600000000
69,300010,4.8,1600000000
80,300010,4.5,1600000000
46,300010,4.9,1600000000
25,300010,4.7,1600000000
13,300010,4.7,1600000000
44,300010,4.6,1600000000
97,300010,5.0,1600000000
27,300010,4.8,1600000000
2,300010,4.8,1600000000
41,300010,4.8,1600000000
85,300010,4.6,1600000000
91,300010,4.6,1600000000
90,300010,4.7,1600000000
87,300010,4.9,1600000000
94,300010,4.6,1600000000
15,300010,4.7,1600000000
59,300010,4.6,1600000000
23,300011,3.7,1600000000
49,300011,3.8,1600000000
74,300011,4.2,1600000000
4,300011,4.7,1600000000
32,300011,4.7,1600000000
75,300011,4.9,1600000000
51,300011,4.7,1600000000
79,300011,3.7,1600000000
19,300011,4.6,1600000000
28,300011,4.2,1600000000
54,300011,3.7,1600000000
63,300011,4.2,1600000000
89,300011,4.8,1600000000
88,300011,3.9,1600000000
59,300011,4.6,1600000000
82,300011,4.9,1600000000
66,300011,3.8,1600000000
85,300011,4.3,1600000000
27,300011,3.6,1600000000
87,300011,4.8,1600000000
62,300011,4.4,1600000000
46,300011,4.3,1600000000
30,300011,4.5,1600000000
10,300011,4.5,1600000000
86,300011,4.0,1600000000
90,300011,4.3,1600000000
67,300011,4.8,1600000000
72,300011,4.1,1600000000
29,300011,3.6,1600000000
12,300011,4.9,1600000000
9,300011,4.0,1600000000
60,300011,4.3,1600000000
91,300011,3.9,1600000000
65,300011,4.1,1600000000
96,300011,4.7,1600000000
61,300011,4.7,1600000000
71,300011,4.5,1600000000
25,300011,4.5,1600000000
43,300011,3.8,1600000000
93,300011,3.5,1600000000
21,300011,4.3,1600000000
42,300011,3.6,1600000000
24,300011,4.2,1600000000
35,300011,3.9,1600000000
1,300011,3.8,1600000000
52,300011,4.6,1600000000
17,300011,4.6,1600000000
94,300011,3.8,1600000000
77,300011,4.5,1600000000
78,300011,4.5,1600000000
81,300011,3.6,1600000000
44,300011,4.2,1600000000
64,300011,4.8,1600000000
92,300011,4.4,1600000000
95,300011,4.2,1600000000
58,300011,3.9,1600000000
41,300011,4.4,1600000000
97,300011,4.2,1600000000
70,300011,3.8,1600000000
48,300011,5.0,1600000000
34,300011,4.3,1600000000
2,300011,3.7,1600000000
5,300011,4.0,1600000000
38,300011,4.8,1600000000
50,300012,3.5,1600000000
42,300012,3.7,1600000000
78,300012,4.3,1600000000
4,300012,3.8,1600000000
48,300012,3.9,1600000000
38,300012,3.5,1600000000
30,300012,4.8,1600000000
29,300012,3.6,1600000000
80,300012,4.5,1600000000
47,300012,3.8,1600000000
43,300012,4.5,1600000000
27,300012,3.9,1600000000
10,300012,3.6,1600000000
65,300012,4.9,1600000000
34,300012,4.5,1600000000
13,300012,3.9,1600000000
32,300012,4.1,1600000000
20,300012,4.3,1600000000
86,300012,3.9,1600000000
2,300012,4.7,1600000000
61,300012,4.5,1600000000
74,300012,4.3,1600000000
84,300012,4.3,1600000000
57,300012,4.6,1600000000
39,300012,3.8,1600000000
23,300012,4.3,1600000000
51,300012,5.0,1600000000
81,300012,4.6,1600000000
98,300012,4.7,1600000000
60,300012,4.7,1600000000
17,300012,4.3,1600000000
77,300012,3.5,1600000000
12,300012,3.5,1600000000
18,300012,4.7,1600000000
94,300012,4.3,1600000000
64,300012,3.5,1600000000
99,300012,3.6,1600000000
66,300012,4.9,1600000000
84,300013,3.5,1600000000
19,300013,4.9,1600000000
96,300013,4.7,1600000000
40,300013,3.8,1600000000
23,300013,4.3,1600000000
15,300013,4.7,1600000000
4,300013,4.1,1600000000
63,300013,3.5,1600000000
54,300013,4.3,1600000000
53,300013,3.8,1600000000
22,300013,3.7,1600000000
34,300013,3.7,1600000000
60,300013,3.5,1600000000
73,300013,4.2,1600000000
24,300013,3.5,1600000000
12,300013,4.1,1600000000
37,300013,4.9,1600000000
58,300013,3.7,1600000000
29,300013,4.5,1600000000
13,300013,3.9,1600000000
89,300013,5.0,1600000000
79,300013,4.5,1600000000
25,300013,4.2,1600000000
74,300013,4.3,1600000000
77,300013,3.8,1600000000
86,300013,4.7,1600000000
56,300013,4.4,1600000000
49,300013,3.6,1600000000
43,300013,4.1,1600000000
80,300013,5.0,1600000000
91,300013,4.5,1600000000
14,300013,3.9,1600000000
51,300013,3.8,1600000000
87,300013,4.2,1600000000
83,300013,4.6,1600000000
68,300013,3.8,1600000000
90,300014,4.4,1600000000
31,300014,5.0,1600000000
65,300014,4.9,1600000000
2,300014,4.1,1600000000
52,300014,4.1,1600000000
78,300014,4.4,1600000000
15,300014,4.4,1600000000
45,300014,4.8,1600000000
79,300014,3.6,1600000000
59,300014,4.3,1600000000
58,300014,4.3,1600000000
5,300014,5.0,1600000000
29,300014,3.8,1600000000
43,300014,4.4,1600000000
97,300014,4.8,1600000000
47,300014,4.9,1600000000
36,300014,4.3,1600000000
12,300014,4.0,1600000000
48,300014,4.9,1600000000
70,300014,3.6,1600000000
38,300014,3.7,1600000000
66,300014,4.8,1600000000
27,300014,4.1,1600000000
80,300014,4.0,1600000000
56,300014,4.9,1600000000
24,300014,4.1,1600000000
88,300014,4.1,1600000000
75,300014,4.7,1600000000
28,300014,4.9,1600000000
6,300014,4.5,1600000000
8,300014,4.0,1600000000
89,300014,3.7,1600000000
77,300014,4.3,1600000000
23,300014,3.7,1600000000
76,300014,3.5,1600000000
74,300014,4.7,1600000000
9,300014,4.1,1600000000
34,300014,4.8,1600000000
3,300014,4.2,1600000000
50,300014,5.0,1600000000
30,300014,3.5,1600000000
33,300014,4.3,1600000000
26,300014,4.4,1600000000
49,300014,4.5,1600000000
54,300014,4.6,1600000000
18,300014,4.9,1600000000
44,300014,3.6,1600000000
86,300014,3.8,1600000000
82,300014,4.5,1600000000
85,300014,4.8,1600000000
50,300015,4.1,1600000000
99,300015,3.7,1600000000
8,300015,4.8,1600000000
16,300015,4.0,1600000000
47,300015,3.5,1600000000
66,300015,3.6,1600000000
19,300015,4.2,1600000000
21,300015,4.0,1600000000
74,300015,3.9,1600000000
1,300015,3.8,1600000000
35,300015,3.7,1600000000
54,300015,4.4,1600000000
87,300015,4.2,1600000000
85,300015,4.8,1600000000
52,300015,3.8,1600000000
80,300015,4.0,1600000000
42,300015,4.2,1600000000
91,300015,4.8,1600000000
18,300015,4.5,1600000000
15,300015,4.4,1600000000
79,300015,4.1,1600000000
14,300015,3.7,1600000000
83,300015,3.6,1600000000
62,300015,4.6,1600000000
49,300015,4.0,1600000000
61,300015,4.2,1600000000
77,300015,4.6,1600000000
38,300015,3.8,1600000000
94,300015,4.2,1600000000
60,300015,4.1,1600000000
71,300015,4.3,1600000000
27,300015,4.4,1600000000
84,300015,4.3,1600000000
33,300015,4.2,1600000000
26,300015,4.2,1600000000
17,300015,3.5,1600000000
39,300015,4.4,1600000000
58,300015,4.5,1600000000
78,300015,4.8,1600000000
76,300015,4.8,1600000000
59,300015,4.2,1600000000
81,300015,4.6,1600000000
97,300015,4.1,1600000000
45,300015,4.2,1600000000
89,300015,3.9,1600000000
98,300016,4.0,1600000000
55,300016,3.6,1600000000
39,300016,4.3,1600000000
44,300016,4.8,1600000000
30,300016,4.3,1600000000
36,300016,3.7,1600000000
28,300016,4.4,1600000000
42,300016,4.6,1600000000
85,300016,3.6,1600000000
49,300016,4.0,1600000000
63,300016,4.8,1600000000
43,300016,4.3,1600000000
94,300016,3.6,1600000000
19,300016,4.3,1600000000
86,300016,3.5,1600000000
75,300016,4.0,1600000000
48,300016,3.8,1600000000
62,300016,3.6,1600000000
14,300016,3.7,1600000000
90,300016,5.0,1600000000
54,300016,4.3,1600000000
57,300016,4.3,1600000000
37,300016,4.4,1600000000
47,300016,4.6,1600000000
2,300016,3.8,1600000000
67,300016,4.3,1600000000
70,300016,4.7,1600000000
29,300016,4.5,1600000000
88,300016,3.7,1600000000
51,300016,4.0,1600000000
3,300016,3.7,1600000000
41,300016,4.7,1600000000
24,300016,4.3,1600000000
4,300016,4.4,1600000000
78,300016,4.5,1600000000
81,300016,4.9,1600000000
50,300016,3.8,1600000000
64,300016,4.5,1600000000
6,300016,4.5,1600000000
31,300016,4.5,1600000000
15,300016,4.9,1600000000
77,300016,4.9,1600000000
34,300016,4.3,1600000000
26,300016,4.8,1600000000
92,300016,4.4,1600000000
89,300016,4.4,1600000000
22,300016,4.0,1600000000
84,300017,4.9,1600000000
6,300017,4.0,1600000000
20,300017,4.6,1600000000
95,300017,4.1,1600000000
53,300017,4.8,1600000000
94,300017,4.0,1600000000
35,300017,5.0,1600000000
76,300017,4.9,1600000000
77,300017,4.8,1600000000
54,300017,5.0,1600000000
33,300017,4.3,1600000000
29,300017,3.7,1600000000
74,300017,3.9,1600000000
82,300017,3.8,1600000000
89,300017,4.1,1600000000
36,300017,4.4,1600000000
4,300017,4.6,1600000000
14,300017,4.2,1600000000
7,300017,3.7,1600000000
80,300017,4.6,1600000000
23,300017,4.9,1600000000
70,300017,3.8,1600000000
64,300017,5.0,1600000000
67,300017,4.5,1600000000
87,300017,4.4,1600000000
44,300017,4.9,1600000000
72,300017,4.6,1600000000
34,300017,4.7,1600000000
11,300017,4.5,1600000000
75,300017,4.8,1600000000
78,300017,3.6,1600000000
86,300017,3.9,1600000000
50,300017,4.9,1600000000
88,300017,3.7,1600000000
71,300017,4.1,1600000000
22,300017,4.2,1600000000
79,300017,4.6,1600000000
85,300017,4.6,1600000000
43,300017,4.3,1600000000
55,300017,4.1,1600000000
49,300017,4.2,1600000000
15,300017,4.6,1600000000
58,300017,5.0,1600000000
1,300017,4.9,1600000000
65,300017,4.6,1600000000
69,300017,4.3,1600000000
38,300017,3.5,1600000000
40,300017,4.8,1600000000
60,300017,3.6,1600000000
10,300017,4.1,1600000000
42,300017,3.7,1600000000
92,300017,4.0,1600000000
67,300018,4.9,1600000000
66,300018,4.4,1600000000
42,300018,4.1,1600000000
58,300018,4.7,1600000000
36,300018,3.8,1600000000
23,300018,4.7,1600000000
89,300018,4.7,1600000000
77,300018,4.1,1600000000
2,300018,4.7,1600000000
95,300018,3.9,1600000000
34,300018,4.5,1600000000
8,300018,4.9,1600000000
84,300018,4.7,1600000000
12,300018,3.8,1600000000
91,300018,3.7,1600000000
9,300018,3.9,1600000000
86,300018,4.3,1600000000
68,300018,3.8,1600000000
26,300018,4.0,1600000000
20,300018,4.6,1600000000
30,300018,4.4,1600000000
55,300018,3.6,1600000000
41,300018,4.7,1600000000
16,300018,4.4,1600000000
82,300018,3.6,1600000000
38,300018,4.1,1600000000
35,300018,4.3,1600000000
1,300018,4.3,1600000000
47,300018,4.0,1600000000
17,300018,4.3,1600000000
27,300018,3.7,1600000000
7,300018,4.8,1600000000
88,300018,4.9,1600000000
10,300018,4.3,1600000000
60,300018,4.3,1600000000
96,300018,3.9,1600000000
48,300018,4.7,1600000000
15,300018,4.3,1600000000
75,300018,4.6,1600000000
52,300018,4.9,1600000000
43,300018,3.7,1600000000
53,300018,4.3,1600000000
18,300018,4.5,1600000000
46,300018,4.8,1600000000
4,300018,4.3,1600000000
99,300018,3.9,1600000000
40,300018,3.9,1600000000
78,300018,3.7,1600000000
3,300018,4.4,1600000000
54,300018,4.2,1600000000
72,300018,3.8,1600000000
71,300018,4.9,1600000000
44,300018,4.2,1600000000
19,300018,4.9,1600000000
28,300018,4.6,1600000000
97,300018,3.7,1600000000
14,300018,3.8,1600000000
22,300018,4.6,1600000000
92,300018,3.7,1600000000
69,300018,3.8,1600000000
11,300018,3.6,1600000000
39,300018,4.5,1600000000
33,300018,3.8,1600000000
73,300018,4.5,1600000000
59,300018,4.5,1600000000
70,300018,4.8,1600000000
93,300018,4.0,1600000000
21,300018,4.7,1600000000
56,300018,4.7,1600000000
74,300018,4.5,1600000000
80,300018,4.7,1600000000
50,300018,3.6,1600000000
94,300018,4.6,1600000000
85,300018,4.8,1600000000
81,300019,4.9,1600000000
9,300019,3.7,1600000000
21,300019,4.7,1600000000
46,300019,4.6,1600000000
33,300019,4.8,1600000000
75,300019,3.6,1600000000
50,300019,3.8,1600000000
79,300019,4.0,1600000000
85,300019,4.9,1600000000
24,300019,4.8,1600000000
54,300019,4.8,1600000000
5,300019,4.5,1600000000
84,300019,4.7,1600000000
23,300019,4.7,1600000000
51,300019,3.9,1600000000
59,300019,3.9,1600000000
93,300019,4.4,1600000000
76,300019,4.5,1600000000
83,300019,4.8,1600000000
68,300019,3.5,1600000000
25,300019,3.7,1600000000
94,300019,4.0,1600000000
39,300019,3.7,1600000000
52,300019,4.3,1600000000
86,300019,3.9,1600000000
26,300019,4.7,1600000000
61,300019,4.2,1600000000
48,300019,3.9,1600000000
34,300019,4.7,1600000000
65,300019,3.5,1600000000
57,300019,4.3,1600000000
53,300019,4.5,1600000000
73,300019,5.0,1600000000
35,300019,4.7,1600000000
78,300019,4.9,1600000000
18,300019,4.1,1600000000
71,300019,4.1,1600000000
30,300019,3.6,1600000000
63,300019,4.1,1600000000
87,300019,4.3,1600000000
77,300019,4.1,1600000000
82,300019,3.6,1600000000
41,300019,5.0,1600000000
1,300019,3.8,1600000000
96,300019,4.4,1600000000
42,300019,3.6,1600000000
67,300019,4.6,1600000000
80,300019,4.5,1600000000
97,300019,4.6,1600000000
28,300019,3.9,1600000000
74,300019,3.7,1600000000
17,300019,4.2,1600000000
56,300019,4.0,1600000000
20,300019,4.2,1600000000
72,300019,4.8,1600000000
3,300019,4.7,1600000000
69,300019,4.0,1600000000
68,300020,3.9,1600000000
25,300020,3.9,1600000000
46,300020,4.9,1600000000
94,300020,4.3,1600000000
23,300020,4.7,1600000000
28,300020,3.7,1600000000
88,300020,4.7,1600000000
52,300020,4.0,1600000000
64,300020,4.5,1600000000
84,300020,4.3,1600000000
31,300020,4.6,1600000000
92,300020,4.8,1600000000
57,300020,5.0,1600000000
67,300020,3.9,1600000000
14,300020,4.8,1600000000
21,300020,3.7,1600000000
33,300020,3.7,1600000000
90,300020,3.9,1600000000
9,300020,4.5,1600000000
47,300020,4.0,1600000000
12,300020,5.0,1600000000
59,300020,3.5,1600000000
17,300020,3.7,1600000000
16,300020,4.7,1600000000
99,300020,4.9,1600000000
4,300020,4.2,1600000000
13,300020,4.7,1600000000
11,300020,3.7,1600000000
61,300020,4.6,1600000000
26,300020,4.2,1600000000
32,300020,4.5,1600000000
7,300020,4.3,1600000000
87,300020,4.3,1600000000
34,300021,5.0,1600000000
87,300021,4.0,1600000000
45,300021,4.8,1600000000
3,300021,3.6,1600000000
12,300021,4.6,1600000000
36,300021,4.2,1600000000
25,300021,4.3,1600000000
64,300021,3.8,1600000000
59,300021,4.8,1600000000
6,300021,4.4,1600000000
47,300021,4.7,1600000000
74,300021,3.5,1600000000
38,300021,3.7,1600000000
48,300021,5.0,1600000000
10,300021,3.6,1600000000
26,300021,4.3,1600000000
31,300021,4.4,1600000000
83,300021,3.5,1600000000
1,300021,3.7,1600000000
60,300021,5.0,1600000000
2,300021,4.1,1600000000
49,300021,4.3,1600000000
99,300021,4.1,1600000000
95,300021,4.6,1600000000
23,300021,4.5,1600000000
21,300021,4.0,1600000000
32,300021,3.8,1600000000
4,300021,4.1,1600000000
16,300021,3.5,1600000000
55,300021,4.8,1600000000
97,300021,4.6,1600000000
98,300021,3.7,1600000000
57,300021,4.1,1600000000
22,300021,4.4,1600000000
92,300021,4.4,1600000000
54,300021,4.8,1600000000
39,300021,3.6,1600000000
58,300021,4.0,1600000000
73,300021,3.7,1600000000
61,300021,3.8,1600000000
94,300021,4.8,1600000000
88,300021,4.7,1600000000
42,300021,3.9,1600000000
96,300021,4.5,1600000000
37,300021,4.7,1600000000
17,300021,4.1,1600000000
19,300021,4.6,1600000000
56,300021,4.9,1600000000
43,300021,3.8,1600000000
51,300021,4.4,1600000000
7,300021,4.2,1600000000
65,300021,3.6,1600000000
40,300021,4.8,1600000000
68,300021,4.9,1600000000
67,300021,3.5,1600000000
79,300021,4.5,1600000000
77,300021,3.9,1600000000
28,300021,3.7,1600000000
52,300021,4.0,1600000000
29,300021,3.7,1600000000
91,300021,4.1,1600000000
89,300021,4.7,1600000000
27,300021,4.8,1600000000
90,300021,4.7,1600000000
76,300021,4.5,1600000000
69,300021,4.6,1600000000
80,300021,3.6,1600000000
9,300021,4.0,1600000000
82,300021,4.5,1600000000
18,300021,3.5,1600000000
85,300021,3.8,1600000000
38,300022,3.9,1600000000
63,300022,4.7,1600000000
19,300022,4.3,1600000000
80,300022,4.4,1600000000
64,300022,4.8,1600000000
67,300022,3.8,1600000000
57,300022,5.0,1600000000
74,300022,5.0,1600000000
71,300022,4.4,1600000000
92,300022,4.0,1600000000
69,300022,4.2,1600000000
2,300022,4.2,1600000000
54,300022,4.5,1600000000
76,300022,4.2,1600000000
90,300022,4.9,1600000000
87,300022,4.4,1600000000
66,300022,4.3,1600000000
23,300022,4.7,1600000000
18,300022,4.8,1600000000
9,300022,4.9,1600000000
34,300022,4.2,1600000000
36,300022,4.0,1600000000
37,300022,3.8,1600000000
61,300022,4.9,1600000000
31,300022,4.4,1600000000
13,300022,3.6,1600000000
56,300022,4.5,1600000000
16,300022,3.9,1600000000
1,300022,3.8,1600000000
10,300022,5.0,1600000000
7,300022,4.5,1600000000
78,300022,4.5,1600000000
32,300022,3.8,1600000000
93,300022,4.3,1600000000
84,300022,4.7,1600000000
22,300022,3.7,1600000000
42,300022,3.6,1600000000
35,300022,3.5,1600000000
44,300022,4.0,1600000000
6,300022,4.4,1600000000
95,300022,4.2,1600000000
3,300022,5.0,1600000000
30,300022,4.3,1600000000
58,300022,4.7,1600000000
24,300022,4.9,1600000000
27,300022,4.4,1600000000
83,300022,4.0,1600000000
53,300022,3.9,1600000000
28,300022,4.3,1600000000
81,300022,4.6,1600000000
97,300022,4.2,1600000000
47,300022,3.8,1600000000
50,300022,4.0,1600000000
39,300022,4.6,1600000000
8,300022,4.9,1600000000
15,300023,4.6,1600000000
14,300023,3.9,1600000000
23,300023,4.9,1600000000
8,300023,4.1,1600000000
22,300023,3.5,1600000000
76,300023,5.0,1600000000
48,300023,5.0,1600000000
80,300023,4.6,1600000000
57,300023,4.6,1600000000
47,300023,4.8,1600000000
58,300023,3.7,1600000000
26,300023,4.2,1600000000
67,300023,4.1,1600000000
27,300023,3.9,1600000000
40,300023,4.8,1600000000
98,300023,4.4,1600000000
73,300023,3.8,1600000000
13,300023,4.8,1600000000
52,300023,4.2,1600000000
94,300023,4.1,1600000000
5,300023,4.8,1600000000
61,300023,4.1,1600000000
95,300023,3.6,1600000000
24,300023,3.9,1600000000
34,300023,4.8,1600000000
96,300023,4.0,1600000000
11,300023,4.4,1600000000
62,300023,3.8,1600000000
39,300023,4.5,1600000000
4,300023,4.9,1600000000
74,300023,4.2,1600000000
31,300023,4.8,1600000000
6,300023,4.3,1600000000
16,300023,3.9,1600000000
25,300023,4.6,1600000000
82,300023,4.8,1600000000
37,300023,3.5,1600000000
97,300023,4.8,1600000000
59,300023,4.5,1600000000
20,300023,3.6,1600000000
10,300023,4.9,1600000000
78,300023,4.4,1600000000
35,300023,4.4,1600000000
9,300023,4.3,1600000000
56,300023,4.2,1600000000
42,300023,4.7,1600000000
81,300023,3.8,1600000000
65,300023,4.5,1600000000
84,300023,4.4,1600000000
3,300023,4.9,1600000000
69,300023,4.5,1600000000
17,300023,4.4,1600000000
93,300023,3.7,1600000000
19,300023,4.5,1600000000
53,300024,3.6,1600000000
81,300024,3.9,1600000000
96,300024,4.0,1600000000
25,300024,3.8,1600000000
62,300024,4.4,1600000000
47,300024,4.7,1600000000
67,300024,4.6,1600000000
60,300024,4.4,1600000000
93,300024,4.4,1600000000
42,300024,4.4,1600000000
55,300024,5.0,1600000000
39,300024,3.6,1600000000
54,300024,4.3,1600000000
64,300024,3.7,1600000000
59,300024,4.8,1600000000
76,300024,4.8,1600000000
23,300024,4.7,1600000000
69,300024,4.3,1600000000
90,300024,4.4,1600000000
2,300024,4.6,1600000000
19,300024,4.0,1600000000
4,300024,4.1,1600000000
1,300024,5.0,1600000000
26,300024,4.0,1600000000
43,300024,3.6,1600000000
15,300024,4.0,1600000000
33,300024,4.0,1600000000
27,300024,4.3,1600000000
46,300024,4.0,1600000000
71,300024,4.3,1600000000
11,300024,4.6,1600000000
98,300024,3.8,1600000000
28,300024,4.7,1600000000
68,300024,4.9,1600000000
7,300024,3.6,1600000000
95,300024,3.9,1600000000
82,300024,4.0,1600000000
40,300024,4.3,1600000000
21,300024,3.6,1600000000
78,300024,4.1,1600000000
9,300024,4.1,1600000000
34,300024,4.7,1600000000
30,300024,3.6,1600000000
22,300024,4.2,1600000000
65,300024,4.3,1600000000
75,300024,4.8,1600000000
35,300024,4.8,1600000000
77,300024,3.6,1600000000
63,300024,5.0,1600000000
14,300024,4.5,1600000000
36,300024,3.9,1600000000
32,300024,4.4,1600000000
66,300024,4.1,1600000000
73,300024,4.9,1600000000
45,300024,4.4,1600000000
5,300024,3.8,1600000000
20,300024,4.4,1600000000
44,300024,4.5,1600000000
58,300024,4.0,1600000000
92,300024,4.4,1600000000
3,300024,3.8,1600000000
24,300024,4.9,1600000000
99,300025,4.8,1600000000
9,300025,4.8,1600000000
12,300025,4.0,1600000000
95,300025,3.8,1600000000
70,300025,3.5,1600000000
57,300025,4.9,1600000000
86,300025,3.7,1600000000
75,300025,4.9,1600000000
96,300025,4.0,1600000000
88,300025,4.4,1600000000
91,300025,4.6,1600000000
63,300025,4.5,1600000000
19,300025,4.0,1600000000
78,300025,4.3,1600000000
22,300025,4.6,1600000000
92,300025,3.7,1600000000
8,300025,4.3,1600000000
60,300025,4.0,1600000000
35,300025,4.1,1600000000
56,300025,3.6,1600000000
53,300025,4.1,1600000000
58,300025,5.0,1600000000
13,300025,4.5,1600000000
17,300025,4.9,1600000000
30,300025,4.1,1600000000
69,300025,4.4,1600000000
93,300025,4.2,1600000000
3,300025,3.8,1600000000
55,300025,3.7,1600000000
33,300025,4.1,1600000000
42,300025,4.3,1600000000
72,300025,4.0,1600000000
97,300025,4.2,1600000000
98,300025,4.7,1600000000
77,300025,4.3,1600000000
65,300025,4.0,1600000000
51,300025,4.1,1600000000
45,300025,4.7,1600000000
47,300025,4.6,1600000000
10,300025,4.9,1600000000
37,300025,4.2,1600000000
62,300025,4.2,1600000000
49,300025,4.9,1600000000
6,300025,4.5,1600000000
66,300025,4.8,1600000000
14,300025,3.6,1600000000
94,300025,4.7,1600000000
27,300025,3.7,1600000000
38,300025,3.5,1600000000
68,300025,4.7,1600000000
79,300025,4.7,1600000000
28,300025,3.9,1600000000
41,300025,3.7,1600000000
34,300025,4.1,1600000000
87,300025,4.7,1600000000
5,300025,4.8,1600000000
54,300025,4.4,1600000000
52,300025,4.0,1600000000
43,300025,4.0,1600000000
11,300025,4.4,1600000000
29,300025,4.6,1600000000
32,300025,5.0,1600000000
85,300025,3.8,1600000000
7,300025,3.6,1600000000
31,300025,4.0,1600000000
24,300025,4.0,1600000000
61,300025,3.8,1600000000
90,300025,4.5,1600000000
50,300025,4.9,1600000000
59,300025,4.6,1600000000
49,300026,4.0,1600000000
68,300026,3.9,1600000000
39,300026,4.4,1600000000
84,300026,4.0,1600000000
88,300026,4.4,1600000000
66,300026,4.6,1600000000
24,300026,4.1,1600000000
16,300026,4.5,1600000000
97,300026,4.7,1600000000
61,300026,4.8,1600000000
87,300026,3.8,1600000000
79,300026,3.9,1600000000
96,300026,3.6,1600000000
37,300026,4.6,1600000000
27,300026,3.5,1600000000
36,300026,4.0,1600000000
3,300026,4.0,1600000000
12,300026,4.7,1600000000
95,300026,4.6,1600000000
70,300026,4.6,1600000000
98,300026,4.3,1600000000
81,300026,3.8,1600000000
91,300026,4.8,1600000000
51,300026,3.8,1600000000
63,300026,4.5,1600000000
99,300026,4.7,1600000000
44,300026,4.0,1600000000
19,300026,4.8,1600000000
18,300026,4.1,1600000000
21,300026,4.2,1600000000
94,300026,3.7,1600000000
9,300026,4.8,1600000000
7,300026,3.6,1600000000
72,300026,4.7,1600000000
45,300026,3.8,1600000000
82,300026,3.8,1600000000
50,300026,4.8,1600000000
55,300026,4.8,1600000000
1,300026,4.3,1600000000
92,300026,4.4,1600000000
74,300026,4.1,1600000000
75,300026,3.5,1600000000
34,300026,5.0,1600000000
6,300026,4.8,1600000000
20,300026,4.0,1600000000
65,300026,4.7,1600000000
78,300026,3.9,1600000000
15,300026,4.6,1600000000
31,300026,3.6,1600000000
13,300026,4.2,1600000000
29,300026,4.0,1600000000
86,300026,3.8,1600000000
8,300026,4.0,1600000000
64,300026,4.5,1600000000
26,300026,4.9,1600000000
60,300026,4.2,1600000000
47,300026,3.8,1600000000
67,300026,3.9,1600000000
93,300026,4.5,1600000000
29,300027,4.0,1600000000
45,300027,4.9,1600000000
37,300027,4.3,1600000000
71,300027,3.9,1600000000
38,300027,3.8,1600000000
39,300027,4.3,1600000000
46,300027,4.6,1600000000
52,300027,5.0,1600000000
96,300027,4.2,1600000000
19,300027,4.6,1600000000
35,300027,3.9,1600000000
94,300027,4.2,1600000000
76,300027,3.8,1600000000
95,300027,4.8,1600000000
53,300027,4.8,1600000000
90,300027,4.0,1600000000
92,300027,5.0,1600000000
72,300027,4.4,1600000000
27,300027,4.4,1600000000
16,300027,4.5,1600000000
84,300027,4.4,1600000000
88,300027,4.0,1600000000
89,300027,4.5,1600000000
40,300027,4.1,1600000000
1,300027,4.6,1600000000
97,300027,4.2,1600000000
47,300027,4.6,1600000000
6,300027,3.6,1600000000
7,300027,4.3,1600000000
31,300027,3.5,1600000000
2,300027,3.8,1600000000
37,300028,4.6,1600000000
74,300028,4.2,1600000000
67,300028,4.2,1600000000
46,300028,4.0,1600000000
55,300028,3.6,1600000000
94,300028,4.8,1600000000
10,300028,4.2,1600000000
23,300028,4.7,1600000000
86,300028,4.4,1600000000
71,300028,3.7,1600000000
22,300028,3.7,1600000000
43,300028,3.6,1600000000
33,300028,4.1,1600000000
92,300028,3.7,1600000000
8,300028,3.8,1600000000
5,300028,4.5,1600000000
39,300028,3.6,1600000000
63,300028,4.1,1600000000
56,300028,3.7,1600000000
62,300028,3.8,1600000000
31,300028,4.7,1600000000
51,300028,4.3,1600000000
52,300028,3.6,1600000000
64,300028,4.7,1600000000
3,300028,4.7,1600000000
11,300028,4.6,1600000000
45,300028,3.9,1600000000
93,300028,3.7,1600000000
84,300028,4.0,1600000000
6,300028,4.0,1600000000
42,300028,4.4,1600000000
13,300028,4.2,1600000000
48,300028,3.8,1600000000
47,300028,4.3,1600000000
87,300028,4.2,1600000000
72,300028,4.3,1600000000
58,300028,4.9,1600000000
70,300028,5.0,1600000000
41,300028,4.3,1600000000
80,300028,4.6,1600000000
96,300028,4.5,1600000000
24,300028,4.5,1600000000
28,300028,4.7,1600000000
20,300028,4.9,1600000000
69,300028,4.9,1600000000
79,300028,4.4,1600000000
17,300028,4.7,1600000000
38,300028,4.6,1600000000
65,300028,4.2,1600000000
50,300028,4.0,1600000000
95,300028,4.5,1600000000
15,300028,4.3,1600000000
34,300028,4.9,1600000000
47,300029,4.6,1600000000
37,300029,3.8,1600000000
32,300029,3.7,1600000000
76,300029,4.0,1600000000
49,300029,4.0,1600000000
54,300029,4.1,1600000000
98,300029,4.3,1600000000
52,300029,4.8,1600000000
8,300029,4.8,1600000000
96,300029,5.0,1600000000
11,300029,4.0,1600000000
67,300029,3.6,1600000000
71,300029,4.4,1600000000
84,300029,4.9,1600000000
17,300029,4.2,1600000000
3,300029,3.7,1600000000
75,300029,4.8,1600000000
88,300029,4.6,1600000000
91,300029,3.6,1600000000
21,300029,4.2,1600000000
16,300029,3.6,1600000000
27,300029,4.2,1600000000
63,300029,4.7,1600000000
68,300029,4.0,1600000000
79,300029,3.5,1600000000
10,300029,4.2,1600000000
33,300029,4.2,1600000000
2,300029,4.8,1600000000
57,300029,4.4,1600000000
22,300029,4.3,1600000000
97,300029,4.4,1600000000
34,300029,4.9,1600000000
5,300029,4.1,1600000000
92,300029,4.1,1600000000
43,300029,4.9,1600000000
36,300029,3.7,1600000000
86,300029,4.7,1600000000
82,300029,3.9,1600000000
58,300029,4.7,1600000000
72,300029,4.6,1600000000
93,300029,5.0,1600000000
7,300029,4.5,1600000000
1,300029,3.6,1600000000
23,300029,3.5,1600000000
30,300029,4.6,1600000000
18,300029,3.5,1600000000
55,300029,4.1,1600000000
81,300029,4.6,1600000000
69,300029,4.7,1600000000
80,300029,4.0,1600000000
4,300029,4.6,1600000000
6,300029,4.7,1600000000
38,300029,4.6,1600000000
70,300029,5.0,1600000000
59,300029,4.6,1600000000
95,300029,3.5,1600000000
40,300029,4.4,1600000000
46,300029,4.8,1600000000
41,300029,3.7,1600000000
60,300029,4.0,1600000000
12,300029,3.5,1600000000
89,300029,4.4,1600000000
14,300029,4.0,1600000000
66,300029,5.0,1600000000
50,300029,3.5,1600000000
19,300029,4.5,1600000000
77,300029,4.1,1600000000
25,300029,3.9,1600000000
29,300029,3.6,1600000000
20,300029,4.4,1600000000
60,300030,3.5,1600000000
42,300030,4.4,1600000000
97,300030,3.9,1600000000
86,300030,3.5,1600000000
32,300030,4.9,1600000000
6,300030,4.3,1600000000
68,300030,3.8,1600000000
27,300030,4.5,1600000000
26,300030,3.8,1600000000
70,300030,4.1,1600000000
12,300030,4.5,1600000000
94,300030,4.1,1600000000
50,300030,4.6,1600000000
16,300030,3.7,1600000000
87,300030,3.7,1600000000
49,300030,4.9,1600000000
63,300030,4.9,1600000000
96,300030,4.3,1600000000
81,300030,4.8,1600000000
89,300030,4.0,1600000000
53,300030,3.7,1600000000
40,300030,4.8,1600000000
18,300030,3.9,1600000000
14,300030,4.6,1600000000
15,300030,4.6,1600000000
95,300030,3.6,1600000000
54,300030,4.0,1600000000
46,300030,4.4,1600000000
43,300030,3.5,1600000000
35,300030,4.0,1600000000
3,300030,4.4,1600000000
84,300030,3.6,1600000000
59,300030,3.6,1600000000
34,300030,3.8,1600000000
57,300030,4.0,1600000000
36,300030,3.6,1600000000
48,300030,3.9,1600000000
80,300030,3.6,1600000000
45,300030,4.1,1600000000
37,300030,4.0,1600000000
41,300030,3.6,1600000000
58,300030,4.1,1600000000
83,300030,3.7,1600000000
7,300030,4.9,1600000000
29,300030,4.9,1600000000
76,300030,3.6,1600000000
77,300030,3.7,1600000000
28,300030,5.0,1600000000
33,300030,4.8,1600000000
78,300030,3.6,1600000000
31,300030,3.9,1600000000
99,300030,3.9,1600000000
17,300030,3.8,1600000000
44,300030,4.1,1600000000
79,300030,4.4,1600000000
25,300030,4.9,1600000000
85,300030,3.9,1600000000
9,300030,3.7,1600000000
72,300030,3.7,1600000000
38,300030,4.5,1600000000
75,300030,3.6,1600000000
62,300030,3.6,1600000000
82,300030,3.9,1600000000
8,300030,4.4,1600000000
91,300030,4.2,1600000000
88,300030,4.0,1600000000
56,300030,4.4,1600000000
13,300030,5.0,1600000000
4,300030,4.2,1600000000
5,300030,4.8,1600000000
39,300030,4.7,1600000000
98,300030,4.8,1600000000
21,300030,3.9,1600000000
1,300030,4.5,1600000000
64,300030,4.1,1600000000
73,300030,4.4,1600000000
65,300030,4.7,1600000000
61,300030,3.8,1600000000
55,300031,4.7,1600000000
7,300031,4.7,1600000000
72,300031,4.9,1600000000
50,300031,3.6,1600000000
60,300031,3.6,1600000000
21,300031,3.7,1600000000
1,300031,3.6,1600000000
68,300031,3.8,1600000000
80,300031,3.5,1600000000
38,300031,4.4,1600000000
71,300031,4.3,1600000000
19,300031,3.9,1600000000
14,300031,3.7,1600000000
43,300031,3.9,1600000000
8,300031,4.8,1600000000
9,300031,4.1,1600000000
13,300031,4.5,1600000000
23,300031,3.8,1600000000
79,300031,3.8,1600000000
54,300031,4.9,1600000000
53,300031,4.9,1600000000
12,300031,4.8,1600000000
81,300031,4.1,1600000000
73,300031,3.7,1600000000
66,300031,3.7,1600000000
76,300031,4.3,1600000000
45,300031,4.5,1600000000
95,300031,4.5,1600000000
89,300031,3.5,1600000000
69,300031,4.5,1600000000
27,300031,4.5,1600000000
11,300031,4.8,1600000000
35,300031,3.8,1600000000
37,300031,3.9,1600000000
30,300031,4.5,1600000000
92,300031,4.7,1600000000
28,300031,4.9,1600000000
99,300031,5.0,1600000000
24,300031,4.2,1600000000
52,300031,3.8,1600000000
40,300031,4.0,1600000000
20,300031,5.0,1600000000
58,300031,3.6,1600000000
25,300031,4.2,1600000000
49,300031,4.3,1600000000
57,300031,3.7,1600000000
63,300031,4.9,1600000000
96,300031,4.2,1600000000
82,300031,4.6,1600000000
42,300031,4.8,1600000000
36,300031,3.7,1600000000
67,300031,3.7,1600000000
22,300031,3.7,1600000000
26,300031,3.9,1600000000
3,300032,3.7,1600000000
11,300032,3.6,1600000000
55,300032,4.6,1600000000
47,300032,4.9,1600000000
39,300032,4.2,1600000000
24,300032,4.7,1600000000
22,300032,3.6,1600000000
86,300032,4.3,1600000000
79,300032,4.3,1600000000
26,300032,4.2,1600000000
57,300032,4.8,1600000000
52,300032,4.4,1600000000
50,300032,4.1,1600000000
44,300032,4.1,1600000000
32,300032,5.0,1600000000
19,300032,4.4,1600000000
69,300032,4.9,1600000000
93,300032,3.7,1600000000
74,300032,4.3,1600000000
30,300032,5.0,1600000000
66,300032,4.1,1600000000
28,300032,4.7,1600000000
5,300032,4.6,1600000000
18,300032,4.4,1600000000
42,300032,4.3,1600000000
75,300032,3.7,1600000000
45,300032,3.9,1600000000
99,300032,3.8,1600000000
38,300032,3.9,1600000000
87,300032,3.5,1600000000
68,300032,4.1,1600000000
85,300032,3.8,1600000000
36,300032,4.6,1600000000
37,300032,3.7,1600000000
34,300032,4.9,1600000000
43,300032,3.7,1600000000
91,300032,4.9,1600000000
46,300032,4.0,1600000000
27,300033,4.5,1600000000
58,300033,3.7,1600000000
96,300033,3.7,1600000000
52,300033,4.4,1600000000
14,300033,4.9,1600000000
69,300033,4.9,1600000000
67,300033,3.8,1600000000
38,300033,3.7,1600000000
77,300033,4.7,1600000000
65,300033,3.9,1600000000
54,300033,3.6,1600000000
5,300033,3.5,1600000000
44,300033,3.9,1600000000
21,300033,4.8,1600000000
17,300033,4.6,1600000000
85,300033,4.4,1600000000
55,300033,4.3,1600000000
47,300033,3.8,1600000000
53,300033,4.3,1600000000
7,300033,3.5,1600000000
39,300033,4.7,1600000000
61,300033,4.2,1600000000
56,300033,3.9,1600000000
28,300033,3.5,1600000000
45,300033,3.7,1600000000
26,300033,3.5,1600000000
92,300033,3.8,1600000000
1,300033,4.4,1600000000
84,300033,4.7,1600000000
60,300033,4.3,1600000000
24,300033,4.7,1600000000
72,300033,4.6,1600000000
62,300033,4.8,1600000000
23,300033,4.0,1600000000
11,300033,4.5,1600000000
43,300033,4.5,1600000000
95,300033,4.6,1600000000
87,300033,4.5,1600000000
25,300033,4.3,1600000000
3,300033,4.3,1600000000
40,300033,4.9,1600000000
49,300033,4.0,1600000000
57,300033,4.6,1600000000
32,300033,4.3,1600000000
46,300033,3.8,1600000000
59,300033,4.8,1600000000
94,300033,4.3,1600000000
15,300033,4.3,1600000000
41,300033,4.6,1600000000
33,300033,4.7,1600000000
35,300033,3.5,1600000000
93,300033,4.6,1600000000
68,300033,4.3,1600000000
71,300033,3.9,1600000000
19,300033,3.8,1600000000
42,300033,4.3,1600000000
30,300033,5.0,1600000000
36,300033,3.6,1600000000
2,300033,4.3,1600000000
86,300033,3.6,1600000000
4,300033,3.6,1600000000
83,300033,4.2,1600000000
8,300033,3.7,1600000000
75,300033,4.7,1600000000
12,300033,4.0,1600000000
10,300033,4.8,1600000000
64,300033,5.0,1600000000
70,300033,3.7,1600000000
97,300033,3.6,1600000000
48,300033,4.7,1600000000
29,300033,4.3,1600000000
20,300033,4.0,1600000000
27,300034,4.0,1600000000
57,300034,4.9,1600000000
45,300034,3.8,1600000000
20,300034,3.6,1600000000
71,300034,4.8,1600000000
58,300034,3.7,1600000000
51,300034,4.9,1600000000
16,300034,4.8,1600000000
69,300034,3.6,1600000000
56,300034,4.3,1600000000
99,300034,4.3,1600000000
73,300034,4.6,1600000000
42,300034,4.8,1600000000
13,300034,4.5,1600000000
31,300034,3.7,1600000000
98,300034,3.9,1600000000
44,300034,3.8,1600000000
30,300034,3.8,1600000000
33,300034,4.2,1600000000
32,300034,3.7,1600000000
12,300034,4.6,1600000000
84,300034,4.3,1600000000
85,300034,3.9,1600000000
6,300034,4.2,1600000000
48,300034,3.6,1600000000
86,300034,4.4,1600000000
53,300034,4.6,1600000000
61,300034,3.8,1600000000
62,300034,4.7,1600000000
10,300034,4.6,1600000000
52,300034,4.3,1600000000
17,300034,4.9,1600000000
70,300034,4.0,1600000000
68,300034,4.1,1600000000
21,300034,3.9,1600000000
89,300034,4.1,1600000000
95,300034,3.7,1600000000
82,300034,4.0,1600000000
47,300034,3.8,1600000000
5,300034,4.5,1600000000
76,300034,4.1,1600000000
67,300034,4.9,1600000000
23,300034,4.7,1600000000
49,300034,4.2,1600000000
96,300034,4.6,1600000000
37,300034,4.5,1600000000
34,300034,4.3,1600000000
46,300034,4.3,1600000000
94,300034,4.6,1600000000
80,300034,4.6,1600000000
39,300034,4.7,1600000000
90,300034,3.9,1600000000
19,300034,4.1,1600000000
24,300034,4.8,1600000000
64,300034,4.3,1600000000
14,300034,3.6,1600000000
29,300034,4.0,1600000000
1,300034,3.7,1600000000
4,300034,4.5,1600000000
35,300034,4.1,1600000000
78,300034,3.9,1600000000
55,300034,5.0,1600000000
63,300034,4.2,1600000000
18,300034,3.6,1600000000
11,300034,4.9,1600000000
15,300034,4.9,1600000000
59,300034,4.6,1600000000
36,300034,4.2,1600000000
26,300034,3.9,1600000000
22,300034,4.9,1600000000
7,300034,3.7,1600000000
50,300034,3.9,1600000000
66,300034,3.7,1600000000
75,300034,4.1,1600000000
2,300034,3.9,1600000000
36,300035,3.7,1600000000
22,300035,3.7,1600000000
13,300035,4.8,1600000000
71,300035,3.9,1600000000
57,300035,5.0,1600000000
9,300035,3.9,1600000000
50,300035,4.1,1600000000
92,300035,3.8,1600000000
44,300035,4.0,1600000000
99,300035,4.5,1600000000
59,300035,4.4,1600000000
2,300035,4.4,1600000000
90,300035,3.6,1600000000
87,300035,3.9,1600000000
19,300035,3.6,1600000000
97,300035,3.7,1600000000
84,300035,4.8,1600000000
61,300035,4.5,1600000000
83,300035,3.7,1600000000
47,300035,3.9,1600000000
24,300035,3.6,1600000000
41,300035,4.8,1600000000
78,300035,4.6,1600000000
11,300035,4.7,1600000000
86,300035,4.4,1600000000
8,300035,4.3,1600000000
42,300035,4.4,1600000000
48,300035,4.7,1600000000
79,300035,3.8,1600000000
21,300035,3.8,1600000000
75,300035,3.9,1600000000
73,300035,3.9,1600000000
95,300035,3.7,1600000000
28,300035,3.9,1600000000
65,300035,4.2,1600000000
94,300035,4.9,1600000000
17,300035,4.8,1600000000
52,300035,4.9,1600000000
55,300035,4.1,1600000000
16,300035,4.8,1600000000
20,300035,4.5,1600000000
38,300035,4.8,1600000000
18,300035,5.0,1600000000
60,300035,3.9,1600000000
53,300035,4.8,1600000000
27,300035,4.0,1600000000
56,300035,4.1,1600000000
66,300035,3.9,1600000000
35,300035,4.0,1600000000
34,300035,4.3,1600000000
70,300035,4.8,1600000000
54,300035,3.6,1600000000
88,300036,4.4,1600000000
33,300036,3.8,1600000000
34,300036,4.9,1600000000
41,300036,5.0,1600000000
76,300036,4.8,1600000000
19,300036,3.9,1600000000
44,300036,3.5,1600000000
65,300036,4.4,1600000000
7,300036,4.6,1600000000
79,300036,4.7,1600000000
96,300036,4.8,1600000000
17,300036,4.3,1600000000
66,300036,4.6,1600000000
73,300036,4.9,1600000000
70,300036,4.8,1600000000
13,300036,3.7,1600000000
63,300036,3.6,1600000000
77,300036,3.6,1600000000
74,300036,5.0,1600000000
38,300036,4.0,1600000000
94,300036,3.8,1600000000
87,300036,4.3,1600000000
15,300036,3.7,1600000000
93,300036,5.0,1600000000
22,300036,4.3,1600000000
78,300036,4.5,1600000000
8,300036,4.0,1600000000
85,300036,4.9,1600000000
69,300036,3.8,1600000000
16,300036,4.1,1600000000
6,300036,3.7,1600000000
95,300036,4.2,1600000000
24,300036,3.7,1600000000
48,300036,4.6,1600000000
4,300036,4.7,1600000000
92,300036,4.5,1600000000
95,300037,4.6,1600000000
25,300037,5.0,1600000000
3,300037,4.7,1600000000
76,300037,4.9,1600000000
94,300037,4.6,1600000000
5,300037,4.5,1600000000
70,300037,3.8,1600000000
66,300037,4.6,1600000000
72,300037,3.8,1600000000
33,300037,4.3,1600000000
53,300037,4.4,1600000000
39,300037,4.7,1600000000
22,300037,4.1,1600000000
87,300037,3.8,1600000000
36,300037,4.1,1600000000
75,300037,4.5,1600000000
15,300037,3.5,1600000000
9,300037,4.2,1600000000
78,300037,4.8,1600000000
27,300037,4.7,1600000000
38,300037,4.1,1600000000
73,300037,4.4,1600000000
74,300037,4.4,1600000000
41,300037,4.0,1600000000
42,300037,3.8,1600000000
63,300037,3.5,1600000000
47,300037,4.1,1600000000
43,300037,4.5,1600000000
96,300037,3.8,1600000000
80,300037,4.2,1600000000
93,300037,3.9,1600000000
88,300037,4.8,1600000000
34,300037,4.6,1600000000
7,300037,4.3,1600000000
14,300037,4.7,1600000000
92,300037,4.4,1600000000
91,300037,4.0,1600000000
54,300037,4.5,1600000000
62,300037,4.2,1600000000
65,300037,4.4,1600000000
19,300037,4.2,1600000000
26,300037,4.8,1600000000
21,300037,4.9,1600000000
24,300037,3.9,1600000000
18,300037,4.8,1600000000
55,300037,4.8,1600000000
50,300037,4.6,1600000000
35,300037,3.6,1600000000
30,300037,4.2,1600000000
59,300037,4.4,1600000000
68,300037,4.7,1600000000
23,300037,4.2,1600000000
71,300037,4.2,1600000000
99,300037,4.7,1600000000
77,300037,3.9,1600000000
2,300037,4.6,1600000000
58,300037,3.7,1600000000
49,300037,4.9,1600000000
1,300037,3.9,1600000000
84,300037,3.5,1600000000
48,300037,3.9,1600000000
90,300037,3.9,1600000000
27,300038,4.3,1600000000
11,300038,3.6,1600000000
72,300038,4.0,1600000000
71,300038,4.4,1600000000
28,300038,4.0,1600000000
46,300038,3.8,1600000000
22,300038,3.9,1600000000
51,300038,4.3,1600000000
49,300038,4.8,1600000000
67,300038,4.4,1600000000
84,300038,4.5,1600000000
78,300038,4.5,1600000000
68,300038,4.8,1600000000
4,300038,3.6,1600000000
15,300038,4.0,1600000000
2,300038,4.1,1600000000
99,300038,4.3,1600000000
17,300038,4.9,1600000000
59,300038,3.7,1600000000
94,300038,4.2,1600000000
7,300038,4.3,1600000000
81,300038,4.6,1600000000
38,300038,4.8,1600000000
87,300038,3.7,1600000000
76,300038,4.1,1600000000
13,300038,3.9,1600000000
8,300038,4.4,1600000000
19,300038,3.9,1600000000
6,300038,3.6,1600000000
75,300038,3.7,1600000000
12,300038,4.7,1600000000
47,300038,4.9,1600000000
79,300038,4.8,1600000000
96,300038,3.6,1600000000
3,300038,3.9,1600000000
26,300038,4.7,1600000000
28,300039,4.0,1600000000
68,300039,3.6,1600000000
6,300039,3.6,1600000000
39,300039,4.1,1600000000
64,300039,4.0,1600000000
49,300039,4.8,1600000000
22,300039,4.5,1600000000
82,300039,4.0,1600000000
7,300039,4.1,1600000000
44,300039,4.5,1600000000
91,300039,4.9,1600000000
2,300039,4.6,1600000000
73,300039,4.0,1600000000
4,300039,4.1,1600000000
48,300039,3.8,1600000000
16,300039,4.9,1600000000
31,300039,3.8,1600000000
94,300039,3.7,1600000000
27,300039,4.5,1600000000
14,300039,5.0,1600000000
51,300039,3.5,1600000000
89,300039,4.2,1600000000
11,300039,4.4,1600000000
41,300039,3.6,1600000000
3,300039,4.2,1600000000
75,300039,4.6,1600000000
95,300039,3.5,1600000000
70,300039,4.6,1600000000
92,300039,4.7,1600000000
29,300039,3.7,1600000000
52,300039,4.2,1600000000
45,300039,4.7,1600000000
38,300039,4.9,1600000000
13,300039,4.9,1600000000
76,300039,4.5,1600000000
97,300039,4.3,1600000000
1,300039,4.6,1600000000
63,300039,4.7,1600000000
47,300039,3.6,1600000000
18,300039,4.1,1600000000
30,300039,4.8,1600000000
81,300039,4.0,1600000000
88,300040,4.6,1600000000
45,300040,4.9,1600000000
92,300040,4.8,1600000000
58,300040,4.8,1600000000
20,300040,4.9,1600000000
24,300040,4.7,1600000000
78,300040,4.9,1600000000
16,300040,4.8,1600000000
14,300040,4.5,1600000000
62,300040,4.6,1600000000
44,300040,5.0,1600000000
6,300040,4.7,1600000000
33,300040,4.8,1600000000
63,300040,5.0,1600000000
41,300040,4.8,1600000000
59,300040,4.8,1600000000
32,300040,4.6,1600000000
90,300040,4.8,1600000000
29,300040,4.6,1600000000
86,300040,4.6,1600000000
31,300040,4.8,1600000000
10,300040,4.9,1600000000
69,300040,4.5,1600000000
79,300040,4.8,1600000000
46,300040,4.8,1600000000
30,300040,4.7,1600000000
65,300040,4.8,1600000000
89,300040,4.7,1600000000
37,300040,4.7,1600000000
67,300040,4.7,1600000000
35,300040,4.8,1600000000
72,300040,4.9,1600000000
26,300040,4.8,1600000000
84,300040,4.6,1600000000
23,300040,4.9,1600000000
36,300040,4.6,1600000000
95,300040,5.0,1600000000
49,300040,4.6,1600000000
15,300040,4.8,1600000000
96,300040,4.7,1600000000
74,300040,4.9,1600000000
57,300040,4.7,1600000000
64,300040,4.9,1600000000
17,300040,4.9,1600000000
66,300040,5.0,1600000000
52,300040,4.8,1600000000
3,300040,4.6,1600000000
9,300040,4.8,1600000000
25,300040,4.8,1600000000
13,300040,4.9,1600000000
8,300040,5.0,1600000000
38,300040,4.6,1600000000
80,300040,4.9,1600000000
71,300040,4.6,1600000000
39,300040,4.6,1600000000
40,300040,5.0,1600000000
77,300040,4.7,1600000000
99,300040,4.5,1600000000
42,300040,4.8,1600000000
43,300040,4.7,1600000000
75,300040,4.7,1600000000
55,300040,4.8,1600000000
53,300040,4.9,1600000000
28,300040,4.6,1600000000
34,300040,4.7,1600000000
1,300040,4.8,1600000000
87,300040,4.6,1600000000
21,300040,4.9,1600000000
51,300040,4.9,1600000000
68,300040,4.9,1600000000
85,300040,4.8,1600000000
11,300040,4.9,1600000000
60,300040,5.0,1600000000
76,300040,4.9,1600000000
54,300040,5.0,1600000000
19,300040,4.6,1600000000
61,300040,4.7,1600000000
56,300040,4.6,1600000000
22,300040,4.6,1600000000
73,300040,4.9,1600000000
70,300040,4.9,1600000000
27,300040,4.8,1600000000
2,300040,4.5,1600000000
83,300040,4.8,1600000000
81,300040,4.5,1600000000
4,300040,5.0,1600000000
18,300040,4.5,1600000000
5,300040,4.9,1600000000
80,300041,3.9,1600000000
77,300041,4.8,1600000000
45,300041,3.8,1600000000
91,300041,3.7,1600000000
3,300041,4.6,1600000000
72,300041,4.6,1600000000
34,300041,4.6,1600000000
92,300041,4.4,1600000000
52,300041,4.6,1600000000
75,300041,4.2,1600000000
57,300041,3.5,1600000000
39,300041,4.9,1600000000
32,300041,3.5,1600000000
87,300041,4.1,1600000000
11,300041,4.3,1600000000
66,300041,4.2,1600000000
78,300041,4.7,1600000000
76,300041,4.8,1600000000
74,300041,3.6,1600000000
85,300041,4.9,1600000000
10,300041,3.7,1600000000
97,300041,4.9,1600000000
14,300041,3.9,1600000000
2,300041,4.1,1600000000
25,300041,4.2,1600000000
20,300041,3.8,1600000000
26,300041,3.9,1600000000
4,300041,4.7,1600000000
81,300041,4.3,1600000000
54,300041,4.5,1600000000
75,300042,5.0,1600000000
28,300042,4.0,1600000000
85,300042,3.5,1600000000
66,300042,3.9,1600000000
96,300042,3.5,1600000000
37,300042,3.7,1600000000
52,300042,4.6,1600000000
81,300042,3.5,1600000000
10,300042,4.0,1600000000
18,300042,4.4,1600000000
58,300042,4.9,1600000000
70,300042,4.8,1600000000
51,300042,3.8,1600000000
77,300042,3.7,1600000000
91,300042,4.9,1600000000
92,300042,4.2,1600000000
68,300042,4.6,1600000000
94,300042,3.6,1600000000
67,300042,3.8,1600000000
53,300042,4.9,1600000000
71,300042,5.0,1600000000
23,300042,4.2,1600000000
83,300042,4.3,1600000000
78,300042,4.7,1600000000
9,300042,3.9,1600000000
25,300042,4.2,1600000000
4,300042,3.9,1600000000
55,300042,3.8,1600000000
86,300042,4.4,1600000000
45,300042,3.7,1600000000
65,300042,4.6,1600000000
14,300042,3.8,1600000000
76,300042,3.9,1600000000
63,300042,4.7,1600000000
17,300042,4.9,1600000000
73,300042,4.8,1600000000
7,300042,4.7,1600000000
41,300042,4.9,1600000000
79,300042,4.7,1600000000
38,300042,4.6,1600000000
6,300042,3.9,1600000000
59,300042,4.3,1600000000
30,300042,4.4,1600000000
40,300042,3.5,1600000000
20,300042,4.9,1600000000
60,300042,4.7,1600000000
50,300042,4.7,1600000000
49,300042,4.8,1600000000
13,300042,4.7,1600000000
43,300042,4.3,1600000000
74,300042,4.8,1600000000
32,300042,5.0,1600000000
84,300042,4.8,1600000000
29,300042,4.5,1600000000
2,300042,4.8,1600000000
64,300042,4.5,1600000000
3,300042,4.5,1600000000
69,300042,3.8,1600000000
22,300042,3.9,1600000000
89,300042,4.5,1600000000
33,300042,3.7,1600000000
61,300042,4.3,1600000000
26,300042,3.8,1600000000
24,300042,4.4,1600000000
35,300042,3.8,1600000000
1,300042,4.6,1600000000
93,300042,4.4,1600000000
5,300042,3.6,1600000000
79,300043,4.0,1600000000
52,300043,4.7,1600000000
14,300043,3.8,1600000000
71,300043,4.9,1600000000
77,300043,4.2,1600000000
34,300043,3.8,1600000000
39,300043,4.8,1600000000
67,300043,4.9,1600000000
12,300043,4.1,1600000000
43,300043,4.3,1600000000
78,300043,4.4,1600000000
65,300043,4.1,1600000000
44,300043,5.0,1600000000
63,300043,4.6,1600000000
33,300043,4.8,1600000000
58,300043,4.6,1600000000
87,300043,3.5,1600000000
82,300043,5.0,1600000000
38,300043,4.2,1600000000
1,300043,3.6,1600000000
29,300043,4.6,1600000000
95,300043,4.2,1600000000
30,300043,4.0,1600000000
83,300043,4.7,1600000000
41,300043,3.6,1600000000
7,300043,4.1,1600000000
55,300043,4.9,1600000000
49,300043,4.4,1600000000
97,300043,4.4,1600000000
11,300043,4.5,1600000000
8,300043,4.8,1600000000
90,300043,4.1,1600000000
74,300043,4.3,1600000000
70,300043,4.6,1600000000
56,300043,4.3,1600000000
89,300043,4.0,1600000000
5,300043,3.5,1600000000
17,300043,4.8,1600000000
69,300043,4.3,1600000000
57,300043,4.3,1600000000
22,300043,3.7,1600000000
80,300043,4.0,1600000000
86,300043,4.4,1600000000
46,300043,4.3,1600000000
6,300043,4.4,1600000000
20,300043,4.6,1600000000
62,300043,3.6,1600000000
99,300043,4.7,1600000000
61,300043,4.8,1600000000
10,300043,4.8,1600000000
51,300043,4.2,1600000000
45,300043,4.8,1600000000
2,300043,3.7,1600000000
88,300043,4.4,1600000000
68,300043,3.9,1600000000
27,300043,4.2,1600000000
53,300043,3.9,1600000000
60,300043,4.7,1600000000
92,300043,4.7,1600000000
54,300043,4.1,1600000000
24,300043,4.1,1600000000
31,300043,4.1,1600000000
64,300044,3.9,1600000000
28,300044,4.6,1600000000
73,300044,4.6,1600000000
84,300044,3.8,1600000000
29,300044,3.9,1600000000
67,300044,3.5,1600000000
16,300044,4.2,1600000000
99,300044,4.3,1600000000
96,300044,4.3,1600000000
62,300044,3.6,1600000000
53,300044,3.6,1600000000
51,300044,3.8,1600000000
42,300044,4.8,1600000000
9,300044,3.8,1600000000
45,300044,3.9,1600000000
1,300044,4.8,1600000000
46,300044,4.7,1600000000
39,300044,3.8,1600000000
68,300044,3.8,1600000000
38,300044,3.7,1600000000
78,300044,3.7,1600000000
77,300044,3.8,1600000000
79,300044,4.4,1600000000
8,300044,4.9,1600000000
82,300044,3.9,1600000000
49,300044,4.5,1600000000
32,300044,3.6,1600000000
60,300044,4.4,1600000000
21,300044,3.6,1600000000
17,300044,4.1,1600000000
57,300044,4.5,1600000000
70,300044,4.0,1600000000
33,300044,4.3,1600000000
72,300044,4.5,1600000000
69,300044,4.3,1600000000
19,300044,3.5,1600000000
36,300044,4.4,1600000000
98,300044,4.4,1600000000
52,300044,5.0,1600000000
59,300044,4.6,1600000000
54,300044,4.7,1600000000
47,300044,5.0,1600000000
40,300044,4.5,1600000000
43,300044,3.9,1600000000
12,300044,3.8,1600000000
6,300044,3.9,1600000000
83,300044,4.0,1600000000
35,300044,3.8,1600000000
37,300044,3.8,1600000000
4,300044,5.0,1600000000
93,300044,4.2,1600000000
55,300044,3.9,1600000000
85,300044,3.5,1600000000
25,300044,4.3,1600000000
90,300044,4.0,1600000000
85,300045,4.7,1600000000
50,300045,4.4,1600000000
58,300045,4.7,1600000000
25,300045,4.3,1600000000
90,300045,4.0,1600000000
7,300045,4.2,1600000000
96,300045,4.5,1600000000
33,300045,4.0,1600000000
16,300045,4.4,1600000000
94,300045,4.4,1600000000
69,300045,4.6,1600000000
73,300045,4.3,1600000000
47,300045,4.0,1600000000
2,300045,4.3,1600000000
29,300045,4.8,1600000000
45,300045,4.7,1600000000
98,300045,4.0,1600000000
55,300045,3.9,1600000000
22,300045,3.6,1600000000
54,300045,4.6,1600000000
44,300045,3.5,1600000000
3,300045,4.5,1600000000
28,300045,3.9,1600000000
63,300045,4.5,1600000000
37,300045,4.0,1600000000
46,300045,4.8,1600000000
15,300045,4.4,1600000000
89,300045,4.6,1600000000
38,300045,3.5,1600000000
62,300045,4.6,1600000000
72,300045,4.1,1600000000
84,300045,4.2,1600000000
19,300045,4.2,1600000000
30,300045,4.3,1600000000
56,300045,3.6,1600000000
79,300045,4.5,1600000000
83,300045,4.9,1600000000
87,300045,4.4,1600000000
10,300045,4.0,1600000000
23,300045,3.6,1600000000
20,300045,3.7,1600000000
61,300045,4.6,1600000000
53,300045,4.7,1600000000
14,300045,4.5,1600000000
41,300045,4.3,1600000000
32,300045,3.5,1600000000
82,300045,4.7,1600000000
88,300045,4.2,1600000000
75,300045,4.2,1600000000
21,300045,3.8,1600000000
93,300045,4.7,1600000000
68,300045,4.1,1600000000
43,300045,4.6,1600000000
51,300045,3.7,1600000000
26,300045,4.9,1600000000
34,300045,3.7,1600000000
13,300045,4.5,1600000000
65,300045,4.5,1600000000
9,300045,4.4,1600000000
92,300045,4.9,1600000000
49,300045,3.6,1600000000
5,300045,4.6,1600000000
48,300045,5.0,1600000000
18,300045,3.9,1600000000
12,300045,4.9,1600000000
17,300045,4.5,1600000000
60,300045,4.8,1600000000
8,300045,4.1,1600000000
35,300045,4.7,1600000000
91,300045,4.8,1600000000
6,300045,4.6,1600000000
27,300046,3.5,1600000000
85,300046,4.9,1600000000
10,300046,3.8,1600000000
51,300046,4.6,1600000000
70,300046,4.5,1600000000
23,300046,3.9,1600000000
60,300046,4.7,1600000000
54,300046,4.4,1600000000
19,300046,4.1,1600000000
96,300046,3.7,1600000000
8,300046,4.9,1600000000
38,300046,4.2,1600000000
11,300046,4.2,1600000000
43,300046,4.4,1600000000
41,300046,4.2,1600000000
73,300046,4.2,1600000000
44,300046,4.9,1600000000
83,300046,4.1,1600000000
35,300046,3.6,1600000000
66,300046,3.5,1600000000
82,300046,4.0,1600000000
65,300046,3.9,1600000000
31,300046,3.9,1600000000
14,300046,4.3,1600000000
69,300046,3.9,1600000000
16,300046,4.8,1600000000
88,300046,4.6,1600000000
81,300046,4.0,1600000000
79,300046,3.9,1600000000
2,300046,3.8,1600000000
57,300046,5.0,1600000000
21,300046,4.0,1600000000
34,300046,4.8,1600000000
99,300046,4.8,1600000000
94,300046,4.1,1600000000
80,300046,4.1,1600000000
4,300046,3.7,1600000000
98,300046,4.8,1600000000
72,300046,3.8,1600000000
22,300046,4.1,1600000000
50,300046,4.6,1600000000
13,300046,4.1,1600000000
26,300046,3.5,1600000000
90,300046,4.8,1600000000
30,300046,4.3,1600000000
93,300046,4.5,1600000000
36,300046,3.7,1600000000
48,300046,4.3,1600000000
15,300046,4.3,1600000000
89,300046,4.3,1600000000
5,300046,3.9,1600000000
73,300047,4.5,1600000000
12,300047,4.8,1600000000
38,300047,3.5,1600000000
13,300047,4.1,1600000000
11,300047,4.9,1600000000
67,300047,5.0,1600000000
58,300047,3.7,1600000000
9,300047,4.8,1600000000
81,300047,4.8,1600000000
79,300047,4.7,1600000000
18,300047,3.6,1600000000
19,300047,4.7,1600000000
47,300047,4.0,1600000000
32,300047,4.6,1600000000
52,300047,4.5,1600000000
22,300047,4.6,1600000000
63,300047,4.8,1600000000
66,300047,4.3,1600000000
59,300047,3.9,1600000000
84,300047,4.3,1600000000
15,300047,4.8,1600000000
89,300047,3.5,1600000000
25,300047,4.6,1600000000
99,300047,4.0,1600000000
42,300047,3.8,1600000000
3,300047,4.1,1600000000
75,300047,3.6,1600000000
45,300047,3.8,1600000000
80,300047,4.7,1600000000
17,300047,4.7,1600000000
68,300047,3.5,1600000000
87,300047,4.9,1600000000
28,300047,4.3,1600000000
30,300047,4.6,1600000000
82,300047,3.9,1600000000
92,300047,4.9,1600000000
54,300047,4.3,1600000000
50,300047,4.4,1600000000
33,300047,4.0,1600000000
72,300047,5.0,1600000000
35,300047,4.6,1600000000
46,300047,4.1,1600000000
39,300047,4.2,1600000000
88,300047,4.8,1600000000
34,300047,4.3,1600000000
78,300047,4.3,1600000000
21,300047,4.5,1600000000
37,300047,4.8,1600000000
65,300047,4.1,1600000000
98,300047,3.9,1600000000
90,300047,4.8,1600000000
40,300047,4.2,1600000000
26,300047,4.1,1600000000
93,300047,3.6,1600000000
1,300047,4.7,1600000000
70,300047,3.8,1600000000
71,300047,3.6,1600000000
53,300047,4.7,1600000000
62,300047,4.4,1600000000
16,300047,4.1,1600000000
48,300047,4.4,1600000000
9,300048,3.7,1600000000
86,300048,3.8,1600000000
73,300048,4.7,1600000000
85,300048,3.5,1600000000
17,300048,3.5,1600000000
59,300048,3.6,1600000000
39,300048,5.0,1600000000
26,300048,4.5,1600000000
37,300048,4.7,1600000000
78,300048,4.9,1600000000
10,300048,4.9,1600000000
62,300048,4.3,1600000000
8,300048,3.7,1600000000
4,300048,4.4,1600000000
65,300048,4.2,1600000000
3,300048,3.7,1600000000
7,300048,4.1,1600000000
31,300048,4.3,1600000000
25,300048,4.8,1600000000
54,300048,4.6,1600000000
12,300048,3.8,1600000000
83,300048,3.8,1600000000
84,300048,4.9,1600000000
45,300048,3.5,1600000000
38,300048,4.4,1600000000
16,300048,4.6,1600000000
71,300048,4.3,1600000000
77,300048,3.9,1600000000
79,300048,4.3,1600000000
51,300048,4.0,1600000000
32,300048,3.8,1600000000
72,300048,4.7,1600000000
52,300048,4.3,1600000000
36,300048,3.7,1600000000
22,300048,4.7,1600000000
37,300049,3.8,1600000000
81,300049,4.8,1600000000
42,300049,4.3,1600000000
22,300049,4.6,1600000000
92,300049,4.4,1600000000
86,300049,4.4,1600000000
27,300049,4.9,1600000000
5,300049,3.9,1600000000
84,300049,3.6,1600000000
30,300049,4.1,1600000000
88,300049,4.5,1600000000
53,300049,3.7,1600000000
39,300049,3.9,1600000000
34,300049,3.5,1600000000
97,300049,4.4,1600000000
23,300049,4.1,1600000000
17,300049,4.6,1600000000
74,300049,3.8,1600000000
49,300049,4.2,1600000000
93,300049,3.8,1600000000
7,300049,4.9,1600000000
55,300049,3.7,1600000000
2,300049,4.5,1600000000
18,300049,3.8,1600000000
76,300049,4.9,1600000000
44,300049,4.4,1600000000
28,300049,4.0,1600000000
91,300049,3.7,1600000000
94,300049,3.6,1600000000
29,300049,3.6,1600000000
46,300049,4.4,1600000000
26,300049,4.1,1600000000
16,300049,4.5,1600000000
50,300049,3.5,1600000000
35,300049,3.8,1600000000
56,300049,5.0,1600000000
59,300049,3.9,1600000000
95,300049,3.7,1600000000
54,300049,4.2,1600000000
62,300049,4.1,1600000000
36,300050,3.7,1600000000
77,300050,4.3,1600000000
22,300050,3.8,1600000000
13,300050,4.1,1600000000
8,300050,3.8,1600000000
73,300050,4.1,1600000000
59,300050,4.5,1600000000
80,300050,4.7,1600000000
15,300050,4.2,1600000000
71,300050,4.5,1600000000
17,300050,4.9,1600000000
55,300050,4.0,1600000000
40,300050,4.3,1600000000
50,300050,5.0,1600000000
49,300050,4.8,1600000000
14,300050,4.4,1600000000
4,300050,4.4,1600000000
60,300050,4.9,1600000000
48,300050,4.7,1600000000
69,300050,4.0,1600000000
79,300050,3.8,1600000000
52,300050,4.5,1600000000
63,300050,5.0,1600000000
6,300050,3.9,1600000000
23,300050,4.6,1600000000
42,300050,3.7,1600000000
66,300050,4.6,1600000000
70,300050,3.5,1600000000
38,300050,4.7,1600000000
62,300050,4.9,1600000000
92,300050,3.9,1600000000
47,300050,4.8,1600000000
20,300050,4.6,1600000000
78,300050,4.2,1600000000
58,300050,4.2,1600000000
18,300050,3.8,1600000000
61,300050,4.5,1600000000
28,300050,4.4,1600000000
97,300050,4.8,1600000000
32,300050,4.6,1600000000
53,300050,3.9,1600000000
84,300050,3.9,1600000000
64,300050,4.7,1600000000
67,300050,3.8,1600000000
25,300050,4.8,1600000000
56,300050,4.7,1600000000
10,300050,4.8,1600000000
39,300050,4.6,1600000000
68,300050,4.2,1600000000
43,300050,4.6,1600000000
1,300050,5.0,1600000000
44,300050,4.2,1600000000
89,300050,3.7,1600000000
99,300050,4.2,1600000000
2,300050,4.1,1600000000
30,300050,4.1,1600000000
7,300050,4.8,1600000000
94,300050,4.5,1600000000
98,300050,4.7,1600000000
54,300050,3.7,1600000000
82,300050,4.9,1600000000
74,300050,3.8,1600000000
76,300050,4.8,1600000000
96,300050,3.7,1600000000
75,300050,4.2,1600000000
31,300050,4.4,1600000000
19,300050,3.7,1600000000
24,300050,3.8,1600000000
11,300050,3.8,1600000000
57,300050,4.1,1600000000
41,300050,3.9,1600000000
72,300050,4.9,1600000000
99,300051,3.7,1600000000
78,300051,3.7,1600000000
8,300051,3.9,1600000000
34,300051,4.5,1600000000
30,300051,4.9,1600000000
35,300051,4.7,1600000000
18,300051,3.8,1600000000
77,300051,3.8,1600000000
79,300051,4.5,1600000000
25,300051,4.0,1600000000
36,300051,3.7,1600000000
66,300051,4.8,1600000000
57,300051,4.5,1600000000
68,300051,3.6,1600000000
2,300051,3.7,1600000000
50,300051,4.5,1600000000
24,300051,3.6,1600000000
81,300051,4.2,1600000000
23,300051,4.9,1600000000
90,300051,3.7,1600000000
55,300051,3.8,1600000000
31,300051,4.0,1600000000
72,300051,4.9,1600000000
95,300051,5.0,1600000000
73,300051,4.1,1600000000
45,300051,4.0,1600000000
91,300051,4.2,1600000000
94,300051,4.7,1600000000
41,300051,4.5,1600000000
33,300051,4.6,1600000000
76,300051,3.8,1600000000
67,300051,3.7,1600000000
1,300051,4.3,1600000000
86,300051,4.3,1600000000
47,300051,3.7,1600000000
17,300051,4.1,1600000000
64,300051,4.0,1600000000
42,300051,3.5,1600000000
22,300051,4.8,1600000000
48,300051,4.2,1600000000
62,300051,3.7,1600000000
19,300051,4.5,1600000000
87,300051,3.8,1600000000
29,300051,4.0,1600000000
75,300051,4.5,1600000000
40,300052,4.8,1600000000
55,300052,4.9,1600000000
7,300052,3.8,1600000000
14,300052,4.9,1600000000
37,300052,3.8,1600000000
68,300052,4.8,1600000000
60,300052,4.1,1600000000
66,300052,3.9,1600000000
67,300052,4.5,1600000000
88,300052,3.6,1600000000
82,300052,4.1,1600000000
71,300052,4.6,1600000000
73,300052,3.5,1600000000
79,300052,3.8,1600000000
80,300052,4.5,1600000000
33,300052,4.4,1600000000
11,300052,4.7,1600000000
10,300052,4.1,1600000000
21,300052,3.6,1600000000
1,300052,3.9,1600000000
97,300052,3.5,1600000000
34,300052,3.7,1600000000
36,300052,3.8,1600000000
94,300052,3.6,1600000000
90,300052,4.0,1600000000
96,300052,4.9,1600000000
46,300052,3.7,1600000000
98,300052,3.7,1600000000
78,300052,3.8,1600000000
2,300052,4.9,1600000000
31,300052,4.1,1600000000
32,300052,4.4,1600000000
77,300052,4.2,1600000000
89,300052,4.5,1600000000
86,300052,4.6,1600000000
74,300052,3.6,1600000000
81,300052,4.9,1600000000
19,300052,4.1,1600000000
99,300052,4.4,1600000000
76,300052,3.8,1600000000
58,300052,4.4,1600000000
42,300052,5.0,1600000000
16,300052,4.6,1600000000
28,300052,4.0,1600000000
38,300052,4.3,1600000000
92,300052,3.6,1600000000
9,300052,3.7,1600000000
69,300052,3.6,1600000000
35,300052,3.6,1600000000
3,300052,4.6,1600000000
44,300052,4.5,1600000000
64,300052,3.6,1600000000
47,300052,4.3,1600000000
61,300052,4.7,1600000000
57,300052,4.2,1600000000
62,300052,4.2,1600000000
5,300052,4.5,1600000000
13,300052,4.6,1600000000
25,300052,4.9,1600000000
23,300052,5.0,1600000000
45,300052,4.8,1600000000
30,300052,5.0,1600000000
56,300052,3.8,1600000000
15,300052,4.9,1600000000
50,300052,4.7,1600000000
17,300052,4.3,1600000000
83,300052,4.8,1600000000
18,300052,3.5,1600000000
70,300052,4.5,1600000000
51,300052,3.5,1600000000
81,300053,4.3,1600000000
50,300053,4.6,1600000000
21,300053,4.3,1600000000
58,300053,3.6,1600000000
17,300053,4.5,1600000000
35,300053,3.9,1600000000
34,300053,4.9,1600000000
38,300053,4.3,1600000000
46,300053,4.7,1600000000
20,300053,4.2,1600000000
37,300053,4.4,1600000000
93,300053,4.2,1600000000
97,300053,5.0,1600000000
75,300053,4.8,1600000000
88,300053,4.5,1600000000
11,300053,3.9,1600000000
1,300053,4.8,1600000000
72,300053,4.7,1600000000
15,300053,3.6,1600000000
64,300053,3.5,1600000000
60,300053,3.9,1600000000
19,300053,4.4,1600000000
39,300053,4.3,1600000000
96,300053,4.7,1600000000
84,300053,3.8,1600000000
30,300053,4.6,1600000000
85,300053,3.6,1600000000
69,300053,4.6,1600000000
71,300053,4.5,1600000000
5,300053,3.8,1600000000
94,300053,3.8,1600000000
23,300053,3.9,1600000000
33,300053,4.5,1600000000
1,300054,3.9,1600000000
45,300054,4.3,1600000000
97,300054,3.9,1600000000
37,300054,4.7,1600000000
82,300054,4.3,1600000000
36,300054,4.8,1600000000
15,300054,4.2,1600000000
21,300054,4.5,1600000000
48,300054,4.0,1600000000
52,300054,3.5,1600000000
69,300054,5.0,1600000000
84,300054,4.0,1600000000
79,300054,4.4,1600000000
74,300054,4.2,1600000000
93,300054,4.8,1600000000
61,300054,3.5,1600000000
49,300054,4.4,1600000000
8,300054,4.1,1600000000
29,300054,3.8,1600000000
30,300054,4.1,1600000000
25,300054,3.9,1600000000
2,300054,4.8,1600000000
31,300054,4.3,1600000000
51,300054,4.0,1600000000
86,300054,3.8,1600000000
76,300054,4.6,1600000000
60,300054,4.7,1600000000
67,300054,4.9,1600000000
5,300054,4.7,1600000000
50,300054,4.9,1600000000
26,300054,4.8,1600000000
20,300054,4.7,1600000000
6,300054,4.1,1600000000
59,300054,3.8,1600000000
58,300054,4.5,1600000000
16,300054,3.7,1600000000
33,300054,4.1,1600000000
13,300054,4.4,1600000000
3,300054,4.7,1600000000
40,300054,4.7,1600000000
65,300054,4.4,1600000000
27,300054,3.6,1600000000
71,300054,4.3,1600000000
55,300054,3.8,1600000000
89,300054,4.2,1600000000
80,300054,3.6,1600000000
95,300055,4.6,1600000000
40,300055,4.8,1600000000
24,300055,3.6,1600000000
83,300055,4.8,1600000000
85,300055,4.7,1600000000
38,300055,4.3,1600000000
80,300055,4.9,1600000000
79,300055,3.9,1600000000
37,300055,3.8,1600000000
73,300055,4.5,1600000000
26,300055,3.8,1600000000
66,300055,3.7,1600000000
3,300055,3.9,1600000000
43,300055,3.5,1600000000
52,300055,3.8,1600000000
98,300055,4.4,1600000000
97,300055,4.7,1600000000
44,300055,4.6,1600000000
20,300055,3.9,1600000000
70,300055,3.6,1600000000
4,300055,3.6,1600000000
17,300055,4.8,1600000000
55,300055,5.0,1600000000
1,300055,4.1,1600000000
47,300055,3.6,1600000000
56,300055,4.3,1600000000
14,300055,3.8,1600000000
12,300055,4.8,1600000000
13,300055,3.9,1600000000
86,300055,4.3,1600000000
69,300055,3.8,1600000000
22,300055,3.5,1600000000
6,300055,3.9,1600000000
59,300055,4.7,1600000000
68,300055,3.9,1600000000
36,300055,3.8,1600000000
62,300055,5.0,1600000000
84,300055,4.1,1600000000
9,300055,3.6,1600000000
5,300055,4.9,1600000000
74,300055,3.7,1600000000
94,300055,4.5,1600000000
76,300055,3.9,1600000000
31,300055,4.2,1600000000
81,300055,4.8,1600000000
93,300055,3.8,1600000000
23,300055,3.6,1600000000
11,300055,3.9,1600000000
91,300055,4.3,1600000000
64,300055,4.9,1600000000
25,300055,3.8,1600000000
41,300055,3.7,1600000000
99,300055,4.0,1600000000
61,300055,3.6,1600000000
72,300055,4.5,1600000000
7,300055,4.3,1600000000
51,300055,3.8,1600000000
82,300055,3.5,1600000000
75,300055,4.2,1600000000
35,300055,4.4,1600000000
2,300055,4.1,1600000000
90,300055,4.4,1600000000
63,300055,4.9,1600000000
77,300055,4.0,1600000000
39,300055,3.9,1600000000
18,300055,4.9,1600000000
96,300055,4.4,1600000000
33,300055,5.0,1600000000
42,300055,3.8,1600000000
71,300055,3.7,1600000000
46,300055,3.9,1600000000
27,300055,3.7,1600000000
49,300055,4.2,1600000000
19,300055,4.5,1600000000
48,300055,4.7,1600000000
16,300055,3.7,1600000000
78,300055,4.7,1600000000
73,300056,4.5,1600000000
95,300056,3.6,1600000000
98,300056,4.9,1600000000
71,300056,3.8,1600000000
94,300056,4.1,1600000000
60,300056,3.5,1600000000
64,300056,4.7,1600000000
45,300056,4.1,1600000000
4,300056,4.5,1600000000
14,300056,4.4,1600000000
25,300056,3.6,1600000000
96,300056,4.9,1600000000
40,300056,4.7,1600000000
28,300056,4.1,1600000000
26,300056,4.0,1600000000
52,300056,3.8,1600000000
82,300056,4.4,1600000000
67,300056,4.7,1600000000
65,300056,5.0,1600000000
59,300056,5.0,1600000000
97,300056,3.8,1600000000
77,300056,4.3,1600000000
54,300056,3.6,1600000000
85,300056,4.0,1600000000
87,300056,4.4,1600000000
21,300056,3.6,1600000000
35,300056,5.0,1600000000
63,300056,4.8,1600000000
66,300056,4.1,1600000000
24,300056,4.3,1600000000
53,300056,4.2,1600000000
8,300056,4.0,1600000000
7,300056,4.0,1600000000
79,300056,4.9,1600000000
42,300056,4.8,1600000000
99,300056,4.8,1600000000
56,300056,4.0,1600000000
39,300056,3.6,1600000000
89,300057,3.8,1600000000
98,300057,4.5,1600000000
20,300057,4.0,1600000000
22,300057,4.5,1600000000
78,300057,3.8,1600000000
66,300057,4.2,1600000000
15,300057,4.3,1600000000
9,300057,4.3,1600000000
92,300057,4.1,1600000000
56,300057,4.0,1600000000
41,300057,5.0,1600000000
55,300057,3.9,1600000000
28,300057,4.7,1600000000
40,300057,3.7,1600000000
12,300057,3.6,1600000000
94,300057,4.3,1600000000
73,300057,4.3,1600000000
72,300057,4.2,1600000000
38,300057,4.3,1600000000
83,300057,4.2,1600000000
29,300057,4.6,1600000000
43,300057,3.8,1600000000
64,300057,3.9,1600000000
50,300057,4.1,1600000000
90,300057,4.9,1600000000
23,300057,4.5,1600000000
19,300057,3.6,1600000000
57,300057,4.5,1600000000
17,300057,4.0,1600000000
35,300057,4.6,1600000000
44,300057,3.6,1600000000
61,300057,5.0,1600000000
88,300057,4.9,1600000000
96,300057,4.6,1600000000
13,300057,4.2,1600000000
30,300057,4.1,1600000000
76,300057,4.7,1600000000
97,300057,4.2,1600000000
1,300057,3.9,1600000000
54,300057,4.2,1600000000
26,300057,4.8,1600000000
53,300057,4.6,1600000000
70,300057,4.5,1600000000
33,300057,4.8,1600000000
74,300057,4.7,1600000000
11,300057,4.2,1600000000
99,300057,5.0,1600000000
79,300057,4.3,1600000000
32,300057,4.3,1600000000
93,300057,4.6,1600000000
51,300057,3.8,1600000000
95,300057,4.4,1600000000
3,300057,4.3,1600000000
87,300057,3.9,1600000000
34,300057,4.1,1600000000
84,300057,5.0,1600000000
59,300057,4.1,1600000000
69,300057,4.4,1600000000
5,300057,3.6,1600000000
46,300057,4.8,1600000000
80,300057,4.3,1600000000
37,300057,4.3,1600000000
25,300057,4.9,1600000000
27,300057,3.7,1600000000
36,300057,3.7,1600000000
42,300057,4.5,1600000000
4,300057,4.6,1600000000
49,300057,3.5,1600000000
48,300057,4.8,1600000000
6,300057,4.4,1600000000
21,300057,4.5,1600000000
14,300057,4.6,1600000000
71,300058,4.6,1600000000
57,300058,4.0,1600000000
43,300058,4.8,1600000000
6,300058,4.2,1600000000
94,300058,4.1,1600000000
26,300058,4.8,1600000000
4,300058,3.6,1600000000
95,300058,4.2,1600000000
65,300058,4.0,1600000000
81,300058,4.9,1600000000
77,300058,3.7,1600000000
86,300058,4.9,1600000000
37,300058,4.5,1600000000
1,300058,3.7,1600000000
60,300058,3.7,1600000000
84,300058,3.5,1600000000
48,300058,4.4,1600000000
79,300058,3.8,1600000000
39,300058,3.6,1600000000
92,300058,4.5,1600000000
88,300058,3.8,1600000000
32,300058,4.8,1600000000
33,300058,4.7,1600000000
27,300058,3.9,1600000000
68,300058,5.0,1600000000
56,300058,4.9,1600000000
52,300058,4.6,1600000000
98,300058,4.7,1600000000
28,300058,4.8,1600000000
34,300058,3.9,1600000000
62,300058,4.6,1600000000
38,300058,3.7,1600000000
93,300058,4.9,1600000000
41,300058,4.7,1600000000
63,300058,4.1,1600000000
35,300059,4.0,1600000000
95,300059,3.9,1600000000
56,300059,4.6,1600000000
67,300059,3.7,1600000000
13,300059,4.6,1600000000
51,300059,4.3,1600000000
64,300059,4.8,1600000000
88,300059,3.6,1600000000
72,300059,3.6,1600000000
44,300059,3.9,1600000000
62,300059,4.2,1600000000
3,300059,4.9,1600000000
25,300059,3.9,1600000000
93,300059,3.8,1600000000
89,300059,4.2,1600000000
34,300059,4.8,1600000000
63,300059,3.7,1600000000
22,300059,4.9,1600000000
29,300059,4.3,1600000000
39,300059,3.5,1600000000
87,300059,3.9,1600000000
10,300059,3.7,1600000000
69,300059,3.9,1600000000
61,300059,4.3,1600000000
92,300059,4.4,1600000000
99,300059,4.7,1600000000
41,300059,4.6,1600000000
27,300059,4.5,1600000000
74,300059,4.4,1600000000
40,300059,4.4,1600000000
98,300059,4.1,1600000000
77,300059,3.8,1600000000
54,300059,4.9,1600000000
47,300059,3.7,1600000000
83,300059,4.7,1600000000
91,300059,3.8,1600000000
32,300059,4.6,1600000000
85,300059,4.5,1600000000
53,300059,3.9,1600000000
4,300059,4.1,1600000000
36,300059,4.2,1600000000
19,300059,4.0,1600000000
49,300059,4.3,1600000000
50,300059,4.8,1600000000
1,300059,3.6,1600000000
80,300059,4.0,1600000000
15,300059,5.0,1600000000
68,300059,4.3,1600000000
37,300059,4.3,1600000000
18,300059,4.7,1600000000
82,300059,4.9,1600000000
23,300059,4.0,1600000000
17,300059,3.9,1600000000
11,300059,4.3,1600000000
30,300059,4.1,1600000000
14,300059,4.3,1600000000
58,300059,5.0,1600000000
21,300059,3.7,1600000000
76,300059,4.9,1600000000
73,300059,4.6,1600000000
84,300059,4.1,1600000000
97,300059,4.3,1600000000
94,300059,3.5,1600000000
72,300060,4.6,1600000000
94,300060,4.4,1600000000
53,300060,4.1,1600000000
87,300060,4.1,1600000000
28,300060,3.8,1600000000
16,300060,3.7,1600000000
21,300060,4.2,1600000000
7,300060,4.2,1600000000
14,300060,4.0,1600000000
78,300060,4.1,1600000000
75,300060,3.9,1600000000
12,300060,3.5,1600000000
79,300060,4.5,1600000000
29,300060,3.5,1600000000
9,300060,4.3,1600000000
40,300060,3.6,1600000000
27,300060,3.9,1600000000
62,300060,4.4,1600000000
51,300060,4.0,1600000000
65,300060,4.6,1600000000
20,300060,3.9,1600000000
48,300060,4.8,1600000000
10,300060,3.7,1600000000
76,300060,4.8,1600000000
24,300060,3.6,1600000000
90,300060,3.7,1600000000
60,300060,3.7,1600000000
1,300060,4.2,1600000000
68,300060,4.8,1600000000
44,300060,3.7,1600000000
23,300060,3.9,1600000000
88,300060,4.5,1600000000
67,300060,5.0,1600000000
35,300060,4.3,1600000000
57,300060,3.9,1600000000
64,300060,4.9,1600000000
13,300060,4.1,1600000000
30,300060,5.0,1600000000
19,300060,3.9,1600000000
37,300060,3.8,1600000000
2,300060,4.2,1600000000
96,300060,4.5,1600000000
82,300060,3.7,1600000000
46,300061,4.5,1600000000
98,300061,4.9,1600000000
62,300061,4.5,1600000000
72,300061,4.5,1600000000
43,300061,4.0,1600000000
23,300061,4.4,1600000000
27,300061,4.6,1600000000
6,300061,4.3,1600000000
34,300061,4.3,1600000000
96,300061,3.8,1600000000
41,300061,4.6,1600000000
85,300061,4.8,1600000000
74,300061,4.0,1600000000
52,300061,4.7,1600000000
63,300061,3.8,1600000000
95,300061,3.9,1600000000
47,300061,4.4,1600000000
83,300061,3.7,1600000000
93,300061,3.8,1600000000
42,300061,4.7,1600000000
84,300061,4.8,1600000000
21,300061,4.3,1600000000
91,300061,3.8,1600000000
75,300061,3.8,1600000000
65,300061,4.3,1600000000
14,300061,4.2,1600000000
67,300061,4.6,1600000000
87,300061,4.7,1600000000
44,300061,4.1,1600000000
86,300061,4.2,1600000000
29,300061,4.3,1600000000
69,300061,4.3,1600000000
31,300061,4.9,1600000000
70,300061,3.6,1600000000
92,300061,4.2,1600000000
30,300061,4.4,1600000000
59,300061,4.5,1600000000
88,300061,4.9,1600000000
35,300061,4.8,1600000000
25,300061,4.4,1600000000
28,300061,3.5,1600000000
49,300061,3.9,1600000000
55,300061,3.7,1600000000
20,300061,4.4,1600000000
1,300061,3.9,1600000000
24,300061,4.3,1600000000
57,300061,3.6,1600000000
33,300061,4.8,1600000000
19,300061,3.6,1600000000
38,300061,3.9,1600000000
80,300061,5.0,1600000000
73,300061,3.8,1600000000
68,300061,4.1,1600000000
61,300061,4.4,1600000000
89,300061,4.1,1600000000
40,300061,4.5,1600000000
22,300061,4.6,1600000000
4,300061,4.2,1600000000
7,300061,5.0,1600000000
18,300061,4.0,1600000000
76,300061,4.5,1600000000
99,300061,4.9,1600000000
17,300061,4.8,1600000000
2,300061,4.7,1600000000
5,300061,3.6,1600000000
39,300061,4.5,1600000000
13,300061,4.8,1600000000
92,300062,4.2,1600000000
50,300062,4.2,1600000000
62,300062,3.9,1600000000
67,300062,4.6,1600000000
76,300062,4.0,1600000000
70,300062,4.4,1600000000
90,300062,4.6,1600000000
22,300062,5.0,1600000000
37,300062,4.5,1600000000
78,300062,4.5,1600000000
98,300062,4.1,1600000000
79,300062,4.5,1600000000
68,300062,3.8,1600000000
45,300062,4.8,1600000000
47,300062,3.9,1600000000
71,300062,3.8,1600000000
34,300062,4.9,1600000000
31,300062,4.0,1600000000
80,300062,4.7,1600000000
2,300062,4.9,1600000000
25,300062,4.4,1600000000
6,300062,4.8,1600000000
99,300062,4.3,1600000000
94,300062,4.3,1600000000
91,300062,4.9,1600000000
87,300062,4.6,1600000000
15,300062,4.9,1600000000
54,300062,4.5,1600000000
7,300062,4.5,1600000000
51,300062,4.1,1600000000
60,300062,3.7,1600000000
65,300062,4.6,1600000000
36,300062,3.8,1600000000
33,300062,4.1,1600000000
46,300062,4.3,1600000000
3,300062,4.6,1600000000
4,300062,4.7,1600000000
56,300062,3.9,1600000000
97,300062,3.8,1600000000
17,300062,4.8,1600000000
93,300062,4.2,1600000000
57,300062,3.7,1600000000
83,300062,4.3,1600000000
24,300062,4.8,1600000000
14,300062,4.3,1600000000
9,300062,4.4,1600000000
81,300062,4.9,1600000000
10,300062,4.4,1600000000
13,300062,4.5,1600000000
49,300062,4.7,1600000000
89,300062,4.9,1600000000
5,300062,4.2,1600000000
18,300062,4.6,1600000000
85,300062,4.9,1600000000
58,300062,4.9,1600000000
16,300062,4.6,1600000000
29,300062,4.8,1600000000
27,300062,4.3,1600000000
39,300062,5.0,1600000000
66,300062,3.6,1600000000
74,300062,4.8,1600000000
8,300062,3.9,1600000000
53,300062,4.7,1600000000
88,300062,4.2,1600000000
73,300062,4.3,1600000000
61,300063,3.9,1600000000
5,300063,4.8,1600000000
3,300063,4.1,1600000000
94,300063,4.6,1600000000
38,300063,5.0,1600000000
14,300063,3.9,1600000000
85,300063,4.7,1600000000
46,300063,4.5,1600000000
54,300063,3.7,1600000000
21,300063,3.9,1600000000
56,300063,5.0,1600000000
88,300063,3.9,1600000000
25,300063,4.6,1600000000
75,300063,4.8,1600000000
17,300063,4.3,1600000000
98,300063,4.2,1600000000
35,300063,4.6,1600000000
83,300063,4.5,1600000000
19,300063,3.7,1600000000
23,300063,3.6,1600000000
32,300063,3.9,1600000000
45,300063,3.6,1600000000
26,300063,3.8,1600000000
70,300063,4.6,1600000000
67,300063,4.2,1600000000
91,300063,4.7,1600000000
30,300063,3.7,1600000000
34,300063,3.6,1600000000
20,300063,3.5,1600000000
13,300063,4.9,1600000000
10,300063,4.2,1600000000
36,300063,3.7,1600000000
71,300063,3.8,1600000000
66,300063,4.6,1600000000
95,300063,4.1,1600000000
51,300063,3.6,1600000000
8,300063,4.3,1600000000
93,300063,4.9,1600000000
29,300063,3.8,1600000000
47,300063,4.3,1600000000
80,300063,3.5,1600000000
44,300063,4.5,1600000000
37,300063,4.9,1600000000
15,300063,5.0,1600000000
12,300063,3.8,1600000000
42,300063,4.5,1600000000
76,300063,4.8,1600000000
65,300063,4.1,1600000000
78,300063,4.8,1600000000
9,300063,3.9,1600000000
62,300063,3.6,1600000000
92,300063,3.9,1600000000
27,300063,3.8,1600000000
48,300063,4.1,1600000000
31,300063,4.0,1600000000
63,300063,4.2,1600000000
41,300063,3.7,1600000000
53,300063,4.1,1600000000
96,300063,4.6,1600000000
68,300063,4.8,1600000000
22,300063,4.2,1600000000
79,300063,4.4,1600000000
69,300063,4.4,1600000000
49,300063,4.2,1600000000
7,300063,4.5,1600000000
2,300063,3.9,1600000000
57,300063,5.0,1600000000
91,300064,4.6,1600000000
62,300064,4.5,1600000000
77,300064,4.2,1600000000
93,300064,3.8,1600000000
42,300064,3.9,1600000000
3,300064,4.3,1600000000
90,300064,4.5,1600000000
37,300064,5.0,1600000000
79,300064,4.5,1600000000
98,300064,4.6,1600000000
63,300064,4.9,1600000000
8,300064,3.7,1600000000
45,300064,4.2,1600000000
24,300064,3.9,1600000000
55,300064,4.1,1600000000
28,300064,3.6,1600000000
73,300064,4.9,1600000000
12,300064,4.4,1600000000
31,300064,4.6,1600000000
88,300064,5.0,1600000000
75,300064,4.3,1600000000
68,300064,4.7,1600000000
58,300064,4.7,1600000000
27,300064,4.6,1600000000
78,300064,4.5,1600000000
16,300064,4.6,1600000000
81,300064,4.5,1600000000
2,300064,3.9,1600000000
71,300064,4.9,1600000000
97,300064,4.2,1600000000
60,300064,4.9,1600000000
39,300064,3.8,1600000000
94,300064,4.3,1600000000
36,300064,4.8,1600000000
96,300064,4.1,1600000000
84,300064,3.6,1600000000
46,300064,3.9,1600000000
92,300064,3.6,1600000000
13,300064,4.1,1600000000
64,300064,4.7,1600000000
26,300064,4.3,1600000000
65,300064,4.3,1600000000
41,300064,3.9,1600000000
4,300064,5.0,1600000000
38,300064,4.8,1600000000
14,300065,4.3,1600000000
36,300065,4.1,1600000000
47,300065,4.2,1600000000
81,300065,4.7,1600000000
78,300065,3.8,1600000000
4,300065,4.7,1600000000
42,300065,4.2,1600000000
26,300065,3.7,1600000000
70,300065,4.7,1600000000
33,300065,4.8,1600000000
41,300065,4.8,1600000000
93,300065,4.8,1600000000
77,300065,5.0,1600000000
62,300065,4.8,1600000000
19,300065,4.4,1600000000
67,300065,4.3,1600000000
30,300065,4.1,1600000000
96,300065,4.9,1600000000
58,300065,3.6,1600000000
64,300065,4.5,1600000000
37,300065,4.6,1600000000
66,300065,4.3,1600000000
12,300065,4.8,1600000000
27,300065,5.0,1600000000
54,300065,4.9,1600000000
17,300065,4.5,1600000000
61,300065,4.1,1600000000
55,300065,4.5,1600000000
73,300065,4.0,1600000000
90,300065,4.1,1600000000
98,300065,4.4,1600000000
8,300065,4.5,1600000000
35,300065,3.6,1600000000
46,300065,4.4,1600000000
94,300065,4.3,1600000000
86,300065,4.3,1600000000
29,300065,4.0,1600000000
15,300065,4.6,1600000000
57,300065,3.6,1600000000
85,300065,4.1,1600000000
50,300065,4.1,1600000000
24,300065,4.2,1600000000
38,300065,3.5,1600000000
83,300065,4.9,1600000000
73,300066,3.6,1600000000
98,300066,4.1,1600000000
42,300066,4.9,1600000000
3,300066,4.2,1600000000
6,300066,3.6,1600000000
90,300066,4.5,1600000000
95,300066,4.6,1600000000
10,300066,3.6,1600000000
41,300066,4.9,1600000000
15,300066,4.6,1600000000
37,300066,3.8,1600000000
14,300066,4.8,1600000000
2,300066,3.6,1600000000
72,300066,3.6,1600000000
51,300066,4.5,1600000000
56,300066,3.7,1600000000
31,300066,4.7,1600000000
25,300066,4.5,1600000000
81,300066,4.6,1600000000
12,300066,3.6,1600000000
63,300066,4.6,1600000000
93,300066,4.9,1600000000
69,300066,3.6,1600000000
32,300066,4.1,1600000000
59,300066,4.7,1600000000
79,300066,4.8,1600000000
74,300066,4.0,1600000000
89,300066,4.4,1600000000
75,300066,4.0,1600000000
26,300066,4.7,1600000000
30,300066,4.1,1600000000
43,300066,4.4,1600000000
8,300066,4.7,1600000000
36,300066,4.1,1600000000
16,300066,3.7,1600000000
29,300066,4.0,1600000000
38,300066,3.9,1600000000
20,300066,3.7,1600000000
19,300066,3.9,1600000000
84,300066,3.6,1600000000
62,300066,4.0,1600000000
27,300066,4.6,1600000000
47,300066,4.4,1600000000
57,300066,4.8,1600000000
1,300066,4.6,1600000000
48,300066,4.9,1600000000
64,300066,3.5,1600000000
53,300066,4.7,1600000000
33,300066,3.8,1600000000
92,300066,3.6,1600000000
83,300066,4.4,1600000000
28,300066,4.2,1600000000
35,300066,4.7,1600000000
68,300066,4.1,1600000000
17,300066,3.8,1600000000
18,300066,4.8,1600000000
23,300066,3.6,1600000000
5,300066,4.0,1600000000
66,300067,3.6,1600000000
41,300067,4.3,1600000000
5,300067,4.6,1600000000
75,300067,4.7,1600000000
98,300067,4.0,1600000000
20,300067,3.6,1600000000
90,300067,4.1,1600000000
51,300067,4.3,1600000000
37,300067,3.9,1600000000
16,300067,4.8,1600000000
4,300067,4.9,1600000000
65,300067,3.7,1600000000
78,300067,4.1,1600000000
36,300067,4.9,1600000000
49,300067,4.9,1600000000
28,300067,3.6,1600000000
74,300067,4.7,1600000000
23,300067,3.7,1600000000
48,300067,4.6,1600000000
50,300067,3.9,1600000000
43,300067,4.4,1600000000
70,300067,3.5,1600000000
69,300067,4.2,1600000000
11,300067,4.1,1600000000
32,300067,4.7,1600000000
56,300067,5.0,1600000000
1,300067,4.5,1600000000
46,300067,4.3,1600000000
54,300067,4.4,1600000000
21,300067,4.0,1600000000
22,300067,3.8,1600000000
96,300067,4.5,1600000000
26,300067,5.0,1600000000
24,300067,4.4,1600000000
99,300067,5.0,1600000000
60,300067,4.1,1600000000
83,300067,4.7,1600000000
13,300067,3.6,1600000000
93,300067,4.9,1600000000
12,300067,3.5,1600000000
57,300067,4.8,1600000000
44,300067,4.4,1600000000
39,300067,4.0,1600000000
71,300067,4.8,1600000000
85,300067,3.6,1600000000
19,300067,4.5,1600000000
89,300067,4.7,1600000000
6,300067,3.6,1600000000
40,300067,3.7,1600000000
13,300068,4.2,1600000000
64,300068,3.9,1600000000
55,300068,4.9,1600000000
31,300068,3.6,1600000000
40,300068,4.8,1600000000
75,300068,4.2,1600000000
41,300068,4.7,1600000000
17,300068,5.0,1600000000
7,300068,4.9,1600000000
8,300068,4.5,1600000000
20,300068,3.5,1600000000
72,300068,3.9,1600000000
98,300068,4.9,1600000000
48,300068,3.6,1600000000
22,300068,4.8,1600000000
62,300068,4.8,1600000000
29,300068,4.5,1600000000
28,300068,3.6,1600000000
73,300068,3.6,1600000000
33,300068,4.1,1600000000
84,300068,4.5,1600000000
65,300068,5.0,1600000000
63,300068,4.1,1600000000
47,300068,4.8,1600000000
77,300068,4.2,1600000000
81,300068,3.9,1600000000
27,300068,4.9,1600000000
14,300068,4.9,1600000000
59,300068,4.8,1600000000
43,300068,3.7,1600000000
36,300068,4.4,1600000000
26,300068,4.3,1600000000
53,300068,4.2,1600000000
16,300068,4.3,1600000000
69,300068,4.3,1600000000
21,300068,3.8,1600000000
96,300068,4.6,1600000000
60,300068,4.5,1600000000
58,300068,4.6,1600000000
76,300068,4.8,1600000000
67,300068,4.2,1600000000
35,300068,4.0,1600000000
80,300068,3.5,1600000000
88,300068,4.4,1600000000
79,300068,4.2,1600000000
6,300068,4.0,1600000000
1,300068,3.9,1600000000
54,300068,3.9,1600000000
11,300068,4.2,1600000000
3,300068,4.3,1600000000
90,300068,4.6,1600000000
46,300068,3.7,1600000000
45,300068,4.4,1600000000
42,300068,4.5,1600000000
30,300068,5.0,1600000000
4,300068,4.1,1600000000
9,300068,4.3,1600000000
15,300068,4.8,1600000000
68,300068,4.5,1600000000
56,300068,4.1,1600000000
57,300068,4.8,1600000000
52,300068,4.1,1600000000
82,300068,4.4,1600000000
83,300068,5.0,1600000000
97,300068,4.1,1600000000
44,300068,3.9,1600000000
87,300068,4.5,1600000000
61,300068,3.5,1600000000
92,300068,4.7,1600000000
61,300069,4.7,1600000000
29,300069,4.2,1600000000
39,300069,4.7,1600000000
50,300069,4.1,1600000000
9,300069,4.0,1600000000
97,300069,4.1,1600000000
58,300069,5.0,1600000000
23,300069,4.1,1600000000
85,300069,3.9,1600000000
25,300069,4.0,1600000000
68,300069,4.5,1600000000
28,300069,4.1,1600000000
5,300069,4.3,1600000000
17,300069,4.8,1600000000
67,300069,3.8,1600000000
36,300069,3.9,1600000000
92,300069,4.8,1600000000
71,300069,3.9,1600000000
8,300069,4.7,1600000000
86,300069,4.4,1600000000
53,300069,4.1,1600000000
83,300069,3.6,1600000000
54,300069,3.7,1600000000
65,300069,3.5,1600000000
93,300069,4.3,1600000000
63,300069,5.0,1600000000
90,300069,4.9,1600000000
70,300069,4.9,1600000000
59,300069,4.2,1600000000
82,300069,3.7,1600000000
88,300069,4.2,1600000000
37,300069,3.9,1600000000
80,300069,4.4,1600000000
4,300069,4.2,1600000000
33,300069,4.9,1600000000
47,300069,3.6,1600000000
94,300069,3.8,1600000000
2,300069,4.0,1600000000
84,300070,4.3,1600000000
12,300070,3.7,1600000000
40,300070,4.4,1600000000
60,300070,3.7,1600000000
85,300070,4.6,1600000000
80,300070,4.5,1600000000
1,300070,4.7,1600000000
78,300070,4.2,1600000000
69,300070,3.6,1600000000
56,300070,4.3,1600000000
41,300070,4.0,1600000000
33,300070,3.6,1600000000
36,300070,4.1,1600000000
30,300070,4.3,1600000000
96,300070,3.9,1600000000
83,300070,4.5,1600000000
51,300070,5.0,1600000000
97,300070,4.9,1600000000
50,300070,4.4,1600000000
58,300070,5.0,1600000000
65,300070,4.7,1600000000
63,300070,3.5,1600000000
5,300070,4.4,1600000000
87,300070,4.6,1600000000
11,300070,3.5,1600000000
73,300070,4.8,1600000000
39,300070,5.0,1600000000
23,300070,4.0,1600000000
81,300070,4.8,1600000000
94,300070,4.1,1600000000
28,300070,4.7,1600000000
53,300070,5.0,1600000000
15,300070,3.5,1600000000
18,300070,4.7,1600000000
43,300070,4.8,1600000000
54,300070,3.8,1600000000
3,300070,4.4,1600000000
61,300070,4.3,1600000000
34,300070,4.1,1600000000
91,300070,4.2,1600000000
52,300070,4.0,1600000000
55,300070,3.9,1600000000
65,300071,4.2,1600000000
43,300071,4.2,1600000000
6,300071,4.9,1600000000
48,300071,3.7,1600000000
41,300071,4.6,1600000000
53,300071,3.9,1600000000
19,300071,3.8,1600000000
66,300071,4.4,1600000000
18,300071,4.6,1600000000
92,300071,4.0,1600000000
77,300071,4.5,1600000000
61,300071,4.8,1600000000
95,300071,3.9,1600000000
74,300071,3.9,1600000000
84,300071,4.3,1600000000
40,300071,4.8,1600000000
28,300071,4.8,1600000000
78,300071,4.8,1600000000
68,300071,4.9,1600000000
5,300071,3.8,1600000000
79,300071,3.9,1600000000
10,300071,3.6,1600000000
37,300071,4.6,1600000000
83,300071,4.2,1600000000
7,300071,4.9,1600000000
70,300071,3.9,1600000000
12,300071,3.5,1600000000
54,300071,4.8,1600000000
98,300071,4.8,1600000000
36,300071,3.6,1600000000
71,300071,4.3,1600000000
46,300071,3.8,1600000000
87,300071,4.9,1600000000
60,300071,5.0,1600000000
75,300071,4.2,1600000000
23,300071,4.9,1600000000
29,300071,3.9,1600000000
99,300071,3.8,1600000000
88,300071,4.2,1600000000
27,300071,4.5,1600000000
50,300071,4.3,1600000000
21,300071,4.6,1600000000
86,300071,5.0,1600000000
58,300071,4.7,1600000000
72,300071,4.2,1600000000
55,300071,4.7,1600000000
9,300071,4.8,1600000000
63,300071,4.0,1600000000
32,300071,4.2,1600000000
57,300071,4.8,1600000000
62,300071,4.7,1600000000
8,300071,5.0,1600000000
82,300071,4.3,1600000000
73,300071,4.2,1600000000
64,300071,4.7,1600000000
4,300071,4.4,1600000000
80,300071,4.4,1600000000
47,300071,4.3,1600000000
59,300071,4.1,1600000000
22,300071,4.4,1600000000
69,300071,3.7,1600000000
49,300071,4.4,1600000000
85,300071,4.1,1600000000
35,300071,3.8,1600000000
26,300071,4.2,1600000000
16,300071,4.6,1600000000
67,300071,5.0,1600000000
94,300071,4.0,1600000000
17,300071,4.6,1600000000
13,300071,4.9,1600000000
31,300071,3.9,1600000000
44,300071,4.9,1600000000
33,300071,4.2,1600000000
24,300071,4.2,1600000000
25,300071,4.2,1600000000
73,300072,4.6,1600000000
10,300072,4.8,1600000000
23,300072,4.3,1600000000
44,300072,4.9,1600000000
32,300072,5.0,1600000000
40,300072,4.8,1600000000
3,300072,4.0,1600000000
92,300072,4.5,1600000000
25,300072,4.0,1600000000
69,300072,4.6,1600000000
9,300072,4.8,1600000000
53,300072,4.1,1600000000
91,300072,4.6,1600000000
57,300072,4.1,1600000000
1,300072,4.6,1600000000
34,300072,4.7,1600000000
80,300072,4.2,1600000000
89,300072,3.7,1600000000
52,300072,4.4,1600000000
93,300072,4.5,1600000000
7,300072,4.4,1600000000
2,300072,4.9,1600000000
66,300072,3.5,1600000000
19,300072,4.7,1600000000
82,300072,4.0,1600000000
90,300072,4.0,1600000000
45,300072,4.5,1600000000
70,300072,4.0,1600000000
39,300072,4.9,1600000000
65,300072,4.3,1600000000
41,300072,4.8,1600000000
72,300072,4.1,1600000000
50,300072,4.2,1600000000
17,300072,3.6,1600000000
64,300072,3.7,1600000000
67,300072,5.0,1600000000
26,300072,4.5,1600000000
61,300072,4.2,1600000000
21,300072,4.4,1600000000
12,300072,3.5,1600000000
78,300072,4.1,1600000000
35,300072,4.7,1600000000
13,300072,3.9,1600000000
29,300072,5.0,1600000000
20,300072,4.4,1600000000
56,300072,3.9,1600000000
36,300072,3.6,1600000000
24,300072,4.4,1600000000
8,300072,4.0,1600000000
86,300072,4.9,1600000000
18,300072,4.7,1600000000
55,300072,3.5,1600000000
42,300072,4.2,1600000000
54,300072,4.7,1600000000
47,300072,4.8,1600000000
30,300072,4.1,1600000000
88,300072,4.3,1600000000
71,300072,4.4,1600000000
76,300072,5.0,1600000000
77,300072,5.0,1600000000
55,300073,4.0,1600000000
8,300073,4.7,1600000000
47,300073,4.1,1600000000
14,300073,4.2,1600000000
40,300073,3.8,1600000000
58,300073,3.9,1600000000
81,300073,3.9,1600000000
51,300073,4.3,1600000000
12,300073,4.7,1600000000
69,300073,4.0,1600000000
53,300073,4.6,1600000000
32,300073,4.9,1600000000
39,300073,3.7,1600000000
27,300073,3.7,1600000000
37,300073,4.7,1600000000
59,300073,4.7,1600000000
23,300073,4.5,1600000000
1,300073,4.0,1600000000
72,300073,4.7,1600000000
52,300073,4.3,1600000000
98,300073,3.8,1600000000
96,300073,4.6,1600000000
66,300073,4.6,1600000000
7,300073,3.8,1600000000
4,300073,3.9,1600000000
92,300073,4.0,1600000000
82,300073,4.5,1600000000
17,300073,4.4,1600000000
95,300073,4.9,1600000000
83,300073,4.6,1600000000
79,300073,4.7,1600000000
90,300073,3.6,1600000000
42,300073,4.7,1600000000
15,300073,3.8,1600000000
67,300073,4.1,1600000000
21,300073,3.8,1600000000
6,300073,3.9,1600000000
28,300073,4.6,1600000000
73,300073,4.9,1600000000
22,300073,4.4,1600000000
57,300073,4.5,1600000000
19,300073,4.8,1600000000
33,300073,4.0,1600000000
85,300073,4.2,1600000000
43,300074,3.8,1600000000
80,300074,4.4,1600000000
82,300074,4.3,1600000000
94,300074,4.3,1600000000
21,300074,5.0,1600000000
90,300074,3.7,1600000000
84,300074,4.1,1600000000
51,300074,3.8,1600000000
83,300074,4.9,1600000000
88,300074,4.7,1600000000
15,300074,4.0,1600000000
20,300074,4.9,1600000000
49,300074,4.6,1600000000
29,300074,3.8,1600000000
11,300074,3.7,1600000000
93,300074,4.4,1600000000
16,300074,4.1,1600000000
56,300074,3.8,1600000000
96,300074,4.8,1600000000
18,300074,4.8,1600000000
67,300074,4.7,1600000000
81,300074,4.9,1600000000
59,300074,3.9,1600000000
54,300074,4.3,1600000000
50,300074,3.7,1600000000
97,300074,4.5,1600000000
3,300074,3.7,1600000000
38,300074,4.8,1600000000
9,300074,4.6,1600000000
28,300074,4.9,1600000000
60,300074,4.9,1600000000
42,300074,3.6,1600000000
58,300074,4.8,1600000000
39,300074,4.7,1600000000
2,300074,4.8,1600000000
63,300074,4.6,1600000000
44,300074,4.2,1600000000
31,300074,4.0,1600000000
1,300074,4.0,1600000000
73,300074,4.4,1600000000
45,300074,4.0,1600000000
12,300074,4.9,1600000000
34,300074,4.9,1600000000
30,300074,4.5,1600000000
79,300074,4.8,1600000000
47,300074,4.0,1600000000
78,300074,4.4,1600000000
70,300074,4.9,1600000000
87,300074,3.9,1600000000
62,300074,3.9,1600000000
8,300074,4.4,1600000000
26,300074,3.9,1600000000
53,300074,4.8,1600000000
27,300074,4.0,1600000000
6,300074,4.3,1600000000
68,300074,4.2,1600000000
41,300074,4.4,1600000000
24,300074,3.9,1600000000
48,300074,3.9,1600000000
74,300074,4.1,1600000000
69,300074,3.6,1600000000
22,300074,4.7,1600000000
95,300074,3.8,1600000000
65,300074,4.7,1600000000
33,300074,4.0,1600000000
36,300074,4.5,1600000000
6,300075,4.8,1600000000
37,300075,3.5,1600000000
38,300075,4.8,1600000000
15,300075,4.3,1600000000
79,300075,3.7,1600000000
1,300075,3.8,1600000000
13,300075,4.6,1600000000
90,300075,4.7,1600000000
81,300075,4.3,1600000000
56,300075,4.1,1600000000
28,300075,4.5,1600000000
55,300075,3.6,1600000000
22,300075,3.8,1600000000
33,300075,3.5,1600000000
31,300075,4.4,1600000000
86,300075,4.2,1600000000
96,300075,3.7,1600000000
70,300075,4.5,1600000000
5,300075,4.5,1600000000
49,300075,4.6,1600000000
92,300075,4.1,1600000000
27,300075,3.8,1600000000
26,300075,4.0,1600000000
80,300075,4.7,1600000000
60,300075,4.2,1600000000
88,300075,4.2,1600000000
12,300075,3.7,1600000000
67,300075,3.7,1600000000
64,300075,5.0,1600000000
43,300075,4.7,1600000000
35,300075,3.9,1600000000
89,300075,4.8,1600000000
95,300075,4.9,1600000000
45,300075,4.8,1600000000
99,300075,3.8,1600000000
30,300075,3.6,1600000000
25,300075,4.8,1600000000
73,300075,4.4,1600000000
72,300075,4.1,1600000000
76,300075,4.9,1600000000
93,300075,4.8,1600000000
3,300075,4.6,1600000000
11,300075,3.8,1600000000
44,300075,3.6,1600000000
17,300075,3.9,1600000000
23,300075,4.8,1600000000
58,300075,3.5,1600000000
16,300075,4.0,1600000000
65,300075,3.9,1600000000
19,300075,4.8,1600000000
51,300075,4.0,1600000000
78,300075,4.6,1600000000
18,300075,3.9,1600000000
32,300075,4.5,1600000000
20,300075,4.6,1600000000
10,300075,4.8,1600000000
40,300075,3.9,1600000000
41,300075,4.1,1600000000
87,300075,3.6,1600000000
71,300075,3.8,1600000000
8,300075,3.6,1600000000
52,300075,3.6,1600000000
74,300075,4.9,1600000000
68,300075,4.6,1600000000
85,300075,3.8,1600000000
14,300075,3.7,1600000000
91,300076,4.0,1600000000
45,300076,4.8,1600000000
25,300076,3.8,1600000000
76,300076,3.5,1600000000
18,300076,4.6,1600000000
46,300076,4.4,1600000000
7,300076,3.8,1600000000
80,300076,4.3,1600000000
84,300076,3.9,1600000000
56,300076,4.0,1600000000
92,300076,3.7,1600000000
79,300076,4.8,1600000000
77,300076,3.8,1600000000
64,300076,4.5,1600000000
47,300076,4.0,1600000000
60,300076,4.0,1600000000
61,300076,3.7,1600000000
57,300076,4.4,1600000000
31,300076,3.8,1600000000
90,300076,3.8,1600000000
30,300076,3.8,1600000000
26,300076,3.6,1600000000
59,300076,3.8,1600000000
58,300076,4.3,1600000000
35,300076,3.9,1600000000
29,300076,4.1,1600000000
42,300076,3.8,1600000000
34,300076,4.0,1600000000
50,300076,4.4,1600000000
67,300076,3.9,1600000000
41,300076,3.8,1600000000
1,300076,4.0,1600000000
13,300076,4.4,1600000000
69,300076,3.9,1600000000
12,300076,4.3,1600000000
16,300076,4.7,1600000000
43,300076,4.1,1600000000
87,300076,3.5,1600000000
32,300076,3.5,1600000000
4,300076,4.7,1600000000
89,300076,4.6,1600000000
40,300076,3.6,1600000000
10,300076,4.8,1600000000
54,300076,4.1,1600000000
94,300076,4.5,1600000000
9,300076,4.5,1600000000
44,300076,4.9,1600000000
71,300076,4.1,1600000000
11,300076,4.8,1600000000
49,300076,4.0,1600000000
51,300076,4.2,1600000000
85,300076,4.1,1600000000
22,300076,5.0,1600000000
81,300076,4.2,1600000000
21,300076,4.4,1600000000
24,300076,4.8,1600000000
70,300076,4.7,1600000000
96,300076,4.1,1600000000
62,300076,4.0,1600000000
17,300076,4.3,1600000000
27,300076,4.5,1600000000
36,300076,4.7,1600000000
48,300076,4.7,1600000000
8,300076,4.3,1600000000
97,300076,4.9,1600000000
39,300076,4.0,1600000000
68,300076,4.9,1600000000
63,300076,3.5,1600000000
60,300077,4.3,1600000000
82,300077,4.8,1600000000
47,300077,4.7,1600000000
94,300077,4.0,1600000000
48,300077,4.1,1600000000
28,300077,3.8,1600000000
62,300077,4.7,1600000000
90,300077,3.7,1600000000
30,300077,4.2,1600000000
55,300077,3.6,1600000000
54,300077,4.4,1600000000
77,300077,3.9,1600000000
63,300077,4.0,1600000000
39,300077,4.6,1600000000
93,300077,4.5,1600000000
53,300077,4.9,1600000000
96,300077,4.1,1600000000
59,300077,3.9,1600000000
36,300077,4.8,1600000000
22,300077,4.3,1600000000
37,300077,3.5,1600000000
56,300077,4.6,1600000000
14,300077,4.2,1600000000
57,300077,4.2,1600000000
29,300077,4.5,1600000000
97,300077,4.3,1600000000
65,300077,4.0,1600000000
31,300077,4.0,1600000000
73,300077,4.9,1600000000
1,300077,4.6,1600000000
8,300077,3.7,1600000000
84,300077,5.0,1600000000
2,300077,3.9,1600000000
89,300077,4.0,1600000000
49,300077,3.6,1600000000
69,300077,3.5,1600000000
64,300077,4.0,1600000000
40,300077,4.3,1600000000
16,300077,4.3,1600000000
5,300077,3.5,1600000000
51,300077,4.3,1600000000
5,300078,4.2,1600000000
30,300078,4.8,1600000000
82,300078,4.4,1600000000
73,300078,4.6,1600000000
83,300078,4.4,1600000000
2,300078,4.5,1600000000
86,300078,3.7,1600000000
85,300078,3.7,1600000000
39,300078,5.0,1600000000
8,300078,4.5,1600000000
94,300078,3.7,1600000000
20,300078,4.3,1600000000
12,300078,4.0,1600000000
99,300078,3.6,1600000000
93,300078,4.1,1600000000
71,300078,4.3,1600000000
56,300078,3.7,1600000000
48,300078,4.9,1600000000
58,300078,4.1,1600000000
17,300078,4.5,1600000000
15,300078,4.1,1600000000
55,300078,3.5,1600000000
60,300078,3.5,1600000000
80,300078,4.9,1600000000
62,300078,3.9,1600000000
42,300078,4.4,1600000000
47,300078,4.4,1600000000
41,300078,4.1,1600000000
88,300078,4.9,1600000000
78,300078,3.8,1600000000
57,300078,4.3,1600000000
95,300078,4.4,1600000000
38,300078,4.5,1600000000
7,300078,5.0,1600000000
6,300078,4.4,1600000000
24,300078,4.8,1600000000
96,300078,4.4,1600000000
76,300078,3.9,1600000000
1,300078,3.7,1600000000
28,300078,4.6,1600000000
46,300078,3.7,1600000000
22,300078,4.8,1600000000
27,300078,3.6,1600000000
64,300078,4.3,1600000000
2,300079,3.9,1600000000
69,300079,4.3,1600000000
53,300079,3.6,1600000000
84,300079,3.9,1600000000
79,300079,3.7,1600000000
74,300079,4.6,1600000000
54,300079,3.5,1600000000
55,300079,3.9,1600000000
11,300079,4.1,1600000000
45,300079,4.8,1600000000
62,300079,4.8,1600000000
22,300079,4.7,1600000000
3,300079,3.8,1600000000
37,300079,4.4,1600000000
93,300079,4.5,1600000000
88,300079,3.8,1600000000
81,300079,4.2,1600000000
15,300079,4.1,1600000000
35,300079,4.8,1600000000
97,300079,4.2,1600000000
30,300079,4.4,1600000000
60,300079,3.7,1600000000
72,300079,3.7,1600000000
59,300079,4.3,1600000000
43,300079,3.9,1600000000
65,300079,3.6,1600000000
38,300079,3.5,1600000000
31,300079,4.2,1600000000
91,300079,5.0,1600000000
24,300079,4.3,1600000000
80,300079,3.9,1600000000
8,300079,5.0,1600000000
94,300079,4.5,1600000000
12,300079,4.7,1600000000
28,300079,4.3,1600000000
87,300079,3.6,1600000000
13,300079,4.5,1600000000
49,300079,4.3,1600000000
67,300079,4.6,1600000000
4,300079,4.1,1600000000
5,300079,4.2,1600000000
57,300079,3.5,1600000000
98,300079,4.6,1600000000
51,300079,4.4,1600000000
63,300079,4.1,1600000000
48,300079,4.7,1600000000
16,300079,5.0,1600000000
20,300079,4.3,1600000000
18,300079,3.9,1600000000
76,300079,4.5,1600000000
26,300079,3.7,1600000000
95,300079,3.8,1600000000
50,300079,3.9,1600000000
86,300079,4.6,1600000000
89,300079,3.9,1600000000
41,300079,4.8,1600000000
95,300080,3.8,1600000000
71,300080,3.5,1600000000
83,300080,3.6,1600000000
73,300080,5.0,1600000000
45,300080,3.8,1600000000
50,300080,3.8,1600000000
67,300080,3.8,1600000000
10,300080,3.9,1600000000
36,300080,3.7,1600000000
11,300080,4.3,1600000000
19,300080,4.7,1600000000
35,300080,3.9,1600000000
61,300080,4.4,1600000000
58,300080,4.7,1600000000
6,300080,5.0,1600000000
32,300080,4.1,1600000000
7,300080,4.1,1600000000
69,300080,4.7,1600000000
86,300080,3.9,1600000000
99,300080,4.6,1600000000
87,300080,3.7,1600000000
82,300080,3.5,1600000000
40,300080,4.7,1600000000
17,300080,4.0,1600000000
49,300080,3.8,1600000000
8,300080,4.1,1600000000
41,300080,4.7,1600000000
20,300080,4.2,1600000000
14,300080,3.8,1600000000
97,300080,4.8,1600000000
26,300080,4.6,1600000000
28,300080,4.9,1600000000
90,300080,3.7,1600000000
46,300080,4.7,1600000000
33,300080,4.0,1600000000
4,300080,3.7,1600000000
31,300080,4.5,1600000000
52,300080,4.9,1600000000
68,300080,3.9,1600000000
34,300080,5.0,1600000000
80,300080,3.5,1600000000
75,300080,4.9,1600000000
39,300080,4.6,1600000000
30,300080,4.8,1600000000
43,300080,3.6,1600000000
22,300080,4.8,1600000000
2,300080,4.5,1600000000
5,300080,4.5,1600000000
84,300080,4.7,1600000000
60,300080,4.1,1600000000
53,300080,4.9,1600000000
85,300080,4.7,1600000000
96,300080,4.8,1600000000
3,300080,4.4,1600000000
70,300080,3.7,1600000000
37,300080,4.3,1600000000
66,300080,4.3,1600000000
62,300080,3.8,1600000000
81,300080,3.9,1600000000
15,300080,4.0,1600000000
9,300080,3.8,1600000000
24,300080,3.9,1600000000
27,300080,4.0,1600000000
54,300080,4.9,1600000000
23,300080,4.6,1600000000
56,300080,3.7,1600000000
94,300080,4.0,1600000000
91,300080,4.7,1600000000
77,300080,5.0,1600000000
18,300080,4.3,1600000000
1,300080,4.6,1600000000
59,300080,4.9,1600000000
93,300080,4.6,1600000000
64,300080,4.3,1600000000
76,300080,3.6,1600000000
