userId,movieId,rating,timestamp
3,201953,4.3,1604036926
13,200693,3.9,1603932570
42,200140,4.7,1606647060
45,201106,2.6,1608659208
14,201485,2.7,1604364765
33,200427,4.3,1601654586
39,201790,3.7,1604799557
30,200882,2.8,1606787020
29,200947,4.5,1608594107
49,200136,3.7,1601456171
9,200875,4.7,1603733946
43,200920,4.9,1605234128
3,201691,4.1,1609052028
11,201648,2.7,1601779815
6,200269,3.9,1604874165
37,200800,3.3,1600136702
14,200298,3.1,1601642709
23,201490,3.1,1604006946
3,201174,3.0,1605351292
48,201506,3.6,1608386890
11,200026,4.0,1607474159
27,200857,3.3,1603247994
47,201039,3.5,1605355689
12,201102,3.6,1601583364
34,201702,4.4,1607004812
5,200034,2.9,1603453264
32,201948,4.4,1606464685
29,200626,3.5,1605231157
4,200988,5.0,1606822194
40,201882,3.4,1604785282
38,201496,4.2,1609659069
8,200935,3.6,1604744110
12,200722,3.6,1609052151
23,200257,3.3,1604940635
43,201959,3.7,1608209499
47,200428,3.0,1609908155
11,200865,4.5,1604115465
15,201980,3.9,1600498863
45,201271,4.6,1605932471
9,201945,3.1,1601460682
6,200383,2.8,1600365368
12,200030,4.9,1603270211
38,200319,4.0,1604249411
30,201803,3.4,1604717560
39,201160,3.0,1605259123
25,200174,3.5,1604098465
29,201872,3.7,1603526772
21,201813,2.9,1609685217
34,201777,3.1,1608575093
43,200401,3.4,1600523282
21,201644,4.2,1603068961
36,201733,3.5,1609532362
6,200658,3.2,1608100253
41,201540,4.3,1602080498
6,201650,3.8,1607133613
29,201486,2.9,1604562827
31,201102,3.3,1606961791
19,201022,3.8,1604055620
47,201912,4.3,1608233504
11,200335,4.8,1606292117
45,201969,4.8,1602569280
18,200293,3.5,1607923274
29,201447,3.4,1604777831
12,200542,4.9,1602554146
9,201319,4.5,1600075844
15,200400,3.6,1604893406
36,200878,4.2,1609369104
24,200573,4.2,1606873943
20,201287,3.5,1602463583
15,201580,3.0,1602304711
43,200619,4.5,1603037966
26,200787,2.9,1606053524
41,201314,4.6,1601164826
50,200726,3.5,1601992555
46,200252,3.0,1609408572
18,200797,3.1,1605228926
24,200482,4.3,1602177718
28,200579,4.5,1602841555
28,200691,4.1,1607252167
46,200283,4.5,1607595669
41,201233,4.0,1601961819
24,201636,3.0,1602775566
6,201409,3.9,1600933455
9,201472,4.9,1602989723
12,201087,3.5,1605612430
39,201894,4.5,1602313482
27,200806,3.0,1600743181
27,201393,2.6,1606858102
41,200200,5.0,1607334672
25,200069,4.9,1609820835
27,201248,3.3,1606872986
20,200833,4.5,1605490734
34,201349,3.9,1602335127
32,200865,3.4,1602456608
43,200310,4.5,1605546746
27,201282,3.6,1603056037
15,200018,4.3,1603653790
13,200535,4.2,1604977311
17,201076,4.2,1600480785
12,201289,4.6,1609906566
2,201006,3.1,1600121982
47,201040,3.5,1605910998
23,201426,4.4,1607207029
17,201880,4.8,1604679212
29,201589,4.2,1602682139
37,201512,2.6,1605036376
27,201596,2.6,1609121692
37,201919,4.6,1600992550
37,201512,4.2,1606688542
37,201527,4.2,1600941173
34,200130,4.3,1609676330
38,200050,4.3,1609071992
40,200786,4.0,1606058417
13,201772,4.5,1604165739
31,200776,2.9,1607917129
6,201992,4.5,1601160502
40,201227,4.1,1608299964
46,200842,4.7,1608521244
21,200886,4.5,1605996203
29,201733,4.1,1605540585
29,200604,3.1,1601674295
44,201789,3.9,1606023294
3,200420,2.6,1607973422
7,201288,4.6,1606447643
9,200778,3.5,1607169158
7,201964,4.3,1609421435
32,200303,3.1,1603616956
2,201235,2.9,1601529648
49,201959,2.9,1609114256
17,201958,4.0,1603403721
15,200850,3.6,1608347095
49,201995,2.9,1607046195
14,200104,4.8,1603571594
30,201634,3.0,1602068660
13,201930,3.1,1604519994
38,200348,3.1,1602104268
30,201276,3.3,1607420509
4,200258,2.5,1606572982
19,200034,2.8,1604057035
43,200148,2.6,1609316754
6,201370,4.5,1606739637
49,201641,3.1,1603276035
3,201636,4.1,1602210816
1,201246,3.3,1609472942
21,201647,4.7,1602129498
22,200084,3.0,1603289463
9,200596,3.6,1601315819
31,200988,3.4,1604232545
23,201719,4.4,1608321107
38,200067,3.9,1607617192
38,201181,3.6,1605195451
19,200129,3.6,1603897366
23,200681,3.4,1604683773
21,201979,4.7,1600516999
44,201767,4.4,1602164426
1,200830,4.6,1608374269
20,201613,3.6,1602182921
40,200324,2.8,1605209899
30,201844,4.2,1603596814
49,200297,4.9,1602505426
28,200761,3.9,1600528292
5,200165,3.2,1600236789
32,201078,3.9,1600423245
19,200935,3.3,1602441722
5,200325,3.3,1605646576
21,200181,3.6,1609230718
35,201203,4.3,1604000884
15,200600,4.6,1600916961
3,201128,4.1,1600009611
3,200120,3.5,1601859400
13,200869,4.5,1608066061
40,200276,4.7,1602194551
20,200704,3.3,1607383427
8,201475,4.2,1603721801
32,200084,4.2,1600645508
46,201285,4.7,1600576338
22,200873,3.2,1604768011
27,200542,4.6,1601613007
39,200259,2.8,1603145187
21,201958,3.1,1603089898
44,201725,3.4,1603516405
2,201528,2.7,1605129321
7,200824,4.0,1604549083
3,201047,3.9,1606639152
13,200758,2.9,1605784738
17,200312,2.6,1608751350
45,201117,3.9,1606405218
43,201059,3.2,1601954524
1,201432,3.8,1602514218
15,200588,2.9,1602866727
22,201793,3.0,1606864129
8,200200,4.5,1602620281
9,200131,4.5,1603618498
38,200228,3.9,1604147511
48,200860,2.7,1605364862
23,201108,3.9,1600605227
28,201855,3.0,1600260937
46,200733,2.9,1604303998
35,200159,2.6,1603749812
29,201724,4.3,1603390057
11,201511,4.2,1608559162
50,200969,4.6,1604810169
49,200818,3.4,1602363645
41,200516,4.2,1600242828
3,200850,3.5,1601253247
50,200475,4.5,1602238198
40,200340,4.6,1609161558
10,200023,4.4,1601954429
13,200217,4.1,1605023233
34,200627,3.9,1607776834
1,200502,5.0,1602594208
33,200004,3.3,1601639098
23,201081,4.5,1608907717
43,201161,4.8,1605316438
15,200297,2.8,1607153415
8,201856,5.0,1600539185
5,200707,2.7,1601924432
39,201653,2.8,1603049460
33,200850,2.8,1607025601
6,201519,2.6,1605652875
36,201093,3.9,1605082365
37,200040,4.1,1602755261
1,201678,2.9,1600882616
5,200076,3.4,1606634698
39,201433,4.6,1608582471
44,200709,2.5,1608960847
31,200435,3.9,1608168955
1,200502,3.6,1601290924
35,200195,3.3,1609901795
50,201096,4.8,1602940042
41,201837,3.7,1602978825
7,200790,4.5,1605174643
50,201244,3.9,1603059010
37,200361,3.7,1608089938
1,201888,4.7,1607287588
32,200249,3.2,1601288551
34,200550,4.7,1609335528
37,201926,2.7,1608999200
29,201726,5.0,1609201201
2,200755,4.1,1607974115
22,201382,3.7,1605967686
2,201054,3.3,1606978338
29,201340,3.9,1607667905
3,201006,2.6,1602181602
22,200052,3.7,1609009735
45,201152,3.8,1602849785
6,200330,3.2,1600358399
19,201412,3.7,1604137481
7,200038,4.1,1604587428
3,201746,3.2,1601885309
39,200217,3.6,1602617875
46,201961,4.2,1600317883
22,200403,3.4,1600090793
37,201083,2.9,1607968331
43,201686,4.7,1609030323
8,200969,4.6,1601337207
5,201373,2.8,1606921597
17,201150,4.2,1602167746
21,200738,3.3,1606148776
5,200791,2.7,1603540453
48,201443,3.0,1604799242
39,200864,4.0,1608305361
2,201770,3.3,1600468037
47,201479,3.1,1601712231
24,201640,3.8,1606814771
22,201196,4.7,1605263639
44,200757,4.7,1603473227
37,201045,4.2,1601974696
26,200938,4.8,1606340074
38,201867,3.0,1609922370
42,201588,3.9,1604915112
49,200405,2.9,1605488285
24,200900,4.6,1606409959
3,200885,3.4,1609927673
31,201602,4.7,1609829471
50,201065,5.0,1605746491
26,200082,2.9,1608568747
43,200358,3.3,1600020244
44,200172,4.2,1605354037
39,200334,2.7,1601304437
12,200287,2.9,1600623073
19,201690,3.1,1609671600
25,201082,4.2,1605842822
7,200187,2.9,1600530280
47,200293,4.5,1607274857
50,201985,2.8,1605961954
4,201165,3.5,1605265869
20,200467,3.3,1607595552
30,200111,2.8,1602359718
16,200394,4.0,1607617832
46,200390,3.0,1602209347
31,201187,2.9,1605877815
40,200395,4.8,1601999538
2,200488,3.9,1607274954
28,201913,3.1,1601779223
48,200235,4.2,1606955772
46,201019,2.6,1606502333
27,200259,3.3,1605513189
2,200343,2.7,1607163882
9,200116,3.0,1601067024
43,200630,2.9,1603440430
9,201788,3.6,1600153830
29,200758,3.6,1601903992
1,201868,4.4,1609745734
36,200132,4.3,1605384584
32,200164,2.5,1603502476
50,200096,4.1,1603292396
42,201277,5.0,1601522650
36,200102,3.7,1609815610
37,201879,4.3,1605175215
48,200913,4.5,1603432505
16,200643,3.7,1609524531
5,201472,4.2,1601120666
18,200072,3.6,1604403892
25,200590,2.7,1608638071
30,200579,3.9,1604715194
25,200519,3.8,1602767926
33,201496,3.0,1600458084
21,200567,3.2,1601288115
29,201871,3.2,1604286678
47,200085,3.5,1607218546
14,200274,3.2,1607878717
25,201560,3.2,1605404602
6,201597,3.7,1603124587
39,201408,4.4,1602370402
14,201796,4.7,1601704907
49,201335,4.6,1609952698
31,201343,4.1,1609970901
50,201129,4.9,1603149436
16,200425,4.9,1606237443
23,201294,2.9,1604963612
29,201582,4.0,1602386255
48,201825,4.8,1601086665
19,200262,4.1,1601819809
10,200257,3.1,1600806308
7,201728,4.9,1603733094
27,200049,3.2,1604760411
37,201671,2.8,1600174145
37,201552,3.6,1605331094
2,200480,2.8,1600000409
47,201114,4.4,1606687430
4,201303,3.4,1601338461
39,201916,3.4,1605281678
41,201473,4.6,1602472202
11,200913,3.9,1602388236
45,200875,4.2,1605264105
14,201289,3.4,1609347828
40,201107,4.0,1606718308
14,201348,4.5,1606021407
41,200396,4.9,1601971589
19,200227,4.0,1609168059
8,201420,4.2,1603320795
26,200324,4.8,1607972669
35,200377,4.8,1605516886
6,201138,3.7,1601288148
35,200524,3.1,1606840546
20,200498,2.8,1609219231
3,200077,3.8,1608621647
17,201384,2.9,1603412801
43,200778,4.7,1607082469
46,200489,3.6,1600503268
44,200638,3.1,1608034539
15,200104,4.2,1605992332
47,200972,3.6,1601314243
37,200453,3.1,1600734069
49,201235,3.3,1601479073
48,200188,2.6,1607092354
49,200417,3.9,1600187766
23,200752,2.6,1608247624
30,200100,3.0,1609441651
47,200311,4.7,1606858942
26,200223,3.6,1603488799
18,201090,4.3,1600124405
2,201856,4.9,1604635717
36,201877,2.8,1608728217
50,201489,3.0,1601756521
50,200976,4.5,1607091073
50,201174,4.6,1607011784
27,201398,3.7,1600786587
47,201131,4.6,1607219729
36,201751,3.5,1602395427
18,200006,4.0,1604769029
37,201184,4.9,1601795007
48,200820,2.6,1601066977
22,201674,3.9,1607927080
1,200507,4.1,1603622301
47,200433,4.4,1605458944
46,200758,4.2,1608312349
19,201969,3.1,1602461072
26,201916,4.5,1604153175
4,201595,2.7,1607807507
21,200187,4.6,1608941732
26,201596,4.9,1600063191
10,201636,4.3,1603865200
38,200714,4.7,1603529393
21,201597,4.4,1602734043
44,200939,3.9,1608678571
13,201337,3.2,1601302751
33,201662,3.3,1609199257
28,200291,2.7,1604412867
2,200190,2.8,1605930464
39,200582,4.7,1602230475
41,201708,3.0,1602222784
11,200217,4.5,1602995194
13,201281,2.9,1603464175
12,200699,4.7,1606957626
4,200884,4.4,1605504062
2,201387,3.6,1603958655
36,201016,4.3,1605617276
16,201274,3.0,1601665184
45,200543,4.5,1607934196
45,201192,4.3,1605585683
31,200167,4.4,1607773570
48,200917,3.1,1605635628
9,201834,2.6,1603379161
50,201580,3.4,1606032457
26,200601,4.4,1604023564
46,201664,2.7,1600890301
8,200237,3.1,1606149604
32,200976,4.3,1602826139
38,201107,4.5,1600128017
27,200814,4.3,1606009482
44,200055,3.0,1606159621
50,200064,4.5,1600611883
30,201331,3.0,1602162898
7,200453,4.5,1602611783
47,201709,4.2,1602350426
11,200232,4.4,1603816329
35,200609,3.7,1609460585
47,201799,4.6,1605006580
40,200686,3.3,1606299677
26,201199,4.7,1608341981
39,201203,4.4,1601327450
37,200157,2.6,1602102425
19,200274,2.9,1609001483
43,200498,3.8,1608761796
35,201203,4.6,1602481094
3,201418,3.8,1600874197
17,200272,4.9,1600796125
35,200380,3.7,1600360058
43,201637,3.6,1609632049
34,201604,5.0,1600375490
6,201663,5.0,1601770690
20,200487,4.5,1603506552
9,200736,4.9,1609499053
1,201321,4.8,1605677636
40,201878,4.5,1601875040
41,200986,4.7,1607273597
38,201198,4.7,1605586426
17,201897,3.9,1609915294
35,201055,4.4,1601822887
1,201935,4.4,1600754997
1,200802,3.4,1608629821
47,201864,4.2,1604298795
26,200185,3.5,1607335209
18,201880,4.2,1603823853
15,201642,2.6,1609549315
45,200104,3.6,1608518134
34,200000,3.0,1602118491
24,200616,3.3,1609892903
28,200947,3.8,1601579305
4,201636,3.7,1605265042
40,201802,3.3,1604485063
17,201266,4.5,1609555288
38,201258,4.1,1608554441
34,201026,3.0,1600194633
45,201405,2.8,1607458763
17,200752,3.0,1608764231
8,200954,3.0,1609638236
20,201269,2.8,1609058676
37,201279,2.7,1602513572
43,201601,4.8,1609203613
36,200333,3.4,1600080227
21,201890,3.0,1607063282
36,201638,3.0,1602641670
13,200003,3.2,1601496829
39,201337,2.6,1605409607
38,200486,4.7,1602348647
5,201217,4.9,1609861938
32,201144,3.8,1601374151
45,200438,3.6,1608902127
23,200516,3.1,1609789883
5,200563,4.1,1604813945
6,201246,2.6,1603500407
50,201741,3.4,1608503090
37,201424,2.5,1603915398
21,200673,4.2,1601396048
14,201861,4.2,1609201462
4,200569,3.8,1607376137
25,201076,3.6,1606638055
12,200776,3.7,1607947858
25,201572,3.0,1606759811
31,201273,4.4,1606515363
44,200318,4.4,1607558439
49,201766,2.8,1602842857
42,201400,4.1,1602217781
14,201507,4.7,1605992164
32,200468,2.5,1608410472
45,201592,3.8,1603415676
33,200469,4.3,1605491713
7,201484,3.8,1605730164
36,201858,4.3,1608236183
29,200716,4.3,1607798332
16,201875,2.8,1604503364
44,201076,3.0,1606872962
46,201884,4.0,1603391260
22,200268,4.1,1601141420
30,200805,2.9,1600091871
6,201426,4.1,1604927963
27,200447,4.5,1602856694
30,201556,4.2,1609574860
12,200549,4.1,1600303779
25,201663,4.4,1601720493
6,200569,4.9,1601995811
47,200595,4.9,1604431543
28,200939,4.0,1600076699
32,200215,3.4,1605035041
3,200820,3.5,1607081767
50,200490,4.9,1608241795
17,201670,4.0,1602944523
13,200219,3.1,1604399971
18,200717,4.5,1605596912
47,200280,5.0,1601932519
35,201551,3.6,1601740252
35,201928,4.3,1608839726
39,201466,2.6,1605021840
50,201359,4.1,1601708503
16,200235,4.5,1606350272
30,201313,4.0,1608511037
48,200545,3.3,1604496286
24,201030,4.3,1604784182
45,201701,5.0,1607744941
3,201742,4.8,1600080243
43,200594,3.6,1607310991
1,200571,4.1,1606505499
43,200857,3.4,1609631579
21,201446,3.9,1604586468
21,201779,2.5,1603118307
6,200666,3.3,1607442776
45,201697,3.6,1601484355
2,201943,4.2,1608273669
23,201873,2.7,1602337549
38,201143,4.2,1608956232
47,200239,2.7,1607870935
33,200150,3.8,1608647284
17,200063,4.2,1601979605
50,201478,4.2,1608501884
21,201269,3.0,1604763437
28,201111,2.9,1602504307
13,200296,3.2,1605725705
36,200197,2.6,1608904361
32,200613,4.6,1606723230
14,201628,4.4,1603757863
34,201307,3.5,1604236620
5,201342,4.9,1607718895
46,200546,4.5,1602318324
34,200958,2.6,1603215152
20,200469,4.4,1600675920
50,201922,5.0,1609745978
44,200166,3.3,1601681090
24,201096,3.4,1603520557
41,201371,3.6,1600084124
46,201411,4.6,1608551423
6,200613,3.8,1602717084
43,201276,3.9,1602970942
45,201725,3.7,1603552648
32,200794,4.2,1608787984
25,201454,4.5,1600974294
26,200776,4.2,1608380037
10,201605,4.8,1609659472
6,200080,4.0,1609470815
41,200497,3.0,1603332205
48,200988,2.5,1604424819
32,200892,4.1,1605461923
11,200761,3.2,1604299396
36,201999,3.9,1606837023
49,201292,3.0,1603348522
49,200050,3.4,1608373161
47,200527,4.8,1608367522
25,201532,3.9,1600816471
16,201755,3.6,1608899746
44,201474,3.9,1609660157
46,200112,4.2,1607768150
10,200819,2.6,1602739232
44,200842,2.6,1602302145
48,200451,4.3,1604074130
50,201769,3.0,1605794068
10,200730,3.9,1601456610
15,200212,3.9,1603734740
26,200023,4.7,1609213086
23,200595,3.3,1607304221
45,200262,2.5,1608309128
22,200646,3.1,1605120690
2,200059,4.9,1608014653
40,200140,4.1,1602617795
36,201780,3.5,1607031508
12,200940,2.9,1605003828
50,201429,3.3,1607505322
2,200886,4.8,1602735748
10,201873,2.7,1601248473
9,200754,4.5,1600898517
44,201617,4.5,1607820315
1,200940,3.2,1605304397
41,201695,3.5,1609232935
41,200436,3.4,1605756568
47,201637,4.3,1600120640
4,201458,4.6,1604738885
3,201479,3.3,1603318575
44,200922,3.8,1607112737
4,200321,3.4,1604132116
25,200945,3.9,1601702005
2,201922,3.2,1601661368
41,201170,3.1,1607310836
8,201090,3.6,1608216626
38,200701,3.9,1609222185
23,201639,4.0,1606452090
27,200622,4.1,1608797894
50,201173,4.6,1606673909
22,201096,2.6,1608067852
46,200749,3.2,1604969108
23,200482,2.7,1603296687
14,201543,3.3,1604509591
38,200893,3.9,1602664876
33,200099,4.0,1603731606
11,200982,3.1,1607174755
36,201812,3.6,1609889365
35,201259,4.8,1605032163
30,201480,5.0,1607738697
17,201130,3.9,1600901921
6,200227,4.5,1608486895
11,200511,3.6,1607818728
47,200498,3.1,1608982257
35,200699,3.1,1601642147
47,200742,4.3,1603635030
12,201493,3.3,1600089898
7,200444,3.6,1600663149
26,201304,3.4,1602947745
43,200526,4.7,1606860202
21,201331,3.0,1608717694
36,201026,3.0,1606020244
48,201598,3.0,1603688351
11,200784,3.3,1602013053
17,200335,4.8,1600178017
24,201001,4.6,1604892678
38,200024,2.7,1609923617
44,201214,2.6,1602752841
35,201130,4.6,1609180595
20,200720,4.0,1600048055
44,200270,2.8,1600110992
33,201856,3.4,1601903661
34,200130,4.2,1607574676
2,200572,4.4,1602592256
19,200951,4.7,1602788515
36,200236,3.7,1602165491
1,201184,2.7,1601154851
10,201726,4.9,1604690251
38,201016,4.4,1608102829
6,201431,4.3,1603239766
49,201198,3.4,1606490338
5,201872,4.2,1604223022
7,201276,4.9,1606973984
47,201062,4.6,1605457974
37,201981,4.0,1607721479
28,201568,3.4,1600622534
25,201499,4.7,1600090840
2,200815,2.9,1608000845
34,200565,4.6,1609924680
7,201888,4.7,1609940288
13,201850,2.9,1605267075
14,200088,4.3,1601706866
42,201839,4.6,1606653267
48,201230,4.0,1604755356
48,201712,3.6,1605760697
10,201759,2.8,1608346930
37,200495,4.8,1601724435
28,200525,4.4,1604338394
39,200345,3.3,1600205647
12,200207,4.0,1604909503
5,201160,4.6,1603195648
41,200394,4.4,1608024142
28,201076,4.5,1606778488
39,201634,4.2,1603929078
27,201217,4.2,1605099819
10,200419,4.6,1604312886
40,201037,4.2,1603976077
11,201782,3.0,1602137198
31,200064,3.8,1602941129
8,201987,3.9,1601174639
31,200486,4.7,1600203507
12,201803,4.0,1601136571
49,200231,2.6,1605292015
2,201508,3.5,1600347303
26,200366,2.9,1602454380
7,201176,4.5,1608095108
27,200542,4.2,1602463744
7,200131,2.8,1600104463
45,201485,4.4,1605240860
8,201938,3.2,1605197303
36,201179,4.3,1601116884
14,200791,3.2,1607476011
44,201474,2.5,1600750669
41,201824,3.5,1604855853
23,200036,4.1,1606909418
46,200153,3.2,1609545884
3,201133,4.6,1605565693
41,200990,4.6,1603846497
48,201900,2.7,1605625118
15,201594,4.2,1609212236
45,201471,3.2,1608740012
31,201670,2.5,1608912193
30,201463,2.6,1604934247
47,201493,4.1,1606790185
23,201719,3.6,1602137947
4,200196,4.2,1600584489
11,200581,4.0,1604992170
8,200149,4.6,1603533436
32,201376,3.5,1605458405
31,200247,4.8,1605290166
43,200192,3.7,1608431195
50,200743,4.4,1607652550
22,200936,2.6,1600587216
45,200045,3.4,1602582706
34,200735,2.6,1602266205
47,201824,4.6,1607651185
17,200657,4.6,1607199534
13,200699,3.9,1609415905
35,201620,2.5,1605291753
30,201817,3.3,1602859616
35,201352,4.5,1607308717
15,201456,3.6,1608614413
4,200200,4.8,1600953548
38,200250,4.9,1605675025
28,200703,3.3,1608376963
5,201762,4.7,1602194772
17,200177,3.9,1609458408
31,200074,3.7,1602889093
24,201326,2.7,1602686550
35,200152,4.5,1601102131
10,201221,4.3,1602301657
49,201880,3.2,1604502353
1,201706,2.7,1600150058
38,200332,5.0,1604093619
50,201528,3.1,1600897460
49,200701,3.0,1602070629
43,200688,3.2,1605622946
4,200462,2.9,1602885425
16,201414,2.6,1602816314
25,201547,4.9,1607877638
27,200550,4.8,1604046649
14,200675,3.9,1602958866
33,201070,4.3,1600908642
3,201252,4.1,1608732000
44,200075,3.3,1601217695
36,201773,4.1,1603606909
1,200060,3.4,1606120105
42,200628,2.9,1604199480
50,201360,4.3,1600375971
36,201470,3.0,1606491263
8,200459,3.8,1608433441
28,201646,3.2,1606403160
11,200276,4.1,1602144063
46,201959,3.4,1601544575
15,200172,4.1,1604891981
44,201208,3.3,1606942042
36,200059,3.6,1609572201
26,200434,4.0,1605487761
37,200575,2.8,1608639935
4,200138,2.7,1607207686
30,201023,3.6,1605625805
39,201362,4.1,1605283144
45,201659,4.5,1604978362
1,201606,3.5,1606912503
1,200217,3.4,1604846187
42,201158,3.4,1606941054
21,200259,4.8,1609042386
22,200040,3.0,1603251762
10,201067,2.9,1605718297
47,200898,4.5,1604111904
34,201409,4.7,1601236607
21,200002,4.0,1607606043
47,201093,4.1,1605562084
4,200753,4.7,1602123349
14,201224,3.5,1608414659
34,201173,4.1,1601090720
17,200774,3.7,1601250819
11,200458,3.1,1608835317
21,201875,3.2,1608590167
31,201491,4.2,1607878030
10,201757,2.5,1601802948
38,201129,2.9,1602510695
25,200095,2.7,1604478675
24,201573,3.7,1600848872
18,200942,4.3,1604048474
5,201989,2.6,1607282382
2,201271,3.3,1600826444
48,201562,3.7,1604402932
34,201142,3.3,1608635896
3,201565,2.8,1604819130
24,200180,4.7,1602384095
4,201929,2.7,1608113036
12,201241,2.9,1605171735
45,200243,3.2,1604334422
42,201913,4.2,1603795348
33,201311,5.0,1602429062
38,201832,4.4,1603804573
46,201235,4.6,1607379860
27,201126,4.4,1605819150
38,201514,4.2,1609207337
26,200770,3.3,1607259180
46,201941,3.7,1600389811
11,200856,2.9,1604531159
36,201408,4.2,1605308370
2,201197,4.5,1603004488
48,200888,2.7,1604067997
2,201614,2.9,1600183326
15,200729,4.0,1601675592
3,200375,3.9,1605430323
22,200516,2.7,1600591832
19,201245,4.7,1607025920
40,201018,3.4,1605460948
9,201228,5.0,1608304506
34,200617,3.9,1609453776
22,200206,4.7,1605119647
13,200054,4.2,1601457782
23,200878,2.7,1608684602
35,201059,3.8,1606713395
1,201831,3.6,1608314944
38,201601,4.0,1601499075
49,200782,3.1,1604723276
21,201389,4.2,1608454815
26,201659,4.9,1605551838
47,200030,3.8,1609851401
33,201450,4.4,1605828555
39,201914,2.9,1601933723
16,201284,4.7,1601572969
12,201401,2.6,1602281299
15,200991,5.0,1608718655
31,201285,3.1,1608973414
19,201547,3.2,1600857839
31,201646,2.9,1601971455
36,200370,3.4,1603104497
7,201788,4.1,1606254273
49,201175,5.0,1608517913
8,200773,2.9,1604791628
25,201048,3.7,1600761711
30,200843,3.7,1604245876
28,200672,2.8,1600814014
18,201415,3.2,1609056659
6,200548,3.3,1608205134
11,200767,3.7,1601902729
48,201698,3.0,1608879571
33,200117,3.4,1609909651
31,200531,4.5,1602841502
23,200428,3.2,1606975927
8,201370,4.3,1605593712
2,201119,4.8,1602975521
19,200464,2.6,1604467495
49,200566,4.0,1602422937
2,201859,3.8,1602560321
38,200345,2.6,1604528991
42,200246,3.9,1603837412
41,201270,3.3,1609811721
19,200243,4.8,1606793252
30,200267,4.9,1606602408
11,200238,2.8,1603209932
11,200655,2.7,1601793634
26,200289,4.6,1601607216
13,201622,2.9,1606797485
43,201493,4.8,1600255307
45,200904,2.9,1608575413
24,200417,4.4,1600143275
13,201872,4.6,1608364708
22,200568,3.6,1606752264
29,201920,4.9,1605892175
41,200889,4.6,1601077506
17,200782,3.6,1609398038
23,200452,4.7,1604253034
18,200972,3.2,1609649695
3,201322,4.6,1602784630
8,201410,3.7,1603257089
14,200385,3.3,1602005800
50,201083,3.1,1604071932
9,201790,3.4,1604908423
49,200590,4.8,1605696724
44,200033,4.2,1604621924
15,201782,3.6,1608855586
15,201791,4.8,1606451575
45,201013,4.7,1609698702
50,200597,2.8,1600582252
18,201936,3.7,1604927017
25,201861,4.0,1608706483
8,200336,4.7,1604494546
5,200551,2.5,1603033516
48,200359,4.3,1607332489
38,200662,2.9,1601937023
2,200437,4.1,1609372074
3,200128,3.3,1607226869
14,200621,2.8,1603121207
20,201344,3.0,1604296903
2,201297,3.4,1604631907
31,200637,3.0,1608816145
2,201560,3.9,1608625976
2,201719,4.7,1606677155
41,200114,4.9,1606280052
43,200661,3.6,1602313998
32,200626,4.7,1609018186
35,200515,4.9,1600184457
29,201409,4.0,1601867549
20,200507,3.8,1600943153
11,201420,4.4,1602926815
47,200515,2.7,1604451793
33,200501,4.8,1606937626
45,201661,4.8,1608440261
30,200098,2.6,1603654115
5,200468,4.4,1607973465
29,200962,2.8,1604360862
11,200455,3.2,1604090338
30,200154,3.8,1607893391
46,200471,3.1,1608289620
7,201513,4.2,1604780902
12,201564,3.2,1609335619
29,201918,3.0,1601210264
21,200070,3.2,1602523800
30,201068,2.7,1607012062
16,201781,2.8,1607626527
33,201768,4.1,1605164302
28,201421,3.5,1602916115
34,200719,2.8,1606569243
25,200071,3.2,1602892028
39,200409,2.9,1609763206
4,200612,3.0,1602698908
11,200679,2.6,1600282451
50,200243,4.2,1605973378
48,201313,3.6,1603975521
39,201324,3.9,1605910475
39,201147,3.8,1601922483
37,201673,4.3,1600508543
49,200399,3.2,1605522126
43,200043,3.7,1605918209
1,200229,3.9,1603686646
26,201491,3.3,1601776943
35,200905,5.0,1603338564
38,200218,4.1,1609556251
43,200415,3.8,1609784979
45,200220,3.6,1604916127
33,201074,3.2,1606759046
17,201767,4.8,1606239347
23,200969,3.0,1605706835
48,200989,3.7,1607708771
5,201379,3.6,1604493193
50,200059,3.7,1609238806
17,200284,3.0,1600800737
42,201538,2.6,1602347665
5,200769,4.8,1602993655
30,200900,4.4,1609721767
36,200732,3.5,1606465670
20,201925,4.3,1606841937
36,200034,4.1,1606594649
11,200386,3.1,1603033250
41,201970,4.6,1602557978
26,201666,3.2,1604417917
34,201338,3.9,1607004365
40,201723,3.1,1609338739
3,201549,2.7,1602709517
1,200859,2.7,1604115544
32,200382,4.9,1603434410
29,200923,4.2,1605771455
21,200100,3.6,1602072061
39,201371,4.2,1603205262
43,200315,3.8,1607258216
6,200724,3.9,1607265680
40,200453,4.3,1608414410
6,201896,5.0,1602344883
25,200906,4.0,1601433227
24,201236,3.8,1607259128
33,200606,4.1,1604505486
23,200254,4.8,1607126524
41,201451,4.1,1601451893
34,201223,4.2,1604510522
33,200052,3.1,1601250027
20,201848,3.8,1605983618
3,201986,3.2,1601938202
50,201619,3.1,1600596371
21,200325,2.9,1601272599
20,201706,3.9,1604128814
14,200774,4.3,1605153351
11,200167,4.5,1608080213
39,201880,3.2,1609742793
46,201438,2.8,1607868150
10,200156,3.2,1602263693
10,200175,3.9,1608582611
32,200483,3.6,1600876226
23,201460,3.0,1603904465
15,201696,4.8,1604621813
32,201080,4.0,1600503485
42,201200,4.5,1602177049
34,200491,2.8,1605373257
19,201035,2.5,1601075829
2,200700,4.0,1600498955
11,200138,2.7,1605972412
50,201405,3.5,1606577783
35,201163,4.5,1601990864
19,201763,3.0,1601191555
1,200146,4.4,1609809235
20,200052,4.6,1609278012
34,200230,3.3,1603895778
10,200154,4.3,1607540249
34,200580,2.6,1603434712
18,200893,4.0,1600143493
25,201585,3.3,1606666856
8,200433,3.4,1602062613
41,200646,4.0,1607644026
13,200201,4.6,1602982942
10,201450,2.5,1600924732
37,200096,4.2,1608946575
44,200107,3.6,1600239337
10,201436,4.0,1606269502
31,201257,3.1,1607656276
7,201947,4.6,1604292379
42,201827,3.3,1603888755
46,200509,3.8,1605496384
42,200785,4.4,1601417496
32,201951,4.6,1609529685
49,201476,2.8,1603427633
5,201759,4.3,1605567815
27,200902,3.1,1608980525
8,200478,3.0,1600480936
16,201897,3.9,1606029128
46,201010,3.4,1602863375
50,201440,2.6,1603333762
15,200072,2.8,1606537474
4,201457,4.7,1609334309
5,200495,4.8,1603959198
12,200348,4.2,1607735291
12,200657,3.1,1607146034
13,200282,3.0,1600538237
21,200249,4.6,1601117839
7,201446,4.8,1605733457
26,200853,3.3,1600473977
46,201467,4.5,1601276996
4,201851,2.7,1609972488
8,201335,2.8,1607316985
48,201557,3.9,1608180996
7,201440,4.4,1608853253
6,200841,3.6,1608856162
33,200834,3.2,1600236807
42,201330,3.1,1605466581
28,200305,4.8,1605875348
13,200070,4.2,1607267314
1,200661,4.7,1602973545
49,201738,3.0,1600348394
44,201176,3.5,1606840948
25,201654,4.7,1606652015
20,201046,3.9,1602593181
1,201489,3.9,1601552582
12,201062,3.9,1605583641
18,201619,3.8,1604293095
31,201523,4.8,1604884534
7,200395,4.7,1608372087
12,200380,3.3,1607502640
32,201373,4.1,1605836074
7,200225,3.4,1608862910
25,200822,4.5,1600480158
26,200994,5.0,1608090442
37,200730,3.7,1604338978
10,201866,2.6,1609095934
4,201152,3.0,1604999550
38,200810,3.4,1607217608
34,201501,4.7,1603761456
40,200729,4.3,1604647022
35,200257,4.2,1600757898
31,201170,4.3,1609929094
15,201858,3.9,1608871421
45,200973,2.7,1605831606
43,200072,4.8,1609881127
50,200391,4.4,1602741092
25,200164,2.5,1602238724
10,200021,4.7,1608279113
15,201184,5.0,1606272302
21,200415,4.1,1604703102
26,200371,3.0,1602005847
18,200612,4.5,1604575458
4,200629,3.9,1606027100
8,200704,3.1,1609928316
44,201825,4.6,1600965126
23,201094,3.4,1605344312
12,201011,4.3,1600915065
34,201167,3.5,1607224026
18,200495,4.8,1603523533
10,201134,4.4,1603261601
31,201314,4.4,1608604195
41,201883,3.2,1608673732
25,200226,4.1,1604717471
10,200404,3.8,1601558177
33,201205,3.2,1601860511
40,200136,3.2,1604029016
38,201073,3.7,1601619307
26,200609,2.6,1607624260
25,201256,3.4,1609434970
17,201295,2.9,1605638164
32,200101,4.0,1603664627
30,200646,5.0,1603812855
1,200653,2.7,1605293601
16,201612,3.7,1608299354
39,201053,4.2,1601455338
32,201278,2.6,1606469119
42,201280,3.7,1603035842
38,200240,2.6,1600264880
8,201730,3.3,1607582170
14,201121,4.2,1605990596
44,201421,3.1,1604551577
37,201015,4.5,1601457309
35,200084,3.3,1606285579
43,201237,3.7,1608009529
28,201801,2.8,1607915856
48,201802,4.7,1607141641
48,201740,2.8,1604266182
9,201714,4.5,1606026357
45,201841,2.7,1606597434
14,200393,3.2,1602060065
25,201734,3.2,1606925568
5,200792,3.3,1601754501
6,200456,3.6,1605622706
44,200498,2.8,1601400388
5,200583,3.5,1603210481
37,200448,3.4,1608987106
43,200556,4.7,1609239588
12,201319,5.0,1608567666
46,201596,3.3,1602787225
31,201785,3.5,1603851693
18,200296,4.3,1604677978
16,200592,4.7,1607970511
14,201041,3.1,1602781252
33,200545,4.2,1606274972
21,200092,2.7,1608192965
21,201025,4.9,1603101137
3,201167,2.7,1601991323
13,201518,3.0,1607088207
5,200698,2.5,1606821486
31,200053,3.6,1608820105
3,201586,3.5,1606974077
43,201682,3.9,1608154302
49,201682,2.7,1604607360
12,200586,3.3,1606051196
43,201218,4.8,1604677556
40,200096,2.9,1607519911
24,200617,2.7,1609422762
5,200081,2.7,1608293804
47,201549,3.7,1606965494
6,201013,4.5,1604836415
14,200410,4.6,1600630783
38,201926,4.7,1605767237
18,201642,2.8,1603400365
2,200347,3.2,1607544768
49,201790,3.7,1604856006
46,201617,4.6,1604702868
45,201142,2.5,1605821975
36,200379,3.0,1605645875
41,200271,4.8,1602482385
26,200980,4.7,1603693589
46,200256,3.4,1602470966
31,201758,3.6,1607393964
26,201237,2.9,1601936056
43,201054,4.2,1604076482
32,200387,2.6,1603202626
38,200450,3.1,1608760876
16,201355,4.3,1601411950
37,200278,4.6,1601256734
37,200632,4.3,1605503637
41,200295,4.8,1608722732
12,201999,3.0,1608561674
4,201450,5.0,1609205828
12,201762,4.3,1608575840
40,201539,2.8,1605227114
8,201184,4.2,1608304971
3,200533,3.9,1609150833
31,200051,3.8,1602966612
25,200580,3.0,1607961874
6,201893,3.4,1600363433
40,200897,4.2,1606775608
30,201733,3.9,1604775160
3,200294,2.8,1602804232
5,200346,3.0,1603648408
30,201649,4.9,1609244090
36,200328,4.5,1607072286
2,200216,4.1,1608840945
43,201209,3.0,1608272881
25,201931,5.0,1608442394
5,200030,5.0,1603683515
12,201702,2.6,1603208922
1,201628,2.6,1602033366
37,201618,4.2,1601054949
48,201749,4.8,1603439690
39,200838,5.0,1607740136
6,201898,3.6,1602836519
19,201735,3.2,1600286436
34,200745,4.9,1605859868
15,200936,3.1,1605256051
41,200633,3.8,1604817798
4,200953,4.2,1603409916
38,200869,4.7,1608323770
29,201920,3.8,1601455421
24,201315,4.3,1609171448
5,201062,3.3,1608213411
26,200859,4.6,1606906870
22,200383,5.0,1604799688
21,200196,4.0,1607778960
21,200793,3.3,1607476778
4,201276,4.8,1601728136
21,200029,2.8,1609738719
5,200787,3.3,1607159686
5,200227,2.9,1602715915
33,200906,4.8,1609823038
3,201750,3.7,1606863516
23,201579,4.2,1600540445
3,201071,4.5,1606652538
32,200146,5.0,1606283135
27,200160,2.7,1609517539
40,200944,4.6,1605020338
16,201890,3.4,1605501143
38,200847,3.3,1606386899
25,201669,3.3,1601061559
2,201742,2.6,1607553556
20,201002,4.4,1604041241
19,200251,4.8,1604256121
37,200108,4.7,1609209730
22,200609,2.5,1600813355
23,200551,4.1,1601198874
42,201992,4.5,1605281439
34,200135,4.4,1608473162
43,200962,2.8,1600881505
27,200505,3.1,1605400039
21,200253,3.0,1600752879
18,200338,3.7,1603960964
16,200184,4.8,1601589027
8,200379,4.1,1608680179
41,201189,4.7,1605338269
1,201146,4.4,1601976809
27,201016,3.0,1600659900
35,201743,4.8,1600079745
25,201730,3.4,1606434443
28,201732,4.3,1600906031
9,200162,4.4,1609849564
10,201468,2.6,1600899565
7,200554,4.8,1605318503
17,201768,3.2,1604453410
11,201795,2.7,1604928025
6,200710,4.7,1602472573
38,200433,2.7,1601069277
47,201253,4.6,1604445255
26,201497,4.8,1604264066
27,201821,3.8,1601412524
43,200300,3.6,1608123274
13,200399,4.2,1608278324
17,200825,2.7,1605081556
13,200557,2.7,1600962690
24,201587,2.6,1603268748
22,200522,4.9,1606156801
16,200124,3.7,1604243748
27,200464,4.1,1607159888
50,200590,3.2,1606974522
10,201227,3.3,1609064881
45,200096,3.8,1603586990
24,201848,3.8,1607220241
9,201799,4.9,1607520397
41,200859,4.9,1604073856
20,201544,4.0,1609359482
25,201702,2.8,1600956750
39,201777,4.5,1600730378
43,200314,4.1,1609057498
14,200107,3.3,1603268328
39,200945,2.8,1601225177
13,201430,3.8,1602021296
24,200351,4.4,1605496863
21,200058,4.8,1601873580
5,201235,4.6,1605576247
48,201205,4.4,1607646873
46,200631,3.8,1609246108
15,201483,3.8,1607215339
29,201236,3.6,1609133152
50,201872,2.6,1608635582
19,201179,3.5,1602157308
2,200101,2.6,1608696056
15,200883,3.8,1606058433
25,200177,3.4,1603361932
47,201164,3.9,1607624626
46,201695,3.5,1602255617
7,200659,4.9,1603826784
50,200299,2.5,1603022972
29,201029,4.5,1609521484
25,200390,3.9,1609495822
47,200849,4.3,1602279616
7,201625,3.7,1607352741
45,200455,2.8,1607454221
35,200425,2.9,1608702316
1,201222,2.7,1600983760
10,201907,3.7,1604796226
16,200520,4.7,1601326496
14,201572,2.6,1601245276
38,200041,2.8,1602008810
9,200048,3.0,1601129698
12,200173,4.1,1609262465
47,201500,3.1,1609427043
4,200756,4.4,1603563559
1,200350,3.5,1602916277
6,200664,2.5,1600802265
46,201189,4.9,1603683234
50,201190,4.0,1600166194
39,200924,3.3,1608706516
19,200610,3.4,1609994282
8,201341,3.5,1605257280
26,201294,3.9,1609650638
22,201124,3.2,1602335455
9,200793,2.6,1602982237
12,200946,3.7,1602962965
24,201842,3.9,1606659126
17,200172,4.3,1601774020
40,201552,3.6,1604449268
44,200448,3.6,1608684742
49,201707,4.2,1609953522
38,200814,3.6,1605778535
49,200132,3.0,1605751832
2,201319,4.7,1609574378
41,200029,4.5,1600906435
9,200226,4.6,1606186334
45,200393,3.0,1607620682
2,201467,3.6,1603559911
1,200019,4.3,1604499071
1,200173,3.5,1606389937
23,201334,2.6,1603416963
25,201123,3.2,1604266785
18,200681,3.9,1608910576
29,200525,4.6,1608643913
11,200777,3.5,1600005197
42,200422,4.8,1604862467
6,201122,3.4,1606311280
43,201862,4.3,1600918640
15,200434,3.1,1608152863
46,200476,4.3,1607405727
40,200367,3.7,1607664416
37,200172,3.8,1602556638
39,201042,3.9,1606863631
3,201887,3.0,1605132179
44,200731,2.6,1607181958
46,200776,3.9,1601922037
37,201951,4.6,1608830044
40,200029,2.6,1601582334
22,201514,3.7,1608850623
43,201426,3.5,1609001363
17,200115,4.5,1600393496
12,201299,3.0,1600017653
36,201042,3.5,1607130234
1,201961,5.0,1607122707
32,200112,4.3,1608576489
21,200293,3.9,1601969175
9,200004,3.7,1607140048
41,200073,3.6,1609205098
38,200053,2.8,1608782657
3,201173,3.8,1609768436
36,200742,4.0,1605362330
39,200431,2.5,1603036229
41,201159,2.7,1607655985
49,201525,4.1,1606606309
24,201963,3.6,1607844148
17,201515,2.9,1603502008
16,201894,4.5,1607047444
25,200475,2.5,1609337189
33,200271,2.7,1605719798
50,201849,4.6,1605728068
10,200697,3.3,1605177122
4,200431,3.4,1603496791
4,200715,3.2,1604727430
37,200258,4.1,1604815510
33,201791,3.6,1606985160
29,201934,2.9,1601932624
15,201333,2.6,1606900141
5,200917,3.4,1601062969
34,200764,4.2,1604353546
16,200755,4.9,1609586677
37,200662,3.9,1606921275
40,200624,2.7,1607493650
47,200181,4.7,1604240573
28,201513,3.8,1608513366
34,200565,4.1,1608889747
19,200939,4.0,1601344777
28,201679,4.4,1605159325
4,201279,4.4,1603077205
35,201246,4.7,1606848919
37,200526,2.5,1602293725
49,201569,3.2,1600106348
47,200421,3.0,1606761002
12,200977,3.2,1600910038
49,201634,4.0,1600070073
26,200560,4.9,1603981180
14,201979,4.8,1605226383
12,200866,3.4,1601574597
11,201744,2.7,1601045808
17,201162,3.0,1608540382
19,200810,3.4,1609547840
37,201400,3.9,1604445238
10,200303,3.2,1607383992
3,201986,3.9,1605867868
9,200086,4.7,1601756999
14,201437,4.9,1609226282
25,201872,3.9,1602171193
15,201629,3.3,1600824410
28,201828,4.0,1607017951
4,200523,3.1,1606800176
29,201684,3.8,1609934805
26,200020,3.4,1601558396
24,200139,3.1,1609718878
36,201918,4.4,1601649301
13,201365,4.3,1601725131
45,201450,3.7,1601649472
48,200296,2.9,1603559834
21,201061,4.2,1600529045
14,200380,3.9,1603312338
11,200574,4.2,1600966159
35,200345,4.5,1604718292
49,200535,4.2,1601222422
31,201968,3.7,1607281209
36,201253,3.4,1600868781
18,200877,3.3,1601400878
35,201264,3.4,1600413651
15,200172,3.4,1608899919
39,201666,4.1,1601653336
31,201047,3.6,1607061352
26,200727,4.2,1606175513
39,201557,2.9,1608888170
17,201417,4.7,1609024069
22,201950,3.6,1600206081
3,201757,2.7,1606618051
41,201513,4.6,1606307951
50,201454,3.4,1607658867
42,201677,4.3,1601854511
49,201556,4.9,1602296535
45,201391,3.7,1604089979
14,201825,2.7,1607845587
16,200466,2.5,1604145546
5,201086,4.9,1609483233
41,201834,4.6,1609017579
42,200022,4.5,1609938970
37,201075,3.5,1602156185
17,200581,4.0,1604748605
24,200637,4.5,1607824814
1,201303,3.9,1603235973
46,201622,4.1,1608901659
9,201529,3.7,1601562546
25,201801,4.9,1600793922
25,200072,4.5,1602937291
33,200943,4.6,1609809257
29,200191,2.6,1607130783
29,201473,4.4,1608787916
13,201463,4.3,1605806171
6,200408,3.3,1606072794
31,200896,4.8,1609962143
22,201023,4.7,1601942960
41,201957,4.9,1605486382
14,200502,3.1,1609599580
38,200758,3.0,1600926070
24,200340,3.7,1606660993
37,200122,4.6,1609279812
48,200315,4.4,1607718565
12,201359,4.7,1604339506
13,200939,4.4,1607020268
46,201324,2.9,1603641117
50,200059,3.3,1605385274
30,200506,2.9,1603770674
35,201962,4.3,1605645941
32,201340,4.3,1602778884
31,201384,2.8,1608027455
15,201176,2.6,1600082933
15,200412,3.9,1609833275
17,201730,3.3,1607216727
25,201281,4.1,1600528660
9,201397,2.8,1606042924
46,200183,2.9,1604840868
20,200488,4.3,1600926525
34,201475,3.1,1608753078
15,201652,3.0,1604758658
27,200782,2.9,1608915780
7,201335,3.0,1600965087
44,200932,3.1,1601718418
46,201389,2.7,1609768345
13,200124,3.8,1608200643
38,200720,4.3,1600003367
34,201255,3.4,1608141291
47,201842,4.9,1604878991
49,201216,3.3,1606632753
50,201308,2.8,1600256226
4,201754,2.7,1604988979
14,201789,3.9,1605777791
23,200953,2.7,1608435042
43,200839,3.1,1609182157
46,201378,4.2,1609505532
18,200505,4.2,1601576825
41,200021,2.5,1609155116
33,200833,3.4,1604950292
26,201709,3.5,1606959700
18,200796,4.1,1605997732
21,201768,4.1,1603151298
46,200493,2.7,1604407754
23,200405,2.7,1601343679
45,201685,3.9,1602926045
33,200213,4.9,1607649761
1,201586,4.3,1606946892
48,201029,3.3,1607142802
3,201345,2.7,1601688458
7,200363,4.3,1609283326
29,201465,3.9,1609545163
5,200047,2.6,1600945913
10,201981,3.7,1601897816
40,201594,3.3,1602122352
30,200819,2.7,1600400487
33,201761,4.2,1601577284
45,200648,2.9,1601209894
34,201552,4.9,1600649286
46,201482,2.8,1608935926
43,200995,3.6,1609226516
17,201786,4.9,1601224207
12,200346,4.5,1603710238
21,200715,4.1,1609205945
38,201103,3.8,1604918545
24,201052,4.9,1602008527
6,201360,3.5,1603655889
31,200093,4.9,1603049038
17,200869,4.7,1605824032
19,201249,4.7,1608141487
43,200151,4.2,1603494753
10,201729,3.1,1601204915
5,200779,3.6,1606000711
4,201859,3.4,1609795002
39,201165,3.7,1606227656
15,200412,4.5,1603239951
3,201638,3.1,1606068699
37,201305,3.0,1602388205
50,200812,2.7,1601504385
19,200528,3.1,1604234689
36,200893,4.0,1605847454
43,200117,4.8,1609631771
38,201041,4.0,1603178395
22,200941,4.2,1602195744
10,200347,2.5,1601661237
44,200424,3.5,1607887596
38,201122,3.1,1609502737
48,201211,3.1,1606964925
41,201592,4.7,1608824143
12,200641,3.2,1609586571
7,200674,4.2,1605874231
48,201304,3.0,1603819727
41,201840,5.0,1603494406
49,201784,4.4,1602694305
31,201597,4.3,1608018965
6,201219,3.7,1602398138
4,200714,2.6,1607061681
38,200958,3.5,1608495549
18,200109,3.2,1601815664
30,200261,4.6,1606779137
16,201739,4.0,1603330130
36,200311,3.1,1609915216
28,201936,3.9,1606014659
22,200418,3.4,1602684522
50,201682,3.4,1604378132
48,201090,3.9,1604970588
22,201920,2.5,1607972839
7,200158,4.7,1609231077
49,200612,3.4,1605378246
38,201354,4.2,1602912044
39,201902,3.2,1608879866
42,200470,4.1,1600747733
50,201139,3.3,1608316640
31,201052,3.9,1600658567
20,200873,4.4,1608483173
35,201542,3.2,1604885005
12,201057,3.5,1604423743
45,201237,3.9,1609632201
11,200267,4.0,1600235557
14,200609,4.8,1601154211
41,201057,4.1,1609283472
37,200448,4.6,1608859315
2,201663,3.8,1603033315
49,201444,2.5,1604609680
7,200687,3.8,1605412487
47,200900,3.6,1601286926
38,201309,4.1,1604720010
41,200237,5.0,1606668310
24,201992,3.0,1600561385
26,200038,2.7,1605597360
10,201761,3.1,1607972091
19,200898,2.7,1609576525
17,201074,3.3,1609661711
22,201829,4.6,1605586306
38,200909,4.9,1605793658
17,200473,5.0,1609503033
4,200066,4.6,1607529451
32,200005,4.9,1608281659
30,200657,3.4,1604131075
37,200364,4.9,1608592061
41,201705,2.9,1608325914
1,200822,2.9,1607822221
44,201343,2.9,1608442746
10,201255,3.4,1607354877
1,200232,4.3,1603345345
27,201534,2.7,1603763604
17,200783,3.1,1600266991
33,200606,3.1,1600136133
25,201731,2.7,1609334494
11,201358,2.6,1601425668
27,200295,3.1,1607573323
40,201870,2.7,1603120650
10,200669,4.4,1602588167
7,200182,4.4,1600859045
2,200175,3.4,1602767178
17,200113,4.3,1608163435
31,201671,4.3,1601280161
33,200602,2.9,1609590020
38,200966,3.4,1601052033
37,201761,4.4,1609383449
50,201778,4.6,1603578261
29,200113,4.1,1607805491
35,201601,3.4,1607987708
47,200515,2.5,1600600147
48,200275,3.2,1600419516
41,201296,5.0,1602962902
36,200859,3.3,1604189438
15,201156,3.0,1604849835
24,200148,3.6,1608881125
26,200565,3.6,1603935662
40,201400,4.8,1604422486
26,201334,2.6,1606234865
38,200280,3.9,1603946367
38,200125,3.3,1600943630
40,200368,2.6,1603695359
44,201511,3.4,1603449381
47,200595,3.1,1607398539
28,200588,4.7,1603508267
24,200973,4.0,1603982525
36,200984,3.3,1602464461
18,200158,4.2,1604249261
26,200933,2.8,1603692088
7,201744,4.5,1608421599
49,201429,3.3,1600590688
41,200773,5.0,1602160787
21,200337,3.3,1601605023
11,201255,2.6,1607501876
6,201619,4.8,1606288047
6,200308,3.6,1605701404
37,200336,4.6,1600971966
42,200321,4.8,1603320437
2,200138,4.8,1606987354
33,200182,2.7,1600494993
43,200340,4.5,1607317687
39,200441,4.0,1608167649
31,200295,4.3,1606544102
11,201431,2.9,1607456217
11,200037,2.6,1609803392
41,201824,3.5,1606509042
3,201139,4.7,1602174912
36,200808,4.7,1603763841
9,200954,4.5,1608879280
17,200596,3.0,1609636139
17,200036,3.7,1603350973
28,201907,2.7,1604975500
11,200779,3.2,1607193929
15,201575,4.8,1600338099
44,200913,4.4,1603253842
3,200740,3.6,1601200610
40,200947,3.7,1602318085
44,200021,3.6,1601574614
19,200164,4.4,1604656450
50,200207,3.0,1605228232
48,201301,3.0,1602404153
8,200211,4.2,1602571647
25,200391,4.7,1603752308
23,200459,3.1,1600655389
26,200154,4.8,1609386799
34,200087,3.7,1600452233
3,200788,4.3,1609187225
37,200407,4.1,1607060456
8,201152,2.7,1607857730
50,200253,2.8,1609819458
28,201473,4.7,1608456111
29,200082,4.9,1602258043
39,200074,2.9,1600885247
42,201589,3.3,1605801513
3,201589,3.0,1608483783
42,200964,4.1,1605972742
13,201312,4.7,1603643553
28,201655,3.0,1609267721
3,201569,2.6,1603079205
1,200940,4.8,1606508245
8,201412,3.0,1609386149
29,200323,4.7,1602425318
47,200854,4.0,1606098227
26,201476,2.7,1603763022
8,201662,4.0,1608169232
47,201035,3.0,1607631775
12,201697,3.8,1605745530
7,201392,3.0,1603911862
23,201383,4.1,1605332248
46,201648,3.8,1605161852
44,200839,3.6,1603904481
20,201577,3.8,1608269771
9,201724,2.5,1602677732
47,201512,4.5,1608226283
28,201349,4.4,1603296087
50,200083,5.0,1600540914
33,201168,4.9,1601088363
9,201011,4.9,1603500071
15,200082,2.7,1601335763
28,201227,4.2,1607769720
47,201563,3.4,1600138029
17,201579,4.9,1606937158
38,200461,4.6,1607371630
3,201703,3.0,1605952613
1,201680,4.9,1603121588
31,201137,3.9,1605969197
26,201078,3.3,1603543503
28,201829,3.2,1601458148
22,201763,3.5,1605132270
26,200117,4.1,1609528818
11,201774,3.7,1607907666
50,200366,4.0,1606245419
39,200151,3.2,1601438205
6,200882,4.6,1607647301
9,200689,4.7,1607188497
50,201669,2.7,1603198481
26,200144,3.5,1602252332
9,201318,3.9,1600305280
26,200312,3.6,1600183691
40,201867,4.5,1602991578
3,201021,2.7,1603362793
14,201165,3.8,1607036346
14,201613,3.7,1604923058
2,201688,4.0,1609659294
30,201876,4.5,1605690772
18,200357,2.5,1609261414
23,200323,3.5,1602581615
10,200651,4.5,1607357609
35,200568,4.4,1607726083
32,201217,4.0,1602498247
46,201385,2.7,1600990282
31,201613,4.5,1605030343
30,201471,3.9,1602490900
33,200629,2.8,1608928997
12,200698,4.7,1604454755
48,200474,2.9,1600609370
41,200300,4.7,1603633329
24,201045,4.6,1606349081
14,200057,2.8,1600263255
26,201296,4.9,1608122911
20,201992,3.1,1607068757
38,200038,3.1,1605340268
2,201913,3.0,1602315597
42,200895,3.1,1603252822
34,200846,2.6,1606354766
40,201562,2.5,1608406439
13,201529,3.8,1600226835
11,201247,3.7,1600607653
41,201437,3.5,1608072394
49,200665,4.8,1604397085
40,201997,3.6,1603710313
50,200005,4.1,1607965769
38,201418,3.8,1601388946
10,200925,3.6,1605932550
27,201001,4.4,1600345514
50,200223,3.9,1607409369
8,201178,3.2,1602889592
39,201787,3.2,1609416261
14,201345,4.1,1608948424
18,201478,3.1,1606919182
3,201710,4.6,1607975594
50,200677,3.4,1604208726
46,200811,4.5,1602565421
38,201297,4.4,1606955545
19,201341,2.6,1604480564
36,201167,4.4,1608879292
24,201309,3.5,1603234825
4,201268,4.5,1604419662
31,200771,4.6,1606136597
25,200288,4.6,1600000483
29,200563,4.0,1606042044
42,201017,2.6,1608950881
33,201906,2.7,1604858465
32,200436,5.0,1609001187
27,200352,4.7,1604839966
16,201283,4.7,1602948194
8,201499,3.3,1606575528
24,200493,3.7,1609159534
10,200128,2.6,1601455136
41,200270,4.2,1600840113
48,200665,4.1,1606044056
48,201543,4.7,1606688822
2,200672,4.2,1602312574
46,200949,3.9,1607101852
50,200446,4.0,1600814844
50,200919,4.4,1606469413
22,200841,3.2,1600545786
30,200646,4.7,1605440566
50,200856,2.6,1601465549
9,200650,4.0,1600744008
31,200377,4.1,1605783927
46,200145,3.4,1604581901
41,200753,2.8,1603443447
33,201208,3.2,1602971435
7,201634,3.3,1602204613
24,201328,3.6,1608874054
10,200459,3.3,1607269387
36,200036,3.3,1604208265
37,201936,2.6,1608711506
18,201087,3.6,1608957967
45,200695,3.5,1608117145
16,201200,3.2,1602379720
38,201981,3.4,1609220539
18,200305,3.6,1600826180
29,201626,5.0,1607333068
10,201541,3.3,1603191034
7,201652,3.4,1600196499
30,201763,3.5,1601218503
4,201970,2.7,1607804471
27,200826,4.4,1608970970
20,201143,4.2,1606647069
48,201862,3.8,1608920911
19,200329,4.6,1609859802
14,201845,3.3,1606738875
34,200568,3.4,1603258861
2,200486,4.2,1609932873
38,201672,4.4,1609043137
10,200598,3.0,1605259915
50,201904,2.8,1609031841
27,200894,3.0,1606341090
44,200633,4.1,1601159414
22,201130,4.3,1603281902
15,200063,4.1,1603817978
6,200268,4.8,1605137996
9,201460,5.0,1606321594
45,201769,4.7,1601069948
49,200203,3.6,1605653109
20,200206,4.6,1604755302
26,200505,3.7,1601219988
7,201049,4.4,1600825373
50,201475,4.2,1604047518
9,200849,4.2,1607973347
45,200125,2.8,1604216719
21,201904,2.8,1606527808
25,201036,3.2,1607596462
40,201773,3.9,1607012995
43,200421,3.9,1605614830
30,201197,4.4,1607527542
32,200793,3.6,1609097449
3,200251,4.5,1601173861
14,200800,2.6,1606455807
38,201623,3.3,1602075906
3,200809,3.3,1606482485
47,200781,3.8,1603197214
4,201538,5.0,1609410935
24,200976,3.2,1603651385
22,200333,4.0,1600632745
44,200492,4.7,1601281575
9,200803,3.4,1606397513
41,201602,5.0,1605203735
23,201844,2.6,1601680510
37,201801,4.3,1607887379
41,201656,2.7,1600123727
8,200545,4.6,1606264941
30,200141,2.8,1608555939
32,201601,3.7,1606095460
8,200238,3.3,1603400015
36,201687,4.4,1602289137
34,201355,4.1,1604324654
45,201469,3.6,1607885101
42,200876,4.4,1605508624
24,200262,3.6,1609137270
36,200090,3.9,1607280291
39,201469,4.5,1609596614
47,201238,3.6,1606543088
17,200645,4.9,1607252860
25,200127,4.3,1600894799
48,201210,2.7,1608164045
8,200029,3.7,1608218715
47,200154,4.9,1606959527
15,200169,2.9,1603383509
4,201138,3.2,1609022047
23,201536,2.5,1606780686
18,201123,4.3,1605718576
40,200117,4.7,1600980408
2,201292,4.4,1601005572
28,201635,4.8,1600706707
43,200740,2.5,1606335035
26,200190,3.9,1606655346
42,200849,3.5,1605869186
1,200066,4.9,1605904921
43,201447,3.7,1609186678
41,201966,3.9,1602756461
41,201708,3.5,1601882152
27,201298,3.8,1605043514
15,201513,3.0,1600037198
12,200329,4.9,1606902266
45,200431,4.1,1605082502
7,201525,3.6,1608362582
18,201393,3.7,1607269356
4,201602,3.4,1606939932
21,201812,3.6,1608031321
2,200005,3.2,1605435566
41,201612,2.7,1607206823
4,200082,3.0,1603698596
37,200926,3.3,1608684967
18,201456,2.5,1600976762
41,201395,3.4,1600305046
6,200421,3.0,1607504470
32,201170,4.0,1600716928
16,200820,2.7,1607807788
19,201705,2.9,1604127327
25,200766,3.8,1601198689
24,201036,3.0,1604030375
4,201962,2.6,1608015823
9,200797,4.0,1608170896
20,201209,3.1,1608612451
2,201256,3.4,1602605544
14,201610,4.6,1606016474
4,201296,2.7,1608783417
48,200031,4.2,1606403125
3,200925,4.1,1605165888
9,200516,2.7,1601940293
2,200790,3.7,1608726976
35,201368,3.8,1600424243
32,201980,4.7,1603688181
35,201930,4.1,1607096052
49,201009,4.5,1600166181
46,200853,4.7,1609898801
13,200085,3.4,1604131027
11,200337,2.6,1601714806
7,201224,3.5,1602982374
24,200448,3.2,1602936851
36,200774,3.1,1609168810
41,201540,3.6,1609218690
9,201811,4.8,1605129160
15,201008,4.4,1600958347
12,201104,3.8,1605669542
48,200485,3.0,1602379514
35,200981,3.6,1602461817
1,201883,3.2,1603998465
24,201766,3.9,1600466178
41,201615,3.8,1604428458
28,201830,4.4,1603659430
42,201023,4.9,1601280084
46,201654,3.4,1606143718
42,200849,4.9,1606703637
20,201646,4.2,1607569923
26,201809,4.5,1608508481
10,201403,3.7,1601291957
14,200140,3.4,1605865973
31,200362,3.6,1602256338
12,200166,3.3,1608340787
10,200218,4.7,1605476651
16,200504,3.3,1601385625
41,201947,4.1,1600054636
14,200205,3.8,1605050134
22,200927,4.3,1609447465
31,200651,3.4,1604695113
3,200800,3.6,1609325622
50,201410,3.3,1607575267
28,201167,3.0,1601048091
28,201490,3.1,1608764572
16,200886,4.7,1605742277
28,201150,4.5,1601250158
49,200707,4.7,1605146226
24,201695,3.8,1605850395
16,201774,2.5,1604253766
14,201488,4.5,1604822731
22,200667,3.5,1605717807
22,200142,3.8,1605139261
38,200359,3.7,1600622114
34,201793,3.9,1608840155
2,201224,3.0,1607795720
40,201711,2.6,1608596194
8,201703,2.7,1602338157
14,200276,2.7,1604889575
22,201558,4.8,1605857550
48,200396,3.4,1605319457
37,200803,3.2,1605321635
2,200695,3.4,1606421962
2,201114,2.7,1609019888
34,200647,2.7,1609938756
48,200430,3.4,1602426052
15,200903,3.5,1609553576
3,201164,4.2,1606218866
50,200228,4.3,1604993311
41,200067,2.6,1607065031
16,200986,3.4,1601878654
46,200759,3.5,1606585836
22,200991,4.9,1600959106
34,201686,4.1,1609863398
40,200653,3.7,1604146815
16,200445,4.9,1604427524
23,200535,4.7,1600294084
12,200213,3.4,1606024053
47,200429,4.3,1603426155
19,201323,2.8,1605090250
38,200961,3.0,1601909656
22,200341,3.4,1608190101
27,200078,3.7,1605239033
22,201447,4.8,1604781141
15,201725,2.9,1600985313
46,201832,4.2,1602301996
33,201372,4.5,1600342322
21,200665,3.5,1608044220
24,201773,3.0,1604306600
2,201524,2.7,1609395450
41,200257,4.3,1608022309
5,201284,4.8,1605759326
34,201149,4.5,1600849803
23,201536,4.4,1603535639
28,201607,3.4,1609296476
48,201182,4.1,1607357499
5,200594,3.8,1605537897
41,200534,3.9,1600003739
43,200138,3.7,1607475896
7,200865,4.2,1605217753
14,201513,4.3,1604535451
20,200730,4.7,1601652382
24,200913,3.2,1601187686
7,200437,3.2,1605801714
34,201646,2.9,1609971971
7,200834,3.1,1607407854
27,200585,4.4,1601806866
6,201290,3.1,1609138144
50,200566,3.0,1607117074
16,200984,4.7,1605524229
5,200205,2.9,1604594038
39,200740,4.2,1603552881
33,200518,4.2,1600781578
40,201403,3.8,1606502605
8,201397,3.1,1609301077
13,200516,4.3,1602709263
30,200416,2.7,1608893746
1,201403,3.1,1609478269
49,201579,3.2,1605319504
8,200187,4.8,1607806012
3,200679,3.7,1600612301
29,200173,3.8,1603516926
31,201064,4.0,1609842961
37,201901,4.0,1608102526
50,200909,2.9,1609887650
13,200521,3.5,1608546646
17,200448,3.2,1607639113
1,201562,4.5,1607920787
42,201026,4.9,1602960872
48,200023,2.9,1602542049
26,200284,4.5,1605678251
40,201733,2.7,1600857954
38,201464,3.0,1609282472
4,200977,3.5,1609488098
2,201430,3.1,1609370888
33,201240,3.2,1607513089
3,200583,3.7,1601653247
36,201119,5.0,1609562160
4,200731,3.2,1601110112
23,201178,4.0,1609080309
26,201279,2.8,1609079055
23,201257,3.6,1600042311
47,200651,3.9,1603919114
22,200019,4.2,1609922281
18,200666,5.0,1600632715
26,201746,3.9,1605591662
22,200867,2.8,1603779940
23,200026,3.3,1607447622
22,201394,3.3,1602232170
28,200387,3.2,1606839689
35,200785,3.3,1604810579
20,200755,2.6,1603781060
14,200243,4.8,1607014981
30,201831,3.0,1608456191
5,200067,5.0,1605323152
24,200790,3.1,1607355893
21,200422,2.6,1604045456
50,200547,4.5,1604544530
43,200926,3.5,1604191307
13,200446,4.0,1609592992
9,200996,2.8,1607367200
37,200580,3.7,1602496847
6,200767,3.8,1604742125
24,200332,3.9,1602172281
16,201456,3.9,1604121347
1,201435,4.1,1604192100
30,200311,4.8,1600595673
43,200714,3.2,1609812656
36,201184,3.1,1605726558
32,201081,3.3,1601329093
6,201891,4.6,1601923340
20,201669,3.7,1609580064
23,201578,3.0,1606114254
22,201945,3.6,1602304544
3,200472,4.5,1604906462
5,201410,3.4,1603535424
47,201345,3.9,1606788481
7,201295,3.2,1603010702
6,201754,2.6,1604973443
32,201929,4.5,1600922238
14,201001,4.8,1602837467
27,201806,4.4,1602548554
40,200960,2.9,1607957921
33,201509,2.6,1604652124
42,201700,2.7,1602104495
3,200034,4.3,1601868530
29,200451,2.6,1604716522
50,200497,4.6,1603719033
3,201077,4.9,1603581193
31,200244,3.5,1601720678
47,201659,3.6,1604534041
3,200137,2.5,1607186605
42,201998,4.7,1607481394
21,201627,3.4,1600887449
3,201952,2.8,1606570682
12,201321,4.5,1603754863
25,200028,4.8,1606610868
5,201551,3.4,1605612635
18,201342,2.7,1603130411
27,200337,4.6,1607132991
2,200135,3.9,1606577207
44,200132,3.2,1607745193
26,201855,4.4,1606557688
23,201219,3.1,1606261059
24,200806,3.6,1606832879
33,200281,3.7,1601258277
3,201615,4.3,1607717207
3,201921,3.1,1605219925
9,200522,2.6,1604419366
32,200743,3.4,1609095148
15,200366,4.2,1607462177
35,201899,3.4,1604598840
30,201006,3.1,1608264566
21,200021,4.9,1602366093
20,200007,3.7,1608537488
4,200501,4.2,1604846655
21,200905,2.7,1608828389
35,200221,3.3,1605377953
17,200903,2.9,1609752275
41,201325,3.5,1606449465
12,201244,2.8,1606873648
29,200373,4.3,1604080609
5,200811,4.9,1605516636
17,200464,3.0,1609520190
37,200390,3.2,1607298118
12,200145,3.2,1602603403
26,200080,2.6,1603638418
1,201948,4.8,1601290860
19,201156,4.4,1608426896
23,201964,3.2,1605094044
2,200407,4.0,1601215437
33,201893,3.8,1602590463
7,201961,4.5,1603729059
24,200482,2.5,1609912410
10,201532,4.2,1600573797
5,201343,4.8,1607076095
4,200743,3.7,1609775176
28,201488,3.6,1606891756
35,200104,3.9,1601488077
6,201497,3.1,1600725573
44,200920,4.3,1606116681
29,200322,2.6,1607005851
35,200482,2.7,1603333478
23,201727,4.7,1604193445
49,201560,4.0,1609512920
14,201204,3.8,1609124405
49,201147,3.9,1604945993
35,201392,2.8,1609623967
25,201840,3.7,1609504277
22,201297,3.7,1605310255
3,200562,4.0,1609746443
5,200373,3.3,1603528155
38,200400,3.4,1604314512
27,200375,4.4,1601840475
25,201468,3.6,1604247466
10,201751,3.8,1602001349
45,201042,3.2,1604845828
25,200728,3.6,1607648251
17,200600,4.9,1608989202
23,201392,4.5,1608992182
22,201429,4.0,1605550792
44,200647,4.8,1600821207
3,201383,3.7,1603333587
42,201305,2.9,1600819057
6,200010,2.8,1605778649
15,201940,3.2,1608226596
44,201905,3.9,1608215165
5,201519,2.9,1601672752
24,200729,4.7,1605265172
40,201603,4.3,1605747115
2,200119,3.2,1603714526
11,200469,4.8,1607570813
7,201553,4.0,1605430448
40,200882,4.4,1603987803
42,200870,2.6,1605883124
30,201311,3.0,1605277320
40,201778,3.3,1607441967
45,200961,4.9,1601751286
11,200188,2.7,1604973958
50,200946,4.4,1604013928
38,200694,3.6,1604350306
12,200705,3.2,1602654572
13,200478,3.9,1606593629
24,201980,4.6,1600825887
44,200283,3.5,1606192192
44,201997,4.7,1603820924
37,200884,3.2,1600328823
41,201258,3.4,1605725710
39,201492,4.3,1608400250
39,200493,3.4,1609515444
42,200890,4.1,1600383550
29,201959,4.3,1601392974
37,201416,4.9,1602741027
7,201650,4.6,1605249987
32,201325,2.9,1609874584
22,201628,4.4,1603827027
14,200927,3.8,1604148351
39,200747,4.5,1609882187
50,201912,3.9,1606946227
44,201172,4.7,1606841612
23,200775,3.4,1609512302
49,201071,4.5,1604201893
50,201769,3.6,1604722326
29,200857,2.6,1602504309
2,201152,4.2,1607429125
7,200334,4.8,1609383273
1,201738,4.8,1609257298
32,201659,2.9,1600695368
31,200092,3.3,1602051563
6,200722,4.6,1604174949
5,200461,4.7,1608057140
5,200633,3.4,1605713003
24,200714,4.4,1604616392
47,201625,3.3,1601096769
31,200864,4.1,1607081757
5,200451,3.2,1600988917
48,201704,2.9,1601009435
8,200482,3.8,1601579491
43,201986,4.0,1604890086
38,201320,4.9,1605927434
20,201086,3.5,1605564499
18,200287,3.4,1604460339
23,201218,4.2,1601390429
37,200252,3.9,1609948761
16,201711,3.5,1604226113
13,201278,4.8,1607062776
37,201336,3.8,1604392181
11,201345,4.5,1609220020
3,200489,3.3,1601500730
39,200056,3.7,1607359431
23,201624,4.5,1609488760
12,201628,4.8,1606938462
25,201609,3.9,1607138077
30,201224,4.8,1600770441
26,200436,2.6,1602574654
9,201313,3.0,1603613094
19,200994,2.5,1607469985
36,200939,4.7,1609472874
34,201490,3.0,1602696242
30,201495,2.9,1602004895
38,200033,3.7,1608349777
9,200104,3.1,1600639021
22,201907,2.7,1607058139
5,200454,2.9,1600316550
37,201750,3.6,1605718234
9,201254,2.7,1605564192
29,201085,4.8,1604182705
14,200017,3.2,1605050367
14,200373,3.1,1603999137
2,200447,4.8,1607298830
12,200969,4.8,1607324813
37,200026,3.9,1607672799
13,201286,3.2,1605920307
5,201868,4.8,1603783910
5,201945,3.5,1605049827
10,200808,4.0,1606235872
9,200879,4.0,1609484390
48,200192,3.3,1603756006
1,200520,3.8,1604765359
21,200978,3.0,1605475271
5,200624,3.0,1605471744
17,201009,2.8,1606529575
29,200228,3.1,1606074268
49,200763,2.5,1609301851
46,201477,3.4,1603329298
48,201760,4.1,1605686073
45,201277,4.8,1601175439
2,201838,4.8,1609958842
13,201990,4.8,1609343746
11,200807,3.1,1601179435
12,200986,3.3,1608266921
24,200337,4.6,1608927839
10,201233,3.4,1602031449
34,200759,4.4,1604845850
28,201181,3.1,1609598942
42,200120,4.8,1602965675
4,200930,3.3,1600573629
12,200060,3.7,1609217504
44,201199,4.3,1603909835
25,200702,3.7,1606415691
18,201057,3.5,1601828550
43,200280,3.7,1605207436
41,200542,3.1,1604191564
8,200755,4.4,1601212402
42,200112,2.6,1608009846
43,200293,4.1,1606593614
46,201985,3.7,1601214541
12,201684,5.0,1602416561
31,200050,2.9,1602931236
37,201605,3.2,1607826982
43,201950,4.6,1606678384
39,200393,2.7,1608731982
45,201433,4.2,1602668563
26,201101,3.7,1608137453
6,200800,2.6,1605281247
8,201974,4.4,1609336730
17,200648,2.8,1609186454
33,200894,2.7,1605063064
33,201647,2.5,1606319802
31,201722,3.4,1601759188
40,201244,2.6,1609639455
33,201586,3.0,1600421147
16,200808,4.6,1600262738
2,201422,4.1,1604710886
40,201774,3.7,1605255174
15,200619,4.4,1603014133
33,200412,2.6,1608379884
14,200092,2.8,1607903034
37,201165,3.6,1607036819
13,201406,3.9,1608861420
45,200545,2.9,1608644592
6,200721,4.3,1606511240
13,201135,4.1,1609735545
3,200180,2.7,1603257485
14,200715,4.9,1602225716
31,201789,2.7,1608830814
40,200673,3.2,1604963509
10,201392,3.4,1605160999
4,201686,2.9,1604694756
43,200495,3.2,1606981460
7,200118,3.1,1602230619
24,201926,4.5,1600944572
48,201110,3.6,1608465888
36,200411,3.2,1605499120
50,201829,3.7,1602717109
39,201588,5.0,1601199196
13,200908,4.6,1601676981
24,200714,4.9,1606251567
36,200149,3.7,1607872786
2,200516,4.9,1602774756
12,201854,3.3,1608357800
18,200444,4.5,1602545074
29,201392,3.6,1607147839
41,201641,3.3,1607049835
34,200661,3.5,1600764638
25,201810,4.2,1604126098
13,201223,2.5,1600333116
49,200614,2.8,1609136982
44,200594,3.8,1609989147
46,201101,2.7,1606422797
19,200969,4.0,1602428920
40,201095,2.8,1603426429
7,201938,3.4,1601437851
28,200565,3.7,1607913838
16,201403,4.0,1608545095
15,201529,2.9,1609122379
38,200163,3.7,1608622771
32,200327,3.6,1604749746
22,201175,3.2,1604388391
37,200399,4.6,1607019880
2,200303,3.4,1608000538
31,201707,3.7,1608261811
8,201215,3.6,1600886530
5,201069,3.4,1607488677
50,200355,2.8,1602804446
48,200439,3.4,1601567695
28,200904,4.2,1602649514
18,201297,3.5,1605805161
41,201074,3.3,1605400233
16,201108,4.1,1601657487
28,200074,4.1,1605031622
8,201579,3.2,1609142356
34,201764,4.8,1605170229
28,201694,4.0,1604356299
22,201756,3.2,1604772528
18,200809,4.2,1608023291
17,200686,4.9,1609886843
36,200557,2.7,1602222582
44,201998,3.7,1601010206
34,201470,4.5,1608776016
22,201298,4.8,1604523772
6,200208,4.7,1600806468
3,200406,4.8,1600503119
13,200799,3.8,1606932831
24,201402,3.5,1608714837
23,200386,3.2,1602951286
20,200419,3.0,1602984955
8,200183,3.9,1609941735
10,201400,4.6,1604815260
9,201001,4.7,1607539633
38,201253,4.3,1604284433
9,200189,3.1,1607768636
41,201533,3.7,1609907161
33,200915,3.8,1600567922
1,200745,4.4,1606763233
32,200264,4.1,1609291071
44,200062,2.9,1607033011
22,201688,3.0,1606030919
29,200534,3.2,1606027156
30,200821,4.4,1605212072
10,201868,4.2,1600171171
9,200630,4.3,1600853965
25,201029,4.0,1602139791
4,200565,3.5,1606183635
5,200692,4.8,1600812806
40,201603,4.4,1608456904
21,200155,3.1,1609599317
24,201212,4.8,1606505699
37,200769,4.4,1608119165
40,201690,4.4,1600867214
4,201946,3.0,1607287339
46,201209,3.0,1606823985
48,200231,3.7,1604095235
10,201502,3.8,1602266968
18,200848,4.6,1602320648
32,201806,4.1,1604274012
31,200494,3.4,1605217963
42,200384,2.9,1609694284
31,200583,3.4,1600548905
19,200506,3.5,1601767017
29,201993,4.4,1602660159
8,200261,3.1,1607152245
19,201436,2.8,1608081558
41,200374,4.2,1600205832
38,200857,4.5,1602684589
5,201543,5.0,1602689714
44,201319,5.0,1601403710
42,200552,2.8,1602244660
11,200307,4.6,1600171738
4,201318,3.8,1605081243
49,200786,4.4,1600191807
8,200565,4.1,1604301268
8,201575,4.1,1606769391
46,200151,3.8,1600898747
29,201542,3.6,1605980949
20,201204,3.0,1605472381
8,200977,3.2,1602631088
37,200140,2.6,1608215310
34,200421,4.4,1600304191
18,200965,4.9,1606225844
19,201021,3.2,1609278029
14,200294,3.3,1608504745
30,200763,3.0,1601125730
21,201581,3.8,1601342716
24,201401,4.9,1609439133
12,200117,3.9,1606726483
33,200229,2.7,1601574988
8,200606,3.3,1609660077
12,201372,4.2,1603371404
50,200638,4.0,1606291676
36,200740,4.9,1607721343
30,200775,3.8,1604441658
21,201546,4.2,1606942846
44,201994,3.0,1609075924
29,200815,3.2,1601237577
7,200535,4.9,1600194742
41,200634,3.1,1600514004
8,200561,4.9,1602796833
19,201131,4.2,1602795127
3,201950,2.9,1606414468
39,201420,2.9,1608385588
48,200145,2.9,1606556999
23,201334,4.3,1605415384
45,201116,3.4,1605437630
13,201206,4.4,1604422746
3,200457,2.9,1607304200
44,201326,2.7,1603276730
25,200359,4.7,1603607171
24,201834,4.2,1609343548
22,201378,4.6,1602239359
21,200392,2.9,1602017242
36,201433,3.2,1603604002
1,200648,3.4,1603515720
8,200540,4.9,1608886993
35,200027,4.0,1603412960
26,200843,4.3,1600346201
13,201090,4.4,1600651518
50,200642,4.3,1604087714
33,200042,4.8,1600732693
3,200552,2.9,1602169523
42,201620,5.0,1601545087
40,200396,3.6,1601865346
23,201159,4.5,1607283343
20,200352,3.6,1605257780
20,200458,3.5,1606928416
13,201878,3.1,1605054994
35,200886,3.6,1600147293
3,200473,3.7,1604645162
16,200375,3.1,1607521739
8,200331,4.2,1609991361
38,201562,4.9,1605375979
19,201242,3.9,1600264330
22,200868,4.2,1607085619
12,200055,2.6,1602711722
37,201771,4.8,1607916156
3,201631,4.5,1608300274
3,201977,3.6,1603845474
36,201270,3.3,1606403678
5,200599,4.4,1602746630
11,200662,4.8,1601062447
42,200470,3.2,1605730888
15,201989,3.4,1601659528
27,201197,4.8,1605490526
13,201310,3.7,1604906423
36,201905,2.6,1603936126
28,201338,4.8,1600574412
34,200806,3.8,1601865429
10,201219,2.8,1605816788
49,201759,2.6,1606017359
27,201074,4.0,1608420550
11,201365,4.7,1608278022
14,201263,2.7,1600269006
21,201563,4.9,1600104911
18,201603,4.1,1602346584
5,201091,3.4,1604579197
49,200894,3.4,1604332820
31,201775,4.6,1605912657
43,201628,4.8,1609587266
8,201139,2.8,1603529570
46,201411,3.9,1601551099
37,201496,4.1,1603114241
48,200768,4.4,1600124040
25,201760,4.4,1608422419
40,201275,2.8,1600437155
27,201350,4.7,1609939862
31,201550,3.9,1600775411
43,200319,2.7,1609024190
34,201575,3.0,1608274451
28,200581,2.7,1602809439
14,200234,3.7,1606167208
43,200012,3.5,1607283206
31,200436,3.4,1607999445
8,201977,5.0,1603407941
42,200966,2.9,1606344830
10,200448,3.2,1605032777
28,201328,4.3,1609849094
14,201261,3.5,1605956938
18,201604,4.3,1600159256
19,200102,4.2,1600101552
4,201834,3.2,1602697037
9,201930,3.5,1604600826
14,200580,3.0,1609173060
38,200633,3.4,1602136628
8,201594,2.9,1602251105
38,201114,4.7,1603737109
40,201686,3.9,1601481253
5,200720,2.8,1605151172
9,200580,4.9,1601154568
21,201091,3.4,1607822495
14,201848,3.3,1602341948
46,200394,2.8,1601480505
4,201998,4.4,1601567693
43,201750,2.7,1608569279
1,201076,4.9,1604061376
50,200829,2.5,1600152669
40,201485,3.7,1601145769
34,201829,3.9,1607521984
4,200464,4.6,1605643018
11,201631,2.7,1607973126
7,201670,5.0,1606511231
34,200666,2.8,1609818557
44,200878,4.2,1601064589
15,200728,4.9,1607440424
49,200883,4.7,1602412854
16,200221,4.2,1607588454
30,201779,3.4,1600682731
7,201289,4.7,1604942597
25,200288,2.9,1603858229
30,201879,2.7,1607960176
16,201799,4.8,1608643108
39,201881,4.7,1605530978
6,200322,3.5,1601160327
40,200864,2.9,1605154463
12,201126,4.5,1609499143
19,200242,4.1,1608334665
29,200021,2.7,1602032446
24,201970,2.7,1602300688
20,201836,3.4,1601222346
25,201120,3.0,1608405518
36,201962,2.9,1605993002
7,201662,3.1,1602369037
28,201423,3.5,1608446555
10,200830,3.5,1609926986
14,201470,3.1,1608893120
2,201442,4.1,1609902166
19,201976,4.4,1606463049
41,201435,3.1,1602681345
33,200717,2.8,1600455094
31,201941,4.5,1603155264
40,200198,3.5,1605096912
35,200370,3.5,1603861605
15,200919,3.5,1602276147
17,200531,3.6,1609807696
1,200621,4.1,1604301557
37,201775,2.6,1600104440
35,200637,2.7,1608527749
31,201876,3.2,1607086262
41,200514,4.8,1606514326
27,200338,3.4,1608511888
32,201650,4.4,1609659264
43,200949,4.9,1609460254
43,201645,3.4,1605172936
4,200506,3.0,1602434587
12,201041,2.9,1601790296
11,200941,4.9,1601428081
41,200346,3.4,1605388283
12,200615,3.5,1603319386
9,200784,3.9,1602710903
29,201212,3.9,1601168693
17,200837,2.7,1605715221
49,201484,3.0,1608805469
17,200361,3.4,1606994877
48,201095,4.1,1608628663
40,200796,3.7,1607050718
32,201103,3.3,1604905946
39,200698,2.8,1600517030
43,200689,3.7,1605197419
2,200623,3.6,1602034801
36,200166,3.0,1608488233
23,200290,2.6,1608429210
7,200916,4.4,1608340631
47,201828,3.3,1606705731
10,200817,3.3,1602970041
49,200961,3.7,1608408965
25,201669,4.3,1600929137
10,201666,2.9,1607361961
15,201210,3.5,1603613131
35,200875,2.6,1601998920
35,200672,3.3,1601610454
12,201300,4.6,1601371076
5,201141,3.6,1605077682
13,200411,3.4,1605700612
3,201000,3.3,1609872395
23,201841,4.4,1601717789
46,200633,4.5,1604670373
38,201848,4.6,1605041467
20,201750,5.0,1602692622
47,200778,2.7,1602795835
40,200328,3.7,1604680723
18,200210,4.4,1602567964
41,201668,4.1,1609932421
7,201655,4.5,1608163811
44,201902,4.9,1607830240
23,200617,3.7,1609428634
33,200448,4.7,1603635271
40,201527,4.9,1601114915
33,200072,4.1,1604687342
35,200165,4.5,1606112319
50,201336,4.4,1602391743
40,201841,4.1,1607352293
37,201592,4.4,1607351289
36,201767,3.5,1603640000
37,201087,2.9,1601478847
25,200319,4.3,1605852480
1,200284,2.7,1601491623
34,200621,4.3,1600052754
1,201576,3.6,1605236828
44,201146,4.4,1606172988
42,200851,3.0,1609149148
9,201459,3.4,1607314871
43,201388,3.7,1609673605
1,200967,2.9,1608392388
50,201758,2.9,1605310030
13,200395,4.9,1603035104
24,200274,4.9,1602316462
47,201212,4.8,1602482163
10,200745,3.5,1607539584
33,201910,2.8,1600594224
38,200397,3.8,1608353578
8,201469,3.0,1608209207
32,200012,4.7,1609529492
12,201799,3.5,1606720116
21,201403,3.2,1602187693
32,200289,4.5,1603104505
41,201489,3.8,1601557848
14,201143,3.6,1603703399
23,200709,4.8,1602256979
49,201118,3.5,1601881783
31,200208,3.6,1600760084
11,200533,3.3,1604126799
32,200080,3.7,1606576129
32,201152,4.1,1607095374
41,201772,4.9,1605600995
16,201421,4.2,1609832530
16,201883,3.0,1602527783
46,201338,2.6,1605440989
26,201022,2.9,1609874403
3,201364,3.6,1606719875
46,201326,2.7,1607151184
7,201900,2.6,1600500835
3,200133,3.2,1600400223
38,201755,2.6,1609289876
27,200991,4.3,1607589062
18,201654,3.1,1600478321
16,201666,3.3,1606957031
21,201064,3.9,1606735968
38,201525,4.6,1605187763
26,201222,4.6,1604057293
8,201674,3.7,1609272321
22,201019,3.5,1600735487
12,201751,2.8,1609471196
3,200864,3.7,1602136296
40,201906,4.2,1602520135
1,200194,3.3,1601215055
30,200265,3.1,1603196470
18,201080,3.1,1608675024
44,201715,4.8,1603674150
22,201030,2.9,1603705596
37,200191,3.0,1609745223
32,201820,4.2,1606806120
25,201340,2.9,1601242694
21,201190,3.3,1600252929
26,200314,2.6,1604691498
24,200133,3.4,1607594028
37,201147,3.4,1604963714
15,201576,4.7,1603120361
18,200317,3.1,1608822202
12,200214,4.3,1604041413
28,201328,4.6,1605146865
2,200711,4.2,1603020517
17,201237,3.4,1607887928
23,200692,4.2,1600283720
18,200371,3.0,1601731847
4,201021,4.9,1601791303
42,200629,4.6,1609312940
28,201798,4.5,1609569568
49,200376,4.1,1608695482
25,201584,3.6,1606464449
23,200005,3.2,1608715724
19,200674,3.3,1609716407
14,201301,4.0,1600069719
14,201281,4.6,1604780029
29,201825,3.0,1608669661
13,201517,4.4,1608077705
43,201374,2.9,1607366561
36,200968,3.5,1600614978
34,200886,3.0,1609361752
16,200896,4.7,1601172764
45,201579,4.8,1609983046
26,200683,3.6,1604904595
23,200979,4.6,1609870575
28,200620,3.4,1608074831
27,201216,4.2,1606478261
2,200346,2.6,1603434107
39,200425,4.3,1605781685
28,201887,4.0,1604098875
47,201480,2.6,1604363864
37,201895,3.8,1601518682
41,200581,3.9,1604451111
7,201381,2.7,1604786760
2,200758,3.2,1602122891
40,201372,3.5,1606111578
8,201505,5.0,1600124103
48,201372,4.7,1601450020
40,201571,4.8,1601741948
2,201136,3.4,1600226751
22,200346,3.4,1600830601
25,201787,4.0,1605369870
18,200131,3.8,1606969715
26,201114,3.0,1609520942
8,201785,3.0,1607680330
32,200189,2.9,1609162829
22,200515,3.2,1606526670
7,201863,4.4,1601830741
33,201656,4.6,1603196590
13,200863,3.6,1607176458
41,200835,3.5,1609904605
7,200014,4.7,1603007433
8,201884,4.7,1605451140
18,201066,3.1,1607337569
12,201903,3.0,1606820155
37,201250,4.9,1600948496
20,201528,4.6,1608369033
43,200549,2.7,1606062777
4,201457,3.7,1607242327
22,200855,3.0,1603003528
39,200394,2.7,1603884941
16,200457,4.9,1602696734
21,201807,3.3,1606381063
5,200521,2.5,1608537831
35,200406,3.3,1605258401
35,200401,3.7,1602851812
20,201192,4.5,1604589019
37,200550,2.8,1601495876
34,201273,2.6,1606241314
35,200814,4.3,1602613751
30,201849,4.7,1605143621
36,200472,3.5,1601689931
44,201681,4.2,1608258332
26,201069,4.6,1606618934
3,200193,3.2,1601395162
38,201966,4.9,1606596741
6,200941,4.6,1600213683
42,200105,4.6,1601480643
49,201063,4.8,1609732447
21,201653,3.6,1603442581
7,201920,3.9,1608384137
42,201055,3.9,1607864516
17,201989,4.3,1605116708
49,201030,2.6,1609334654
35,200350,3.9,1603597451
1,201182,3.1,1609274106
40,201785,4.8,1606770971
49,201561,3.6,1606808109
11,201833,2.6,1605656044
14,200374,2.9,1609309040
44,200658,3.9,1605668512
1,200023,3.6,1607250162
6,201418,3.3,1607321456
11,201786,4.4,1609533743
3,201782,3.1,1603512811
20,200842,4.5,1601116668
19,201737,3.8,1600497187
5,200492,3.9,1609416137
48,201128,4.6,1601266447
10,201355,3.7,1607431785
28,200684,3.3,1600652623
15,200933,3.9,1602028689
6,200846,3.1,1607667689
37,200303,4.8,1603652582
27,201841,4.9,1602815687
44,201010,3.0,1608816124
28,201902,3.7,1606245741
27,201615,3.6,1603757384
49,201728,4.4,1601033342
27,200456,4.3,1608159391
14,201772,2.5,1609646408
7,201212,4.2,1606405438
26,200678,4.6,1604892386
28,201512,3.1,1603532145
18,200595,3.1,1604653015
38,201380,3.5,1606596767
21,200612,4.5,1603226859
45,200213,4.5,1603510051
16,201357,4.6,1601480088
29,200771,4.3,1608841404
37,200812,3.6,1609845195
38,201611,4.5,1606845108
19,201226,3.2,1606164294
11,200094,4.8,1601427394
34,201299,3.3,1604468479
27,201574,4.2,1600977854
13,201707,4.5,1607365636
5,201724,3.3,1608012277
5,201519,4.3,1603018305
16,200924,4.8,1600462046
7,200792,3.3,1607075428
10,200544,4.1,1609802204
5,201434,4.5,1601056626
20,201703,5.0,1609204784
12,201547,4.7,1601814770
37,200472,3.7,1604241783
30,200569,3.3,1601843582
37,200654,3.1,1609168174
9,200421,3.0,1609771634
50,200666,3.4,1606639823
40,201113,4.1,1605847412
47,200654,3.8,1609612722
42,200376,2.8,1605934064
3,200869,3.6,1603223503
37,201203,4.2,1601231504
43,201623,4.6,1604215666
34,201761,4.1,1604164592
45,201015,2.7,1605460814
6,200566,2.8,1608535329
6,200652,2.6,1605859754
15,201482,4.2,1605665260
22,200568,3.3,1606086530
32,201124,4.6,1607709811
21,200315,4.6,1604943284
42,200691,4.4,1604756243
10,200777,4.3,1607672693
19,200954,3.0,1600512478
43,201375,4.1,1600983589
49,201152,3.2,1609310421
41,200755,2.7,1605579773
39,200334,3.3,1603927079
37,201143,3.5,1609992435
11,201908,5.0,1601809372
12,200968,4.9,1609520204
11,200352,3.4,1604803368
21,201549,3.1,1607599216
13,201264,4.7,1607905814
41,200110,3.8,1603282823
32,200639,4.9,1608621008
27,200190,2.7,1603615066
29,201425,3.8,1603163961
25,201096,4.1,1603161897
1,200068,4.2,1606955209
2,200518,4.0,1600050317
43,201404,3.6,1605591023
14,201991,2.8,1603033955
24,201830,3.5,1600469644
7,200089,3.9,1600274948
24,201900,3.7,1608784114
35,200700,4.5,1608329615
43,201772,3.6,1600626014
20,201597,3.9,1605982498
39,201592,4.7,1609584474
7,200742,3.4,1600494064
16,201523,3.2,1602626907
26,201617,4.7,1600645291
30,201623,3.7,1608091622
19,200003,5.0,1602267347
26,200784,4.7,1603218680
15,200316,3.1,1606183895
15,200576,3.0,1604703214
43,200677,4.7,1602280248
15,201398,3.5,1600141913
20,201320,4.9,1608804501
25,201597,3.1,1604261967
33,200926,3.6,1603666911
41,200111,2.7,1603988446
29,201746,3.6,1601298119
16,200605,2.8,1600332579
46,201193,4.0,1609221864
38,200559,4.5,1608955463
12,201209,2.8,1602875460
19,200231,3.9,1607695265
17,200847,4.7,1604062875
9,200042,2.7,1606562992
29,200584,3.1,1602320834
44,200227,4.2,1606599792
43,201669,4.5,1600255456
3,200899,3.7,1603238541
29,200461,3.5,1607072357
28,200587,3.0,1604207603
17,201690,4.1,1605149521
14,200205,4.2,1609760969
22,201893,3.8,1609655528
41,200603,5.0,1600409870
50,200920,4.3,1609919152
33,201518,5.0,1602953768
30,201228,2.9,1609579367
23,201817,3.7,1603669328
32,201112,4.3,1602983874
27,201586,4.9,1602596809
34,200646,2.8,1603698252
18,200176,4.9,1607244015
17,200562,4.0,1609759743
12,200964,3.3,1606514171
14,201402,4.8,1601137663
12,201138,4.3,1602020529
34,200093,3.2,1601426503
39,201355,2.6,1608793127
7,200624,3.1,1609127582
36,200006,3.1,1602022034
42,200237,2.7,1602140624
47,201445,4.2,1606993428
46,200319,3.5,1604148920
35,201440,2.6,1600500490
4,201723,2.8,1603501627
29,200251,4.6,1600977959
3,200511,3.6,1608838747
27,201957,3.8,1605313801
50,201278,2.9,1606691398
15,201066,4.2,1602946849
35,201561,4.7,1604698019
16,200256,4.5,1604307974
48,201913,4.7,1607965431
17,200088,4.7,1606079670
35,201456,3.7,1606346674
36,200787,4.9,1607014303
18,201698,4.1,1605647555
16,200741,3.9,1606509493
22,201982,3.9,1609160192
9,200319,3.0,1608533062
30,200582,4.5,1601047024
39,200563,3.8,1602401672
26,200612,2.8,1603111079
12,200168,4.0,1604215138
31,200869,4.0,1608226091
23,201193,4.2,1609428869
15,200801,4.7,1601635533
20,200681,4.8,1609672647
31,201958,4.3,1609622276
44,200011,2.5,1608082095
2,201658,3.4,1605229162
11,200146,4.3,1602007354
50,201421,4.5,1601323511
1,201342,3.9,1601239795
5,201721,3.5,1608168559
36,201968,3.0,1600376332
43,201495,2.8,1604275812
43,201756,2.9,1600092566
39,201126,2.6,1605033556
26,201430,2.9,1602860235
22,201906,3.4,1600529880
36,201736,3.7,1603217946
40,201124,2.8,1601150739
44,201902,4.8,1607478685
39,201443,4.7,1602184418
29,200019,4.6,1606654055
22,201899,3.5,1603731433
44,201250,4.1,1602074105
44,200510,4.4,1607496971
21,201438,3.4,1600224746
39,200308,3.8,1606586169
47,200247,4.4,1605967798
2,201643,3.9,1605973202
31,200739,4.5,1607369431
13,200357,4.3,1604645235
42,200835,3.3,1602027923
33,201184,4.2,1608229377
27,201934,4.0,1605065866
14,201393,3.6,1604463920
15,200574,4.3,1606621715
4,200407,4.4,1605043444
45,200624,3.0,1600348433
42,201308,4.8,1603087801
5,200271,2.7,1609308069
42,200248,3.1,1609089449
15,200737,4.8,1606363453
18,200333,3.7,1606332143
36,200735,4.4,1609355732
49,200658,4.5,1605630263
36,200321,2.6,1602338451
48,200051,3.4,1600354442
4,200667,2.8,1603385898
46,200552,4.3,1608750118
37,201143,4.7,1600991431
45,201185,3.4,1602034315
6,201262,4.1,1606422500
13,201145,4.6,1601551355
12,201823,4.1,1608344524
38,201688,2.6,1608466237
41,200729,4.2,1607356516
42,201810,2.9,1601910068
19,200447,3.3,1603185214
12,201680,3.9,1604115104
19,201984,4.8,1604657543
9,200589,2.5,1602042001
31,200532,4.9,1604110986
21,201973,3.0,1603131415
32,200526,4.4,1608010392
5,200113,3.8,1603437038
25,201459,4.2,1609565732
27,200122,4.3,1601627067
45,201609,3.2,1609735628
31,200198,4.2,1603222170
24,200087,3.5,1607979043
21,201338,4.1,1605285891
23,200621,4.9,1606509238
22,201417,4.6,1607170822
10,200055,3.9,1606753482
19,200952,4.5,1601428555
26,200133,4.9,1605624770
40,200046,3.9,1605872554
28,200445,3.3,1603611313
12,201507,2.7,1607231443
32,200423,4.5,1603446853
24,200975,3.5,1608429906
46,200234,4.0,1608886517
36,200120,4.1,1605815052
20,200385,4.1,1605642089
50,201271,4.1,1603284549
43,201767,4.0,1604839280
16,200998,4.2,1609015333
35,201279,3.7,1605399082
30,200330,4.9,1602942824
15,201506,3.8,1604280742
45,200234,3.5,1600981336
4,200842,4.7,1603018096
47,201972,3.8,1604137805
18,201830,2.5,1607147678
9,201722,2.7,1604057619
14,200883,2.8,1609286272
1,200786,3.4,1605202899
31,201323,4.7,1607063560
17,200391,3.3,1605366744
28,201067,2.5,1602137898
50,200755,3.8,1601562662
37,201754,3.6,1608119060
6,200314,3.9,1602296161
6,200534,2.5,1605902347
7,201996,4.1,1606712632
43,201432,3.9,1604567781
23,201708,3.8,1603692149
31,201567,4.4,1606129430
25,200250,4.1,1606554963
19,201738,2.8,1600528579
50,201180,4.2,1609317053
3,200807,3.3,1600509658
45,200769,3.6,1607691153
35,201511,4.9,1609352378
33,200628,2.9,1603680822
19,200970,4.7,1604753158
18,201674,3.4,1602110617
22,200247,3.0,1600038872
42,200561,3.5,1604108838
13,201709,3.4,1600014398
13,201968,3.9,1604747562
42,201403,2.6,1607314838
9,200042,4.6,1608426767
17,201717,2.9,1604585217
3,200245,3.0,1600739750
23,201359,3.5,1602686214
17,200278,3.3,1606189626
33,201787,4.0,1604718211
32,200018,2.9,1600842934
3,201840,4.9,1603220163
8,201192,2.8,1603703468
10,200053,4.6,1609145280
39,200962,4.7,1604512332
49,200271,3.8,1602020977
40,200545,2.6,1607168660
13,200534,3.2,1604588507
18,201019,2.8,1604033753
24,201567,3.1,1608599442
28,201035,4.2,1606551936
2,201824,2.6,1601799923
41,200394,3.4,1600595922
47,200776,3.4,1604855122
23,201901,4.4,1605423907
43,200620,3.3,1609605781
30,201178,5.0,1607026854
27,200187,2.8,1600222579
42,200590,3.5,1602456825
39,200524,3.6,1606975135
50,201632,4.0,1604009637
9,201235,4.9,1602453239
21,200116,3.6,1607826601
16,200087,4.0,1609083751
36,201237,4.6,1600438730
50,200387,3.4,1603218457
46,200857,3.0,1602663653
46,201702,3.5,1608347509
28,201790,3.7,1602715136
46,201021,4.4,1604501968
13,201653,4.0,1607961205
8,200098,2.7,1603882856
39,200450,4.9,1606768059
47,201057,2.8,1609200704
19,201583,2.8,1606209458
39,200896,2.8,1605620657
45,200145,2.9,1606509825
25,200740,5.0,1605652600
24,201446,4.1,1605288817
24,201147,3.8,1601230907
27,200602,3.2,1608270401
9,200208,3.5,1603236404
48,201015,2.7,1603739973
5,200864,3.0,1606848631
35,201911,4.5,1603226147
48,201731,3.8,1605336439
18,200583,2.9,1600465950
2,201624,4.5,1609716421
43,201621,5.0,1607085361
31,200909,2.9,1609930548
3,201656,4.4,1603515886
36,201443,4.1,1604153720
39,201220,3.9,1604648661
1,201864,4.8,1602599733
49,201310,4.3,1604883379
18,200625,2.9,1605558867
48,200198,3.5,1602436015
40,201021,5.0,1602011248
19,200344,4.0,1602906693
42,201495,2.9,1600468567
44,200275,4.4,1604905593
23,200459,2.6,1605377327
46,201893,3.0,1603860433
16,200576,2.5,1600124033
42,201510,4.4,1604676206
50,200099,3.8,1605809318
16,201127,4.6,1601955051
50,201115,3.1,1605820143
35,201859,5.0,1608058617
30,200509,4.6,1607559168
10,201124,3.8,1605273979
41,200971,4.6,1606100522
42,201863,3.4,1604711477
40,200167,4.4,1605677179
30,200824,4.7,1602425076
8,200979,4.5,1607792700
31,200499,4.6,1606320512
4,201641,3.6,1605556179
7,200852,4.1,1607207763
36,201503,3.2,1604070188
1,201146,2.9,1600865719
9,201719,4.8,1600354420
2,200818,2.7,1608273826
4,201038,2.6,1609577818
12,201912,4.9,1601858866
39,200922,4.8,1601102615
24,200589,4.3,1607593329
28,201942,4.9,1603532919
41,200674,4.5,1601929615
44,200587,4.7,1600958079
37,200218,3.9,1609943274
50,200613,2.7,1603843045
1,200587,3.5,1603642990
8,201759,3.4,1602819965
27,201009,4.8,1602014752
40,201959,4.7,1602226362
48,200592,3.4,1605027766
3,200332,4.2,1605628449
3,200943,4.7,1608918417
27,201166,3.9,1604007902
39,200696,4.8,1607459173
41,200398,4.4,1607632675
39,201797,4.4,1602123548
5,200536,4.9,1602334073
12,200169,3.7,1602385350
8,201299,4.9,1600204014
42,201689,2.6,1600502450
25,200771,3.1,1602001436
18,200340,2.9,1607883373
8,200910,4.0,1609296478
49,200410,2.9,1603610773
7,200694,3.9,1601045500
44,201035,4.3,1608952768
49,201724,2.6,1600543873
1,201789,2.8,1602819686
19,200719,4.1,1604149066
17,201523,3.8,1601067393
7,200111,5.0,1600996437
12,200782,2.5,1607147130
41,200422,4.9,1606198575
35,201107,4.5,1601245501
9,200498,3.5,1604220317
46,201666,4.4,1609689126
16,200037,4.7,1607439637
42,200976,3.3,1604291480
39,201522,3.4,1604464368
13,200025,4.8,1604148843
25,201754,3.4,1603892255
18,201698,4.2,1608013020
18,200321,4.3,1606961753
20,201058,3.6,1601186532
30,200860,4.2,1607477469
49,201205,3.4,1608048274
41,201491,4.1,1606188833
3,200198,3.6,1606637289
18,200433,2.9,1602144396
28,201148,5.0,1608376173
20,201133,4.3,1601459473
7,200991,2.5,1600648491
13,201212,4.5,1601212097
41,200406,3.4,1606643502
47,200053,4.7,1602046667
6,201696,4.3,1604019796
39,200191,4.9,1607786155
37,201160,4.1,1600319151
16,200398,3.5,1607126513
29,200009,3.3,1603233095
41,201927,3.5,1604012414
28,201973,3.3,1603376393
18,200052,2.7,1602997274
20,200675,5.0,1606683483
22,201166,3.9,1600482627
12,200041,3.9,1603069136
25,201960,4.7,1604834889
4,200368,4.5,1600765995
11,201483,3.0,1604741454
43,201464,3.5,1604977878
32,200750,2.9,1604418081
7,201817,3.3,1606924154
41,201272,4.5,1606949235
44,201229,2.6,1604255291
33,201882,4.9,1605041115
30,200283,2.7,1600805347
21,200144,3.3,1604098667
5,201591,4.4,1604112273
50,201566,4.0,1602959497
22,201234,4.2,1606864797
47,200330,3.9,1602260631
27,201608,4.6,1601536502
11,201448,4.3,1600732586
35,201627,4.4,1602260597
1,200940,3.7,1604668628
2,201737,4.8,1606113981
43,201702,3.3,1606704122
50,201487,3.9,1608422655
13,200086,4.3,1600516332
37,200905,2.5,1607599903
29,200529,4.9,1609405119
6,201038,3.4,1600289796
16,200913,4.5,1603784401
36,200862,3.0,1600121845
48,201228,2.8,1608201365
18,200708,4.3,1601131644
19,201367,3.0,1606174386
6,200992,4.9,1606391612
1,200709,3.4,1609563778
34,201643,3.0,1608580054
1,200319,4.5,1604227101
5,201329,4.3,1605703123
25,200572,2.6,1607901148
11,201061,4.8,1609625781
35,200988,4.3,1606909218
3,201519,4.6,1602437162
26,201872,3.0,1609920595
5,200116,4.8,1608875720
30,200075,3.5,1601055130
46,200123,3.9,1601979204
42,201156,4.3,1600448435
22,201250,4.7,1609536708
14,201280,3.1,1607422841
43,200042,3.7,1602714095
50,201182,2.7,1609167922
17,200925,3.4,1604864038
38,201841,3.8,1602860082
7,201091,3.2,1604128170
42,200128,2.9,1603349635
40,200897,2.8,1606437871
24,201886,4.9,1604947532
29,201069,4.1,1600224736
45,201901,3.3,1604461938
1,200304,3.7,1603590709
45,201223,3.6,1606849569
32,201768,4.0,1601092024
25,200380,3.2,1600334322
19,201816,4.6,1604076532
35,200230,4.5,1600665941
44,200404,3.9,1603377413
40,200865,3.5,1605977039
18,200540,3.1,1609738332
35,201726,2.7,1608096949
4,200426,4.1,1603958676
48,201650,4.7,1603910793
38,200000,4.6,1606016827
41,201458,2.5,1600024579
1,200820,4.0,1605154083
44,200476,4.9,1602353121
2,201364,3.3,1601862465
10,201120,3.7,1607142062
4,201434,3.7,1607311172
50,201457,3.7,1602259895
17,200112,2.6,1606464726
23,200946,4.0,1609658780
14,201171,4.1,1605801079
17,200373,4.9,1600508543
27,201314,3.2,1602701508
38,201401,2.6,1603555443
37,201230,4.8,1604437563
47,200680,3.3,1603474260
45,200065,2.8,1604750736
17,200352,2.7,1608180209
34,200067,4.7,1606999360
39,201951,4.1,1606019001
34,200577,2.6,1606696386
6,201299,3.8,1600762293
28,201695,3.9,1609412379
17,200294,4.4,1607007083
23,201494,3.4,1606612263
49,201607,4.0,1601282007
23,201219,3.0,1604188322
16,201954,4.2,1603645410
15,201622,3.6,1601015813
42,201221,4.5,1607344611
29,200822,2.5,1607341241
6,200648,3.5,1608203802
10,200059,4.5,1607907047
45,201969,3.4,1606093890
50,200618,2.5,1600609004
5,201014,4.8,1604713620
18,201984,3.2,1604846386
16,201032,3.2,1601992656
13,201561,3.4,1600990297
33,201167,3.8,1603922309
3,201061,3.8,1604534733
39,200838,4.4,1603887386
3,200581,3.4,1609045397
41,201411,4.8,1606947048
28,201611,2.9,1603791548
44,200807,3.9,1607731630
33,201659,4.4,1600826462
3,200352,2.8,1607629947
13,201174,4.2,1601053590
32,200627,3.5,1605981282
30,200049,3.3,1603610483
46,201823,2.7,1601261894
24,201663,3.8,1605210572
18,201489,3.1,1605117257
17,201382,4.9,1605937685
29,201102,3.3,1600424514
29,201917,3.3,1609965957
13,200606,3.0,1602176328
23,201731,3.8,1603633442
17,200370,2.5,1602343484
38,201978,2.8,1605571097
11,201268,4.1,1606426024
27,201075,4.9,1604104407
19,200833,4.4,1607016572
48,200741,3.4,1606536367
47,200168,4.0,1607945865
1,201615,3.8,1608879322
19,201658,3.9,1601089980
45,200317,3.6,1603061529
36,200716,3.5,1609385096
14,201490,4.8,1600306158
10,201937,4.3,1607610781
14,201346,3.8,1603042131
24,200301,3.5,1607489495
16,201874,4.1,1606266208
26,201351,3.1,1602450759
50,200983,4.0,1601488423
20,200255,4.6,1601729912
38,201647,2.5,1604688432
11,200920,3.8,1609321201
36,201979,2.7,1603704792
41,200072,3.1,1600946074
7,200718,3.6,1605316296
49,200699,3.2,1601612953
22,201147,4.9,1601119359
37,200139,3.7,1608085341
2,200291,3.8,1606551105
44,200529,2.8,1607999831
43,200793,4.1,1603328822
17,201934,4.8,1601019736
19,200365,4.8,1609291895
29,200861,3.6,1602946607
40,201706,4.4,1602823720
4,200327,3.2,1601788827
35,200910,3.7,1603362012
43,200424,5.0,1601428068
3,200437,3.0,1604901083
8,201568,5.0,1607309485
30,201643,4.6,1601171208
16,200350,4.5,1604019834
12,201612,5.0,1604397907
17,201820,4.4,1606648966
15,201436,4.9,1609901703
16,200476,4.9,1604509392
28,201706,2.9,1609277725
41,201271,3.2,1603463206
12,201756,2.8,1602204400
45,201477,5.0,1607391315
28,200606,4.5,1609744316
30,201207,3.1,1607361213
48,200691,4.0,1601859025
24,201246,3.5,1604816574
33,201101,4.8,1609143922
4,201765,2.5,1604590512
50,201190,2.5,1603945861
27,200791,4.9,1601261745
9,201748,4.0,1603471625
45,201834,3.9,1608968558
12,201071,4.4,1608319861
28,200709,4.5,1608455399
7,200423,4.9,1603970748
39,201148,4.6,1606984280
20,201601,4.6,1604365218
3,201439,3.3,1607355584
7,200583,3.2,1609927798
21,201251,4.2,1601436094
17,201864,4.1,1601772671
34,201898,3.8,1602254622
23,200063,2.6,1601472367
11,201761,4.9,1605268891
43,201994,3.9,1607104138
28,201327,2.7,1606997357
37,200626,3.6,1606094812
30,201047,4.9,1601934813
30,201058,4.8,1609544348
46,200315,2.5,1607384992
50,201833,4.8,1603682384
20,201426,2.8,1604645507
37,200125,4.5,1608616795
47,201092,3.2,1607645084
40,200846,2.9,1601895531
9,200928,3.9,1601241635
46,201773,2.9,1603895072
42,200535,4.2,1600907400
17,200360,4.2,1607862344
27,200264,3.5,1601575565
39,201520,2.6,1600849070
3,201010,4.6,1606307432
37,201698,2.8,1603839502
24,201398,4.5,1606092585
35,200560,3.6,1601844915
39,200397,4.6,1609693918
7,201381,3.9,1605550193
34,200552,4.2,1606973960
49,201354,3.1,1602446539
17,200571,4.5,1600842290
29,200200,3.4,1601689149
49,201965,3.0,1603176958
35,200078,2.7,1609120465
30,200116,4.8,1607625934
9,201273,4.3,1604238323
48,200921,3.0,1604862837
5,200173,3.0,1608248896
34,200046,5.0,1605764142
3,200235,2.9,1602910036
23,200368,2.9,1607271995
37,200373,4.5,1605730617
21,200972,3.6,1607590495
14,200340,2.6,1607729767
10,201803,4.6,1607921176
21,200367,4.2,1603218353
47,200437,3.4,1600009763
6,201944,3.0,1603155245
41,201558,3.7,1602215394
20,200656,4.3,1605878163
35,200513,3.8,1604206778
33,201979,3.0,1604395151
24,201000,3.4,1605824066
2,201581,4.6,1608608487
11,201683,2.9,1605021859
11,200444,4.1,1602200895
25,200115,4.8,1602586426
33,200275,2.8,1603617859
18,200235,4.3,1601786903
30,201829,4.8,1604150011
33,200374,3.3,1601305958
22,200765,3.5,1609848160
12,201455,4.4,1607902585
21,201120,3.7,1608240550
6,201901,3.3,1605323072
39,200238,4.0,1602287469
25,200285,4.5,1600781362
29,201055,2.9,1605780331
7,201278,3.6,1603935440
11,200337,5.0,1600638749
4,200007,4.4,1603607943
12,200182,2.5,1604211044
16,201874,4.9,1602848789
29,200660,3.2,1605461929
45,201360,4.2,1609308644
40,200401,3.1,1601580897
12,200817,4.8,1605241516
25,201353,3.0,1604256617
21,200366,2.8,1606446808
15,200961,2.6,1603252192
3,200901,2.6,1602885218
14,201316,4.3,1606555977
50,201582,4.1,1609550618
5,200479,4.3,1602626589
10,200460,3.3,1605455703
43,201351,2.5,1600765237
40,200087,3.1,1609079916
4,201577,3.6,1604102566
39,200315,2.8,1606471976
8,201591,4.5,1608246671
37,200023,4.5,1609653171
14,201009,2.5,1609457547
12,200194,2.6,1600010135
5,200959,2.8,1608300696
38,201931,2.9,1601545221
14,200993,4.4,1608026612
16,200433,3.9,1600490375
11,201609,2.7,1604400555
19,200759,2.8,1607165169
34,201212,3.9,1608190044
9,200443,3.0,1607850893
47,200759,4.9,1602333390
7,201038,2.7,1603623867
50,200957,4.8,1601879990
33,201767,4.5,1606180202
5,201350,4.8,1605357154
6,201270,3.4,1609060958
23,201057,4.8,1603496195
31,201778,2.9,1607245417
2,200779,4.2,1605124914
2,201767,3.9,1606664632
5,201327,2.5,1608232296
4,201854,2.7,1607743868
49,200318,2.6,1607635144
46,200258,4.8,1602413791
28,201106,4.4,1607611680
22,200631,4.7,1606331802
40,200880,2.7,1608129131
46,201219,4.8,1600060430
14,201029,3.8,1609263993
37,200128,4.0,1609881924
21,201686,4.3,1608138660
49,201715,3.4,1602376475
34,200054,3.4,1604154913
27,200151,3.9,1606482204
23,201203,2.8,1601677878
17,200241,4.8,1605437958
36,201112,4.0,1600227947
17,200334,3.6,1607693566
39,200084,4.5,1605852801
7,201436,4.8,1601404461
23,201971,3.9,1609155975
27,200730,5.0,1603209827
27,200972,3.3,1608792429
39,200345,3.4,1601675008
2,200104,3.5,1608996679
34,200726,4.6,1608601062
45,200314,3.1,1606697831
11,201135,3.0,1608183080
42,201514,4.5,1602852187
48,200321,3.7,1604377649
50,201979,4.5,1600927735
14,200420,4.6,1600337649
47,201153,2.9,1609685663
29,201622,2.9,1602437395
2,200461,3.2,1604388762
49,201466,2.9,1600719894
11,201576,4.7,1605625051
22,201927,3.6,1601738830
22,201884,3.6,1606230415
6,201583,4.7,1607811837
18,200427,2.9,1600667140
8,200086,4.8,1608395341
25,200064,3.1,1605514099
8,201849,4.9,1607827330
43,200176,3.1,1600411034
9,200398,4.9,1601710810
48,200662,4.9,1602212410
36,200888,2.8,1605925829
17,200335,4.9,1603569911
6,200006,3.1,1609805689
10,201061,3.1,1602656825
22,201357,2.6,1605482142
5,201254,4.1,1609701171
9,201410,4.6,1605280677
28,201906,4.7,1605387855
13,201064,5.0,1608790088
36,200346,4.8,1604721944
17,201658,3.9,1601717324
12,201528,3.2,1600404541
16,201980,4.6,1602551302
41,200702,3.9,1608361283
31,200566,3.5,1607641992
16,200634,3.2,1606342863
33,200081,4.6,1601414118
37,200422,2.6,1601701994
26,201680,2.6,1604960778
32,201425,4.1,1602791860
23,200881,4.4,1600915560
38,200014,5.0,1606733739
31,200881,4.1,1608324420
4,200298,3.0,1608554352
12,201473,4.8,1607327814
11,201170,4.3,1609308074
45,201156,3.7,1608139394
43,201832,2.7,1606576038
16,200084,3.2,1606344907
50,201164,2.6,1609059485
20,200179,3.2,1605505502
8,201254,3.8,1604816379
24,201413,4.5,1605300986
12,201465,2.8,1605312795
5,200396,3.0,1608395239
43,201561,4.6,1607130793
27,201148,4.6,1606401379
50,201231,3.4,1601414566
32,201937,5.0,1600586886
16,200530,4.1,1607710401
27,200289,4.2,1607604690
5,200384,3.6,1604016175
20,201096,3.5,1604932641
38,201314,2.5,1601090129
47,200209,2.7,1600455672
8,201809,2.5,1600457506
19,201548,4.9,1602233564
2,200430,4.2,1606778343
27,200801,4.0,1606167236
14,200676,2.8,1603368441
22,201811,3.0,1600403787
10,200216,3.7,1600403526
36,200402,4.0,1603705233
1,201796,4.4,1605975294
33,201916,3.4,1602491994
29,201185,4.8,1602180678
7,200670,2.6,1602258713
42,201839,3.4,1602247916
2,200108,5.0,1603897611
10,201128,2.5,1605097315
35,201230,4.3,1605064906
5,201820,2.6,1609288112
38,200457,3.4,1601629270
31,201807,4.1,1608201866
24,200233,4.2,1609067056
46,201866,3.9,1602892442
15,201879,4.0,1604456627
15,201746,3.6,1600014701
23,201330,2.8,1605806495
45,201996,5.0,1605075255
37,201336,3.8,1609656611
45,200307,3.9,1608129506
45,201405,3.2,1600766749
45,200430,3.1,1603534511
4,200848,2.6,1608155292
44,200444,2.8,1602495554
34,201602,4.5,1604928228
21,201998,3.2,1603678734
26,200693,4.8,1603533416
14,201184,4.9,1602754195
44,201281,3.1,1606511890
10,200971,4.2,1608032471
49,200792,3.2,1609632391
18,201075,4.8,1601780772
3,200488,4.0,1608011823
25,200999,4.1,1607972899
17,201578,4.6,1602219693
12,200953,4.9,1608523581
10,201336,4.5,1601160778
3,200843,4.3,1603817082
44,200545,2.9,1601071445
30,201734,3.1,1605105492
28,201449,4.2,1602341097
50,201518,3.9,1600322253
13,201198,4.9,1601852174
43,201634,3.8,1607639449
42,201996,3.2,1602994724
25,201911,4.9,1609305379
4,200633,2.6,1606613319
50,201873,4.1,1605737556
18,201181,3.3,1607268575
18,201970,2.7,1609166957
29,201426,4.1,1605145200
25,201249,4.0,1607379908
45,200379,3.8,1601965304
43,201021,3.3,1600031118
50,200860,2.7,1609211157
50,200107,3.8,1603973184
35,200467,3.9,1608253370
50,201562,3.6,1602318080
14,201251,3.3,1602427402
43,200281,4.1,1604176104
16,201261,2.6,1609188295
15,201389,3.0,1606133182
35,200893,4.3,1608599328
18,200052,4.2,1608588180
39,201495,2.6,1608170521
30,200234,3.7,1603750965
29,201801,4.4,1605619081
23,201425,4.2,1603978233
50,201405,2.7,1600958566
6,201310,4.9,1602710646
45,200796,4.1,1600488186
24,201796,4.7,1601248225
23,200142,4.9,1600250085
13,201169,4.1,1609397072
9,200371,3.6,1602441606
2,201069,5.0,1609798829
2,200137,3.0,1609425005
43,201532,3.5,1606703395
50,200233,3.3,1605289425
26,201998,3.9,1602886551
40,201073,3.8,1602155329
4,200529,3.0,1606989283
47,200792,3.1,1607597586
31,201723,4.6,1607728342
4,200309,4.0,1600778365
29,201241,4.1,1604285307
49,200130,4.6,1609693986
40,201333,3.6,1602321785
42,200005,4.0,1605346010
46,201563,4.0,1602759702
31,201478,3.3,1606911124
25,201837,2.5,1604341930
4,200705,2.5,1603047831
37,200401,4.7,1600909137
10,201784,3.5,1609419915
28,200867,4.3,1609379942
48,200762,2.8,1609945878
2,201578,3.6,1601686976
14,200974,3.8,1600919691
6,200379,3.3,1604246170
44,201085,5.0,1605204667
24,200797,2.5,1608448085
28,200363,5.0,1602644286
38,200915,4.1,1608823601
42,200480,4.4,1606709591
19,200003,2.6,1609019702
5,200314,3.8,1604188451
19,201368,4.4,1608018027
40,200950,4.1,1609682166
24,200042,2.6,1608462598
46,201136,4.4,1605302447
43,201568,4.5,1601171490
42,201066,2.7,1609850021
6,200944,3.5,1604083856
10,201878,2.8,1605690906
2,200073,3.2,1602407608
12,201937,3.8,1600984938
38,200062,4.3,1603844512
27,201013,4.1,1602932999
22,200571,3.0,1609018578
42,201270,5.0,1608237640
32,200557,2.6,1602641286
16,200281,3.8,1607540753
27,200619,4.4,1609807964
33,200471,3.4,1606172584
37,201975,4.8,1606873809
14,200708,4.0,1606712330
24,200592,4.1,1609994814
34,201846,3.2,1603761296
34,200752,2.7,1607411456
25,200193,2.5,1604241002
45,201951,4.6,1606097665
50,200473,2.6,1601913905
14,201021,4.1,1606336319
50,201477,3.3,1609344091
17,201060,4.5,1607625364
1,200362,4.1,1608216363
27,201540,4.0,1607470992
37,200372,3.5,1606797235
5,201331,4.6,1602822767
7,201748,3.7,1603045510
3,200577,4.9,1608075726
6,200563,3.5,1604665404
46,200547,3.2,1608440286
31,200541,3.8,1601648674
7,201238,4.4,1602547353
9,201538,2.7,1600662831
18,201231,5.0,1602205068
23,201621,3.3,1604918308
41,201349,4.8,1609451277
37,201117,2.8,1606736234
32,200911,3.0,1604754926
14,201316,4.6,1602951728
12,201781,3.3,1605941289
11,201634,3.1,1608551401
6,201636,2.9,1604552542
1,201949,4.9,1606444734
25,200894,3.8,1609598049
25,200945,2.6,1606311125
31,200240,3.0,1601795884
46,201804,4.5,1602013518
31,201533,3.3,1602528146
39,201776,4.8,1601445294
16,201350,4.3,1602932897
39,201533,3.3,1602098853
18,200750,3.7,1603392264
3,201210,2.5,1604926226
14,201747,4.0,1602742811
41,201991,4.4,1607734581
14,200790,3.0,1608001815
14,200189,3.1,1606291328
14,200127,2.6,1601097315
16,201202,4.9,1607482995
31,200930,3.8,1605015662
23,200666,2.8,1601342494
32,200600,3.3,1605484662
31,201469,2.7,1604545827
33,200359,4.3,1604186407
1,201915,4.4,1602827701
37,200381,3.8,1607274265
20,200327,3.3,1603529305
1,201731,2.7,1602046078
3,201160,3.6,1608790751
47,201704,4.9,1608574799
30,200695,4.2,1603780904
50,201385,3.0,1602431718
14,200933,3.3,1601119388
35,201367,4.2,1605063036
13,200593,3.4,1609543795
2,201405,3.4,1609746754
23,201750,3.6,1601273084
7,200770,4.9,1605877009
48,200433,4.6,1609484901
43,200744,2.8,1606331659
20,201069,4.4,1601639570
26,200631,4.8,1600122884
4,201130,2.6,1601422109
33,201469,2.9,1604277534
11,201922,4.2,1609395623
46,201286,2.8,1601113610
4,201702,3.7,1604566931
17,201191,3.8,1602227320
32,200348,5.0,1601329007
7,200630,2.5,1608617356
3,200717,2.8,1604854066
4,201196,4.8,1601155145
24,201313,3.0,1606695983
42,200823,4.4,1604290852
28,201239,2.8,1604369684
39,200814,3.8,1605870138
5,201844,4.5,1608945316
35,200698,2.8,1602564936
42,200369,5.0,1601939132
24,201042,4.8,1601051804
1,200682,2.5,1605614519
29,200370,4.3,1607617884
28,200857,4.8,1606515661
43,201380,3.4,1600104661
24,201735,2.6,1608806801
49,200189,2.6,1603000706
43,200255,4.7,1609923326
9,201643,4.7,1604003654
15,201495,4.2,1602181935
35,200807,4.5,1603501368
42,200572,4.8,1606789034
39,200672,4.4,1608255077
47,200956,4.7,1604763615
35,200527,3.7,1600753306
4,201016,4.4,1606019448
7,201676,4.4,1602444429
13,200028,3.4,1607691135
15,200288,3.4,1602858426
33,200878,4.6,1608020914
27,201564,3.3,1601271182
4,200258,3.1,1602028202
23,201515,3.2,1607969747
9,200914,4.9,1609213588
46,200673,4.0,1603776723
50,200600,3.0,1608169192
36,201993,3.6,1607524835
48,201848,3.5,1604213165
29,200187,3.5,1606791296
28,201057,2.7,1608332548
50,201940,3.3,1608384329
24,200779,4.4,1602514957
20,200551,2.8,1601384419
25,200347,3.8,1608847003
7,201497,4.7,1604872911
8,200585,2.9,1604262165
20,200138,3.5,1608506734
50,201014,3.7,1601711343
29,201729,4.5,1605988759
22,201735,3.7,1604262380
8,201231,2.9,1607480562
50,200924,3.8,1607529665
32,201510,3.6,1608341951
35,200933,4.0,1604402214
31,200250,4.8,1603172154
34,201137,2.9,1609003016
12,200073,3.9,1606542444
12,200656,5.0,1607785766
32,200272,3.8,1603179844
16,200481,2.5,1601737400
25,201228,2.8,1604223566
37,201838,4.1,1604232386
3,200693,2.7,1600055151
45,200196,4.9,1607898807
18,200354,3.2,1606454980
38,200052,2.7,1601576906
37,200391,3.0,1609151160
23,200753,2.5,1606254369
9,201437,2.6,1602389508
49,200558,4.2,1602096848
30,200607,3.7,1605803058
29,201443,4.0,1605173931
15,200881,3.6,1608010466
29,200487,4.2,1607679901
45,200124,2.5,1606383460
6,201243,3.0,1609378405
39,201698,3.8,1601835107
3,201383,3.3,1605186921
35,200325,2.8,1600568392
30,200502,4.5,1606938480
41,200791,4.0,1601201834
49,201610,3.1,1600113945
9,200736,4.5,1606238683
34,200562,4.1,1605346284
8,200234,3.0,1609556342
14,201000,3.3,1600304839
2,201315,4.5,1608205731
20,201302,4.1,1604064778
42,201762,4.2,1609361703
37,201837,3.5,1604310684
2,201742,4.4,1609775483
7,200065,3.3,1609435873
21,201410,2.7,1606949089
3,200796,3.2,1603518996
22,201945,3.5,1609395720
45,200049,3.7,1602536756
19,200436,2.5,1600371769
8,200734,3.6,1603452661
26,201283,2.5,1603528229
3,200411,3.5,1602401706
36,200204,4.8,1601616547
25,201328,3.7,1601254968
14,201840,3.7,1604057910
31,201204,4.3,1607672783
6,200416,2.5,1600738332
43,200194,2.7,1605790013
23,201038,3.6,1606038998
39,200779,4.5,1601804101
16,200382,3.7,1608466811
44,201151,4.9,1600170305
43,201553,4.5,1608218962
24,200483,4.9,1609066389
10,201829,2.6,1609996277
39,200081,3.7,1608178209
6,201855,3.8,1602970400
46,200933,3.4,1601315616
17,201970,3.4,1604512140
25,201925,2.6,1602502124
44,200686,4.3,1607875488
29,201167,4.3,1609000040
35,201143,4.1,1606398038
10,200114,3.7,1607848228
11,201242,2.8,1608561897
7,201494,2.5,1606574674
33,200523,4.9,1606288701
24,201056,4.2,1606502451
36,200054,4.9,1606998699
12,201337,3.6,1605018208
34,201642,3.3,1604703067
2,200967,4.0,1608194986
40,200020,2.7,1605557005
8,201473,2.7,1604400016
1,200288,4.4,1602012527
3,201128,3.3,1605188841
16,201372,3.7,1605134827
34,200347,4.3,1608485035
44,200277,4.8,1603482772
6,200883,3.2,1607728384
4,201588,2.7,1606106649
20,200348,4.3,1604574836
3,200492,4.4,1600349364
28,200127,4.2,1608964322
10,200739,4.1,1604714816
22,200410,2.8,1609406050
24,201847,2.7,1606360789
16,201791,2.7,1601705373
26,200747,4.7,1605137924
39,201226,4.8,1600688812
14,201383,4.1,1608606685
22,200725,2.8,1603059825
14,201470,4.7,1606985058
25,200815,3.2,1601586436
9,200278,3.6,1609504150
18,201305,3.1,1603745662
1,201655,2.9,1605628307
34,201681,3.8,1604091717
35,200740,4.6,1605722711
30,200608,3.0,1603646320
3,201952,2.8,1609422454
32,201259,3.2,1600759205
27,201192,2.6,1607338938
15,201440,4.1,1603544939
31,201424,4.4,1604138255
32,201779,3.5,1607372730
6,201526,4.8,1604886650
21,200579,4.5,1604665158
7,201900,5.0,1601438226
1,201452,3.5,1601384473
11,201160,4.8,1605046747
43,200011,4.5,1602126788
42,201219,4.8,1602497223
44,201885,4.2,1609705395
24,201733,2.7,1609091873
10,201023,4.7,1600036566
30,201966,4.1,1602573596
30,201439,3.9,1604977363
9,201252,4.6,1604841029
15,201253,4.4,1609214808
41,201664,2.6,1604119164
49,200694,3.1,1600956843
24,200008,2.8,1608432679
14,201754,3.9,1607218639
3,200691,3.8,1608955527
40,200828,3.2,1609819588
24,201861,2.9,1604413879
5,201361,3.6,1600507375
17,200455,3.6,1606717499
14,200173,3.6,1600807010
10,200691,4.9,1600428195
10,200993,2.7,1607174316
1,200767,4.5,1605066328
16,200541,2.6,1609560876
23,201910,3.6,1608664769
16,200601,4.9,1608334181
2,200531,2.6,1605484247
5,201961,3.3,1603877529
48,200571,3.4,1604082989
34,201837,2.7,1600669181
10,200407,4.0,1601399632
21,200945,3.5,1606700490
8,201737,3.3,1604615754
36,201494,3.1,1604913711
21,200572,2.9,1600889195
40,200054,5.0,1604574979
6,201550,3.9,1604356569
49,201827,3.1,1603860124
25,201582,3.6,1605021298
16,200886,2.5,1602285534
1,201730,4.9,1602541583
1,200531,3.3,1604626162
20,201757,4.6,1601788066
49,200504,2.7,1602933822
17,200121,3.3,1600468187
1,200040,3.5,1603753446
27,201897,2.9,1604290916
37,201197,3.2,1605755656
9,201368,2.5,1608515987
9,200177,4.4,1604696535
27,200023,2.8,1605386519
35,201815,2.6,1602422449
24,200129,4.2,1603678707
34,200950,4.1,1604818151
5,201918,4.6,1603267585
30,200891,4.2,1600031747
12,200669,4.0,1605830797
1,200335,3.5,1600680872
39,200846,3.3,1609736412
8,200317,4.5,1609717015
29,200198,4.3,1608710355
22,201170,4.3,1601068314
30,201942,2.8,1600757068
20,201935,4.4,1605297812
4,200019,4.3,1603914837
42,201131,3.8,1608402947
50,201292,4.6,1602784213
40,201419,3.1,1602952836
11,200603,3.5,1602615829
48,200621,3.4,1602060016
39,201737,4.0,1609835828
30,200323,3.9,1601489779
32,200771,3.0,1604122192
36,200761,4.4,1605433949
16,200819,3.0,1602057163
23,201967,3.9,1608432827
26,201221,3.1,1603255728
12,201041,3.3,1602704899
23,200548,3.4,1606403193
49,200705,3.6,1601618236
3,200999,4.5,1604925838
39,200551,3.1,1608930878
50,200023,4.6,1608314032
17,201663,2.7,1609946008
33,201667,3.9,1604512757
14,200334,4.4,1602847670
4,201923,4.0,1604647266
32,201982,3.3,1606887939
46,201928,4.5,1600881718
24,201785,3.0,1605260766
24,200234,4.1,1606852191
2,200581,4.7,1605087295
45,200390,3.9,1602807146
44,200148,3.1,1601511056
37,201226,3.7,1602978414
36,200811,4.7,1606969925
31,201767,3.6,1609004871
14,201481,4.0,1606357451
3,201639,3.2,1609661237
46,201586,4.3,1605754596
24,200288,2.5,1603086409
30,201609,3.6,1602261565
13,200817,4.4,1608998732
8,201413,3.9,1601488743
17,201042,3.5,1606796773
8,200354,4.7,1608774807
9,200895,3.0,1604792031
48,200844,3.5,1604431762
42,201397,3.4,1606243889
29,201949,3.9,1607961307
6,200126,4.0,1601521499
49,200769,4.6,1600429688
39,201973,2.5,1602301249
6,201845,3.1,1607129583
41,201029,3.0,1603290992
19,201043,2.6,1601947958
35,200946,4.5,1607273863
20,200024,3.3,1607231486
45,200220,2.8,1605087055
42,200739,4.0,1605875490
47,200926,4.0,1607215868
15,200478,4.8,1600106594
34,200695,3.1,1606590616
21,200081,3.7,1602108861
21,200603,3.1,1603003636
43,200128,4.7,1603523939
50,200152,3.7,1601632580
42,200957,5.0,1608151106
45,201893,2.7,1609507510
34,201645,4.4,1603155790
43,201454,2.7,1606273997
31,200201,2.9,1607970171
31,200090,4.7,1608912057
12,200576,3.4,1608791322
10,200525,4.1,1606226415
11,200338,2.6,1603016256
2,201676,3.0,1601543720
38,200118,4.5,1604621787
1,200774,3.2,1601016192
47,201928,2.7,1606491082
25,200815,4.5,1602064598
20,200687,3.6,1604757329
45,201295,4.8,1600735020
28,201234,4.5,1608489619
17,201343,2.5,1609944158
12,201989,4.4,1603784990
20,200142,2.7,1605179897
26,200704,4.2,1608099122
28,200476,4.5,1609440017
16,200220,3.6,1600279348
10,201621,3.3,1607150057
12,201607,4.3,1608147461
25,201617,4.9,1606095946
5,200716,4.7,1607890433
49,200271,4.7,1607458510
17,201519,4.8,1603074472
28,201867,2.5,1608531751
10,201907,2.7,1606667555
13,201287,4.5,1604050319
6,200304,4.5,1603507349
32,200255,4.0,1603342641
29,200217,4.5,1602434157
20,200866,3.1,1607151593
10,201640,4.4,1600962940
18,201580,3.9,1606845974
2,200060,4.0,1608154108
37,201630,3.0,1607062297
32,200901,4.1,1609105939
23,201405,2.9,1604468027
41,200249,2.8,1604235230
19,201833,4.8,1607187484
22,201184,4.1,1608733750
1,200203,4.6,1606542603
37,201780,3.4,1609783367
32,200563,2.6,1607156463
50,201797,2.8,1608365636
22,200142,4.2,1606883995
42,200342,3.7,1607260813
48,201013,4.3,1604886058
15,201746,2.9,1608046446
21,201956,3.5,1603990625
32,201304,5.0,1605244016
14,201870,3.3,1603029775
27,200105,3.6,1601861223
16,200919,4.2,1604832113
42,200442,3.3,1606520484
16,200379,3.8,1604454767
21,201934,2.6,1601380474
45,201531,4.3,1601619034
17,201478,2.8,1607146385
14,200744,2.6,1606801023
37,200066,3.5,1604195533
49,200769,3.4,1606057054
50,200967,4.6,1603760289
49,200302,4.2,1601994604
32,201956,3.4,1602201685
31,200011,2.7,1605803961
21,201293,2.8,1602975556
45,200328,2.9,1609455702
28,200108,3.9,1600237541
32,200680,4.0,1609270744
38,200730,5.0,1608598287
42,201483,3.9,1600869086
50,200249,4.2,1606456251
48,200789,4.9,1600937984
16,200214,2.6,1600142221
12,201191,4.8,1609985781
2,201958,4.3,1603196340
9,200909,4.2,1609726095
15,200263,3.7,1600031579
25,201111,3.2,1607191158
44,201188,3.5,1605732169
37,201104,3.6,1609443946
39,201493,2.8,1605039100
12,200721,3.9,1608701922
18,200270,3.5,1603221507
43,201257,3.3,1604603973
4,201772,4.0,1606365502
46,201884,3.6,1607407054
33,200755,4.2,1606056785
17,201901,3.3,1608276217
10,201787,3.2,1607304305
30,201686,3.9,1600209973
17,201541,3.9,1609602984
38,201886,3.0,1600379481
25,200249,4.5,1603074072
12,201353,4.6,1602150026
1,201435,4.4,1600941811
2,201208,4.2,1603618405
21,201594,2.7,1605513860
5,200447,4.9,1603094800
38,200266,3.4,1609200983
18,201816,2.6,1608729845
3,200421,4.7,1602197778
24,200439,3.5,1600655544
10,201345,3.5,1605400911
26,201446,4.4,1606789341
42,201562,4.7,1604534030
28,201103,4.6,1605212378
29,200295,4.4,1606141334
39,201700,4.8,1601762713
40,200470,3.8,1609160659
11,200710,3.8,1607659118
32,200281,3.3,1601322442
36,200787,3.5,1604274716
1,201300,3.4,1606620499
45,200343,3.7,1604504489
18,200513,2.9,1609281614
11,200191,3.2,1600250877
20,200837,3.3,1602433304
17,200933,3.3,1600878951
2,200361,4.4,1604846226
49,201701,4.6,1605325367
3,201493,4.4,1602071978
41,201213,4.1,1609790680
28,200115,2.8,1604977186
38,201803,2.9,1606529296
27,201214,4.4,1609723304
6,201204,3.2,1607875948
7,200630,4.1,1607336129
31,201760,3.0,1601704674
2,201015,3.9,1604409495
42,200524,3.7,1608094550
14,201498,4.9,1600673011
37,200181,4.7,1604388426
16,201547,4.6,1607282429
23,200898,3.6,1603847866
6,201424,4.0,1608295122
35,200953,5.0,1605608645
32,200749,3.3,1608530493
13,200254,3.3,1602163196
16,201225,4.4,1605802649
43,200851,3.6,1609010965
34,200790,3.2,1601699605
27,201835,4.6,1604385774
17,201328,4.0,1609075162
42,200345,3.7,1602008650
40,201269,3.9,1606457864
9,200296,4.1,1607390178
18,200333,2.9,1606387412
50,201701,3.3,1601393334
27,200924,4.2,1601051413
30,201490,4.1,1605407040
28,201378,4.6,1601821415
3,200069,4.9,1600411008
20,200101,2.9,1604114069
44,200687,3.7,1602105803
31,200810,2.7,1607007883
48,200311,4.7,1601653469
23,200551,3.1,1608783028
26,201123,4.4,1604756072
50,201396,3.9,1607726670
2,201450,4.3,1601823086
42,201873,4.0,1607307551
6,200369,4.4,1600757939
50,201481,4.2,1603492949
37,200767,3.7,1604030323
19,200990,3.0,1601637845
40,201236,2.8,1609316936
36,201722,2.7,1600506562
13,200932,4.1,1607280962
49,200307,4.9,1608321750
20,200109,2.7,1604789701
11,200516,2.7,1609948894
17,201816,4.5,1609526109
24,200996,4.6,1606462038
2,200908,3.3,1605028698
35,201046,2.6,1605927155
21,200905,2.5,1606306396
31,201745,2.8,1605275732
28,200492,2.6,1603274456
11,200940,2.7,1604500291
29,201730,2.6,1609462380
16,200100,4.7,1607132073
22,201416,2.6,1608977018
17,200308,3.3,1607603193
46,200610,3.3,1600849278
20,201665,2.7,1606524516
31,201834,3.7,1606616257
26,200092,4.0,1601970569
24,201891,3.2,1609885672
7,200931,4.7,1600474001
11,201118,4.0,1608033947
36,200404,3.7,1604672692
20,200325,2.8,1608847782
38,201311,3.7,1602714640
41,201338,4.1,1608254670
38,200891,3.1,1608785077
28,201372,2.7,1605455885
3,201187,4.2,1605845491
17,200140,4.4,1608435897
48,201122,4.1,1608700882
23,200961,2.5,1605714513
22,200630,4.3,1603231306
43,200584,4.4,1600214719
36,200019,2.8,1603655198
9,201249,4.9,1604334186
35,201900,4.1,1607318405
24,200834,4.2,1606082523
29,200666,3.6,1605900159
29,201466,3.5,1606052580
29,201234,4.0,1602797859
35,201591,2.7,1605831144
41,200595,4.8,1607636572
47,201572,3.8,1607907225
39,201641,4.1,1600289309
6,200304,4.9,1604334592
41,201865,4.9,1609720860
35,201762,3.0,1604985472
35,200939,4.5,1608330421
18,201530,3.2,1603602050
12,201922,3.6,1605614143
28,201813,4.9,1600908198
3,201984,4.6,1604932085
20,200793,4.0,1604976159
10,201080,3.2,1603138747
16,200035,3.2,1607752295
22,201447,2.6,1602602818
24,201160,3.2,1604398025
6,201173,2.7,1608018276
39,201108,3.7,1604031904
3,200997,4.3,1604785420
33,200369,3.9,1605161166
30,201600,3.1,1606174223
4,200637,2.6,1602370157
22,201003,4.1,1605282017
25,201251,2.9,1604751332
14,201910,3.5,1605502404
19,200624,4.4,1609098542
9,200554,4.0,1609673374
2,201651,2.7,1604584874
47,201402,3.5,1606032533
17,201458,4.9,1605474003
44,201655,3.3,1609734284
5,201441,3.4,1607712384
18,201589,4.9,1609936512
42,201281,4.7,1605643611
38,200943,3.0,1609207598
38,201655,3.7,1608295200
17,200941,3.9,1603071583
7,200385,4.8,1600438613
13,200037,2.6,1608951758
4,201832,2.9,1609755737
17,200815,4.0,1605671570
25,201480,5.0,1609299186
5,201162,3.7,1608292550
6,201153,3.6,1607299268
17,201333,3.2,1601194593
24,201748,4.5,1605613882
13,201603,3.2,1607969531
13,201724,4.9,1607760809
19,201091,3.5,1608732739
29,200138,4.2,1601939922
35,200170,2.7,1601511748
1,201583,3.7,1608609770
27,200042,3.4,1606629397
14,201546,4.3,1600453758
16,200323,3.8,1606368724
43,201505,3.3,1603674018
39,201037,3.5,1600000843
33,200712,3.7,1603490210
30,200804,3.4,1607518909
1,201536,4.4,1604924868
46,200895,2.8,1606482365
37,201523,2.8,1601583091
4,201925,2.8,1608382192
4,200602,4.1,1607319740
2,200044,4.3,1608245947
31,201375,3.6,1605973024
7,200285,4.3,1601990732
1,201633,4.9,1607675696
9,200402,2.8,1607146496
8,201421,4.7,1609426738
50,201504,3.5,1608921686
38,200873,3.0,1605326832
4,201878,4.2,1608211281
42,200293,3.1,1603341039
46,200019,4.2,1601298745
5,201403,5.0,1608256841
1,200994,2.5,1605789942
19,201438,3.0,1604327265
24,200142,3.6,1606557127
33,200311,5.0,1601518250
25,201803,3.4,1605881050
28,201365,3.8,1608149751
17,201978,2.8,1602694684
5,201278,5.0,1603817637
38,201160,3.1,1607747094
40,201896,4.1,1604017591
12,200976,3.3,1602569003
26,200460,3.2,1602282557
22,200640,4.8,1602373742
24,200630,4.7,1603671837
24,200533,4.0,1609030100
48,200653,3.3,1601050291
41,200044,3.4,1608789607
29,200834,3.5,1600348068
50,200230,3.2,1603393848
19,201346,4.5,1606588993
34,201611,4.1,1609011265
15,200664,3.1,1607081072
25,200368,3.5,1604109008
19,201128,4.3,1609463930
50,201082,4.0,1604570071
35,201551,4.0,1605112958
23,200232,4.6,1602177093
41,200006,5.0,1605146976
38,200171,3.6,1600203960
28,200015,4.5,1604137895
17,201479,2.5,1603807450
18,200948,2.6,1600710638
8,200145,4.4,1609216461
20,200886,3.0,1605415187
45,200638,2.7,1601175018
32,200056,4.8,1603763908
28,201671,3.0,1604311009
45,200339,3.6,1609338615
6,201580,4.5,1606695082
30,200017,4.3,1607349837
32,200306,2.7,1608891616
15,201115,2.7,1600483377
3,200375,4.7,1608091413
8,200841,4.6,1603252495
33,201175,3.6,1604718375
5,200200,3.6,1607909996
24,200693,3.0,1608370306
42,201960,3.3,1609145908
36,201583,3.2,1601520591
45,200773,3.4,1609463030
2,201036,4.5,1605488596
45,200459,2.6,1602466330
4,200863,3.2,1605740857
7,201854,4.4,1602982327
46,201734,3.7,1606139081
36,200787,3.7,1605520549
48,200743,4.9,1608227026
48,201171,3.3,1607299634
30,200149,3.1,1604006552
40,200196,2.9,1606171142
32,200873,4.7,1609568528
13,200666,4.1,1602810855
36,201082,4.5,1609969875
40,201534,3.1,1603672699
27,200648,4.0,1601199152
40,200070,5.0,1609886903
35,201866,3.5,1602169635
10,200503,3.0,1607556845
36,201347,4.5,1604003526
41,201227,3.6,1609174271
46,200835,4.2,1609469442
39,200883,3.2,1604875035
11,201023,3.2,1606438699
5,200422,3.5,1607232098
21,201928,3.7,1608899410
18,201090,4.5,1605740562
12,201229,3.2,1606135036
45,201735,3.2,1601410225
11,201535,2.9,1604846168
29,200733,3.9,1604480767
50,201477,3.9,1608416167
5,200503,4.5,1601698390
14,201320,3.0,1603177363
4,200356,2.6,1609629573
40,200180,3.4,1602381833
29,200294,4.3,1608075194
7,201872,4.1,1603769475
6,200297,4.5,1601057150
2,201715,3.9,1609445758
16,201529,4.2,1606224422
28,201846,4.0,1609591923
26,200276,3.1,1602062100
23,200602,4.9,1600508669
15,201490,3.6,1604723691
47,200523,4.7,1607745420
9,200563,4.0,1608317196
13,200570,3.8,1609930281
6,201984,3.3,1602524694
29,200987,4.6,1603809720
5,201258,3.8,1608248846
31,201308,4.6,1608262447
17,201918,2.8,1600856179
34,201102,3.3,1609006764
14,200086,3.3,1602264828
47,200168,2.9,1605493669
40,200236,2.9,1608291926
38,201833,3.6,1608713273
22,200983,4.6,1603671214
27,201623,4.4,1600848579
28,201560,4.4,1609800481
7,201738,3.5,1601414488
36,201912,3.0,1603871892
19,200664,4.6,1601901912
23,200865,3.0,1605084969
31,200638,4.6,1609259471
8,200081,3.5,1604589236
25,201954,4.2,1608474224
47,200763,2.9,1602310091
29,200839,4.6,1606323794
29,200102,4.0,1604739832
26,200489,4.9,1607795800
29,201438,3.0,1601855746
22,200559,3.1,1601144851
35,201437,4.9,1604381245
8,200668,3.1,1605046896
44,201577,4.5,1608306607
2,200396,3.3,1605452119
28,200548,4.4,1604760498
18,201899,2.6,1604328430
37,200259,4.6,1608888150
40,200892,3.2,1607516893
43,200761,3.2,1601322408
21,200526,2.6,1603913237
23,200477,4.5,1602766601
40,200496,3.2,1608715628
28,201516,3.9,1608963095
19,200582,4.5,1605532553
37,200756,4.1,1604529645
29,201506,3.4,1601317411
16,201361,3.1,1602661481
13,201959,2.9,1604253755
45,200797,3.8,1607939425
24,201205,2.7,1608924533
36,201844,4.0,1607459843
39,201751,3.9,1609995338
30,200847,4.1,1603998298
22,201025,3.8,1601004432
29,200444,4.1,1600620756
47,200615,3.6,1603779055
4,200041,2.5,1606394863
30,201031,4.3,1605422169
17,200636,4.9,1604900320
38,201711,2.9,1609086231
29,201175,4.7,1602995141
27,201000,4.5,1602643245
41,201936,3.7,1603790141
42,200078,2.5,1609948580
47,201566,2.5,1605542293
26,201439,2.9,1601792040
20,201974,3.6,1609238832
6,201907,4.6,1606939786
40,200532,4.6,1606858693
30,201141,4.6,1604912336
23,201274,3.0,1604741041
25,200671,3.1,1606982550
35,200616,3.1,1609952056
1,200185,4.9,1600467695
47,200712,2.7,1606201764
21,200667,4.5,1608167017
45,200841,4.6,1609319848
29,201815,4.8,1602905517
1,200990,3.2,1602188839
31,200286,3.6,1609682779
37,200369,4.2,1607126914
39,200354,3.7,1608187883
14,200625,3.7,1608900338
1,201971,3.5,1607407328
23,200943,4.2,1608956719
30,200368,4.3,1609358194
37,201729,3.8,1601284196
28,201192,3.8,1602187660
25,201970,3.5,1603748103
10,201546,3.2,1601488208
3,200622,4.7,1605249036
48,200455,3.7,1604638630
17,201340,2.6,1609509009
23,200357,3.1,1608437197
20,201157,4.1,1606606897
27,201848,3.3,1608248197
37,201755,4.7,1609609384
49,201154,2.6,1600530476
8,201742,4.2,1602380347
38,201998,3.6,1609451469
2,200083,3.5,1602954528
25,201703,2.6,1609983492
27,201124,2.9,1604670558
30,200041,3.5,1608558706
16,200866,3.0,1609281379
1,201710,4.7,1604917381
29,201499,4.0,1606930897
13,200763,4.9,1602703490
22,200315,3.5,1608512698
41,200761,4.6,1605412840
50,201691,3.8,1601863434
19,200506,3.9,1604281002
14,201001,3.3,1608802802
35,201183,4.1,1608825202
48,201475,4.3,1603531308
45,200551,4.3,1604972283
3,201158,4.3,1607008041
15,200384,4.2,1602122781
25,201139,4.3,1601576106
35,201434,4.0,1607732431
37,200754,4.9,1603659932
44,200450,3.2,1604473312
5,200194,3.8,1608848118
49,201301,4.4,1603441777
3,201518,4.8,1608419063
35,200266,4.7,1600734932
3,200944,3.7,1606104307
34,201408,2.9,1600291517
15,201767,4.3,1609828526
7,200148,4.5,1608758662
38,200440,4.0,1604017701
48,201260,4.9,1604687571
21,200268,4.7,1609382546
34,201689,2.5,1601472783
24,201708,3.7,1606322572
44,201386,4.7,1600340598
18,200765,3.8,1601976882
37,201836,2.8,1605223008
47,201102,3.8,1607966491
18,201575,4.8,1605657885
17,200323,2.7,1608830362
31,200686,2.8,1607743362
34,201468,3.5,1601690927
15,201844,2.6,1605079770
16,200887,2.6,1606281961
15,201165,4.0,1605963997
42,200958,4.9,1606353519
27,200213,2.6,1601891732
24,201206,3.3,1606711328
7,201219,4.5,1601765161
11,201318,2.8,1608312622
38,200068,3.4,1607652458
27,201628,3.4,1606942120
50,200791,3.0,1601793672
46,200927,3.6,1604168270
13,201122,4.1,1600108776
22,201475,3.2,1601611655
29,200670,3.1,1606643894
12,200211,4.7,1603461716
21,201457,2.9,1606315358
22,201951,3.0,1604956628
1,200257,3.2,1607021937
42,200676,4.2,1606171611
11,201073,3.3,1608337579
31,200543,3.1,1605066603
5,201689,5.0,1605040221
30,201203,4.1,1603480246
7,201907,3.5,1600689682
9,201450,4.0,1608488045
35,201684,4.9,1602238794
37,201981,3.8,1608755971
24,201125,3.1,1604137550
14,200672,4.6,1605254625
34,200648,4.2,1606228933
35,200989,3.4,1601202946
10,200867,4.7,1608581682
1,200348,4.0,1603166857
30,200131,3.9,1602911980
24,200546,2.6,1600746704
28,201443,4.5,1607784697
19,201860,4.0,1605755986
23,200977,3.9,1600648421
31,200321,3.6,1606879869
41,200220,2.7,1606234702
27,201613,4.3,1600181214
38,201799,3.3,1609682212
38,201787,3.2,1606516900
18,201856,4.8,1609051950
29,201912,4.3,1607572381
41,201421,2.6,1600590923
40,200761,4.3,1600838569
49,200954,3.3,1601194201
33,201194,4.1,1609405312
25,200348,4.3,1600268329
10,201858,3.1,1602617012
7,201243,3.5,1602858979
25,200416,3.9,1609752204
9,200343,2.9,1603443954
18,200710,2.8,1603208547
18,201958,4.2,1602235092
16,201133,3.3,1605885558
33,201040,3.8,1602844140
13,201721,3.3,1605984441
27,200491,2.8,1601079916
27,200297,3.4,1608625309
25,201437,4.2,1604925781
21,200009,2.7,1608520454
4,200612,2.6,1602893531
10,200950,4.1,1606966178
45,200918,2.6,1604468869
32,201510,3.8,1600293634
1,201737,4.8,1603238096
19,200403,3.7,1608778079
1,200459,4.2,1602228326
47,201289,3.6,1606241432
49,200547,4.5,1602674020
6,200650,2.7,1601797106
13,200275,4.3,1601993417
47,201589,2.6,1605275069
18,200631,2.5,1609079816
26,201669,3.1,1608006236
38,200021,2.7,1606876591
21,201999,4.7,1609380066
13,201430,4.1,1605047373
46,200121,4.0,1604626247
4,201479,3.4,1602648984
17,200365,4.2,1604161911
22,201026,4.5,1608412567
25,201183,4.0,1601632726
40,201269,2.8,1603011933
49,200208,4.2,1608773502
36,200819,3.3,1605180805
12,200875,2.6,1605912439
11,200336,3.9,1600260408
45,201588,3.1,1609855627
14,201688,2.6,1604753960
20,200832,3.4,1606807226
44,200494,3.9,1601097410
35,201926,4.0,1601965785
13,200950,2.7,1606199562
31,200515,4.5,1607376970
9,200053,4.9,1604062497
3,200639,3.6,1607073471
32,200955,4.7,1605650676
17,201940,5.0,1602564337
23,201547,4.8,1603323111
13,200112,4.1,1600409306
33,200673,2.6,1604798228
24,201053,4.2,1608665950
26,200830,4.3,1605800869
36,200194,3.9,1606472283
45,201088,3.3,1604015751
22,201318,3.4,1609384568
34,200874,3.0,1606010373
24,200579,3.5,1603062704
39,201157,2.9,1601536087
16,200121,4.2,1600311400
30,200636,3.1,1609443519
41,200256,4.0,1608777612
38,201677,2.9,1604182162
38,201135,2.6,1605564122
48,200652,2.7,1603085875
8,200538,4.9,1608934874
9,200636,4.8,1608691209
21,200619,2.5,1605978033
37,200489,2.5,1605857761
6,201555,4.7,1605970370
5,201796,4.9,1601386002
24,200329,3.5,1600721333
3,201200,3.1,1601155781
45,200240,3.4,1604751913
5,201104,2.6,1606850516
19,200746,3.2,1606018166
1,201472,3.2,1607407664
10,201032,4.6,1609812874
16,201084,2.7,1602115094
3,201447,2.6,1600958371
38,201185,2.9,1605756148
8,200850,3.1,1607052888
13,200558,3.4,1609295355
48,201400,2.7,1608730411
42,200843,3.5,1603359889
30,201161,4.4,1602527348
27,200707,4.4,1604814296
6,200607,4.8,1603025057
30,200356,3.2,1603728481
44,200279,4.0,1607553567
9,200816,4.9,1608345294
18,200496,4.5,1603540661
10,201996,3.4,1605622227
13,200298,4.4,1605639246
11,201584,3.8,1605526804
16,201391,3.2,1607699973
24,201196,3.2,1608840494
15,201494,3.3,1601221881
38,200282,3.4,1608230793
28,200091,4.5,1603634081
10,200569,2.6,1607042251
34,201011,3.3,1607364156
20,200427,4.3,1609730743
50,200095,4.8,1600246077
37,201231,3.4,1604230351
49,201265,4.0,1609312794
17,200820,3.6,1601544700
45,201031,2.6,1609468009
47,201923,4.5,1600807743
24,200768,3.7,1603350890
1,201248,2.7,1608108441
38,201874,4.2,1609470709
22,200338,3.0,1603970523
23,201165,3.9,1607337677
45,200243,4.3,1607277798
40,201608,3.6,1602999544
8,201215,4.1,1608868831
26,200133,4.5,1601365310
15,201992,2.9,1604679119
39,200417,3.9,1601152237
34,201124,3.2,1601600943
12,201715,3.6,1603095386
8,201755,4.2,1609493213
11,201415,3.6,1603291841
45,201431,4.5,1604296320
24,201813,4.0,1605172556
29,201392,4.0,1602480069
28,200899,3.5,1605645601
17,201948,3.6,1609219707
9,200051,3.7,1608269769
14,200055,4.7,1604025153
2,201709,3.0,1604500522
46,201423,4.1,1600269281
44,200234,4.6,1608305949
43,201100,4.0,1607192294
50,201590,2.7,1606352591
8,201289,4.0,1600474554
33,201175,3.7,1602142115
11,201571,3.5,1603584212
15,201168,4.4,1600599403
49,201122,4.6,1606610095
50,200025,2.7,1605626855
42,200721,4.4,1607215167
8,200123,3.5,1609715510
38,200604,4.1,1602002916
29,201261,2.6,1601533883
10,200521,4.2,1607147636
7,200395,4.2,1609417986
21,201845,4.8,1605833349
6,201590,4.8,1601176854
12,200040,2.8,1607640733
13,200819,3.2,1604628223
8,201884,3.2,1604531578
48,201889,4.1,1603557044
8,201648,4.6,1602951696
38,200224,4.5,1603344020
3,200958,4.8,1600847246
49,200983,3.8,1605605518
14,200265,4.6,1603404809
47,200728,2.5,1605346467
21,201466,3.8,1605957811
8,200029,4.9,1603407503
22,201509,4.6,1609639853
23,200891,3.7,1600930390
37,200270,2.9,1600867076
6,200836,3.8,1606679235
22,200906,4.8,1608924528
21,201947,4.0,1607208187
16,200176,3.8,1606433676
41,200563,3.0,1605587640
11,201033,2.5,1605907834
48,200614,5.0,1605730955
49,201156,4.8,1608669508
19,200151,3.3,1607013125
16,200392,3.2,1605542899
43,201031,3.1,1605055387
31,200724,3.1,1603404655
7,201308,4.8,1600564468
48,201115,2.8,1608812131
23,201587,3.9,1607724644
25,200583,4.1,1602424601
19,200071,4.4,1603467715
32,201693,4.7,1603740091
9,201219,2.9,1602747398
47,200135,3.9,1603032725
42,201444,3.7,1607779187
36,201712,3.4,1608507896
28,201059,2.7,1609135352
28,201424,3.1,1608559767
33,201968,3.8,1601413117
4,200180,3.7,1603252576
11,200792,3.4,1603797409
32,201336,4.1,1601715231
35,200624,2.8,1607994463
9,201954,3.3,1607463149
49,200223,2.7,1605356306
43,201301,2.8,1606989443
34,201641,2.7,1609725054
50,200098,3.8,1608451082
13,201982,3.1,1609129500
13,201896,4.8,1600798283
38,201098,2.6,1600808984
1,200701,4.3,1605150161
34,200466,3.7,1609236524
37,200054,4.6,1603624152
9,200479,3.9,1603673867
22,201892,4.6,1601397497
36,200137,5.0,1609872659
31,201613,4.4,1608956167
26,201217,4.3,1606610385
1,201107,4.8,1607362067
24,201951,2.6,1602074142
21,200783,4.3,1606161808
7,200972,4.7,1600187540
18,200908,3.7,1604197475
36,200916,3.5,1606592865
3,201906,3.6,1606280142
4,201709,3.1,1607916922
28,200300,4.9,1609215397
36,200982,4.4,1608372290
36,200857,4.5,1607949040
30,200603,4.2,1604992390
31,200856,2.8,1606014630
20,201814,3.9,1608370123
34,200312,3.1,1605752567
36,200203,4.6,1607970738
39,201982,2.9,1603769903
18,201023,3.6,1606735506
31,200796,4.0,1600419066
43,200225,4.1,1604318716
37,200121,4.6,1603729145
37,201165,4.5,1600163718
32,200146,3.3,1604470658
15,201542,4.9,1605425771
30,201969,3.5,1601730067
1,201411,4.8,1608903085
38,200994,3.6,1603161980
23,201291,4.0,1605084716
45,200257,4.5,1605386119
39,200427,4.5,1604699870
29,201245,2.7,1600518761
15,200578,4.9,1605664489
3,201265,4.0,1601824984
38,200416,3.6,1608490808
16,201835,4.4,1601568564
8,200080,4.2,1609245424
48,200737,3.9,1604538095
11,200881,4.5,1602079254
26,201468,2.8,1606859471
37,200439,4.7,1603347200
42,200739,3.2,1601434657
25,201563,4.1,1604097215
14,201801,4.0,1600643315
2,200448,3.3,1608400710
32,201780,4.4,1606480502
50,201193,4.6,1609555274
20,200277,4.9,1603894324
30,201970,4.6,1600730568
42,200950,3.0,1609071949
22,200508,3.8,1608844339
4,200896,4.8,1608311062
33,200240,4.2,1602636810
41,201621,4.0,1604859493
45,200562,3.5,1608170286
28,200826,2.7,1604376281
10,201514,2.6,1603967578
50,200811,4.0,1606943091
16,201181,3.6,1605053809
40,200588,2.8,1609584295
32,200130,3.3,1605381647
16,201638,4.9,1602979025
47,201651,4.8,1607784267
25,201689,3.0,1600468379
47,201606,2.7,1604607734
26,201282,3.0,1605528451
11,201623,2.6,1605328037
41,201038,4.7,1605332328
20,201281,4.6,1607019441
8,201466,3.4,1603855037
9,201515,3.6,1600636160
49,201156,3.2,1601196315
15,200552,3.4,1604501745
24,200243,4.2,1603944438
30,201486,4.6,1604401080
28,201292,4.9,1606358611
39,201130,4.7,1601260013
22,200361,2.8,1601653988
38,201746,3.5,1607740094
26,200218,4.1,1601244948
2,200778,3.6,1606746502
50,201032,3.0,1608946250
16,201175,4.3,1602656859
17,201441,3.8,1600890919
8,200217,4.0,1602384567
9,200586,4.8,1608607774
46,201879,2.7,1605529159
7,201714,3.6,1603504238
27,201723,4.4,1609686546
32,200309,4.2,1604504489
41,200091,4.4,1600780337
43,200819,4.3,1600504169
43,200002,3.5,1601165172
23,200021,3.6,1608079699
44,201214,4.0,1604511560
46,200982,2.7,1605163180
2,200843,2.7,1602181063
19,201718,4.0,1603602240
37,200718,3.7,1608340769
27,200721,3.2,1605471845
36,200845,3.2,1604494397
27,200064,3.1,1609319542
21,201549,4.5,1609181170
14,200452,3.2,1603676150
6,200767,4.4,1603431849
8,200880,3.6,1609259195
38,200754,2.7,1608439832
29,201380,3.4,1605482351
12,200555,2.9,1606738746
14,201862,3.6,1603622488
7,200985,4.2,1602853934
23,200403,4.1,1605488827
13,200599,3.5,1603212666
30,201770,4.6,1603760461
25,201062,3.7,1608357080
41,201586,3.8,1601487170
11,201224,2.6,1601164910
25,201473,4.3,1601045415
42,201183,3.5,1605813866
20,201186,4.4,1600051073
9,200252,4.8,1602129537
40,200774,3.2,1601511410
6,201359,3.1,1606960626
11,201034,4.1,1605088718
23,200510,4.5,1607521914
2,200207,2.7,1608831737
35,200874,3.7,1607259656
44,200510,4.1,1607763952
1,201625,2.7,1606186413
13,200574,4.1,1609663624
17,200436,4.8,1605203132
8,200533,3.7,1603662274
36,201816,4.9,1606752645
29,200590,3.2,1603966665
42,201826,2.9,1607947143
43,201666,4.7,1605727479
8,201420,3.1,1608431167
15,200273,3.5,1606950614
1,200540,4.8,1600286948
36,200521,3.9,1607555926
42,201787,4.7,1606056896
19,201460,3.9,1605983018
9,200396,3.2,1600177419
10,200718,2.9,1607530285
43,200075,3.1,1607248486
17,200872,3.2,1604133221
31,200111,2.6,1605031672
14,201334,3.3,1605190734
45,200736,5.0,1602830916
1,200055,3.6,1606042916
9,201027,4.7,1605230468
44,201031,3.8,1603242736
21,200151,3.3,1609112476
48,201690,3.1,1605179938
5,201036,3.6,1606303694
37,201789,2.9,1603263606
11,200410,4.3,1607713174
45,201860,2.7,1608946135
41,201831,4.7,1604289510
26,200705,3.2,1604445203
15,200014,3.4,1604885990
13,200146,2.8,1603551127
46,201658,3.2,1608408546
16,200410,3.2,1601755949
26,200144,4.6,1605503793
50,201678,3.9,1609977201
21,200533,4.8,1606780465
10,201309,3.7,1600678332
9,201943,4.2,1606935442
13,201126,3.2,1608723121
19,201403,3.4,1603357517
44,201262,3.7,1607381726
17,201369,4.5,1602269082
44,200958,2.5,1600004920
16,201293,3.8,1608797207
37,200956,4.6,1607728301
19,200727,3.0,1602479549
42,201389,4.2,1603186353
8,200195,3.5,1602178431
40,201338,3.6,1601102808
2,200746,4.4,1606754220
27,200400,4.5,1604522835
40,201183,3.5,1603941162
24,201993,4.0,1602238415
40,200281,3.5,1608584879
11,201521,4.0,1601733833
11,201469,2.8,1600315614
48,200720,3.5,1602774717
41,200482,4.5,1602811805
21,200966,4.4,1605995115
44,200178,4.3,1609823577
47,201324,3.5,1607998403
10,201953,4.5,1601648609
28,200639,4.7,1608214579
27,200147,4.9,1609917303
18,201686,4.1,1607066678
2,200961,4.6,1602463971
2,200381,3.8,1605841573
11,200675,4.4,1604119069
39,201534,4.3,1603111678
12,201137,3.9,1601904834
29,200552,4.3,1603253930
36,200035,2.9,1603769593
11,200657,2.7,1605447125
17,201100,2.7,1607239206
27,201728,4.5,1607841100
2,200655,3.3,1607249914
4,201731,4.8,1606183700
6,200226,3.6,1602292358
29,200923,4.1,1600604239
30,201834,3.9,1601655458
3,201527,3.0,1604729787
13,201107,5.0,1609554209
2,201958,2.5,1606168360
50,200392,4.8,1608416200
22,200625,3.3,1602831088
5,200197,4.2,1603869572
33,200134,4.9,1605954712
25,200293,3.2,1605742165
45,200117,3.9,1603622505
10,201007,4.9,1607106793
22,200119,4.7,1606626319
16,201339,4.6,1605259382
13,201032,4.7,1602359661
20,201495,3.9,1601593813
37,200210,4.1,1604039755
24,200376,3.7,1604135489
15,201975,3.3,1609472978
34,201732,4.6,1603157340
34,201916,3.8,1608703156
6,201228,4.5,1606704028
21,200073,4.9,1601559117
48,201512,4.4,1606765127
3,200357,3.3,1605652865
42,201380,2.6,1600970198
34,200537,4.1,1609964064
3,200705,3.9,1605128029
28,201692,2.5,1601909190
50,201782,4.9,1608230938
1,200914,4.3,1602445224
12,201661,2.9,1601883476
34,201751,3.7,1601995305
49,200679,3.9,1609302176
43,200420,3.3,1601328864
40,201050,4.9,1607386654
11,200580,3.8,1603894092
15,201233,3.6,1604281483
39,200230,3.3,1605388540
11,200121,4.6,1605143342
4,200403,4.9,1605741633
40,201032,4.9,1608206295
40,201025,4.9,1603986420
23,200475,4.8,1606067050
18,200101,3.6,1609875059
29,200077,2.5,1605523137
7,200441,4.1,1604306822
12,201529,3.1,1600229497
12,200172,3.2,1600040591
4,201191,3.7,1608267989
22,200996,4.9,1603182495
27,200063,3.0,1601789024
50,200698,3.9,1609263046
8,201913,3.0,1607408319
30,201679,3.9,1606397438
21,201993,2.8,1600083360
41,201599,2.7,1603135474
9,200354,3.5,1605536146
30,201779,3.4,1604475879
48,200268,3.8,1600443613
27,200495,4.1,1601720788
21,201232,3.5,1601265010
46,201628,3.7,1600535326
33,200812,2.9,1605582090
19,201501,4.8,1608835587
19,201395,3.7,1603938237
29,201727,3.4,1608323421
34,201059,4.7,1608826763
36,200780,3.5,1600001555
9,201763,3.8,1606596896
22,200340,4.0,1602319166
14,200663,4.2,1602490793
22,201311,4.7,1609511139
11,201192,3.8,1609443997
8,200814,3.3,1600422853
30,200268,3.3,1606303884
41,201224,4.2,1603404895
23,201675,2.6,1609802818
39,201064,4.2,1606181629
1,200365,4.9,1604899827
33,201329,4.3,1607048054
17,200225,3.9,1601276374
46,201866,2.8,1603943324
38,200905,4.8,1601205778
41,201088,5.0,1608226385
22,200004,2.5,1608761688
17,200470,3.7,1605777632
29,200643,2.5,1602680519
35,201342,2.8,1601903511
10,200033,4.2,1607962342
39,201437,4.7,1607988382
1,200775,4.6,1607823642
22,201187,3.4,1605964054
19,200532,3.6,1606723051
11,200288,3.8,1601999173
42,201577,4.1,1602357804
43,200473,4.1,1603888634
43,201311,4.7,1606513369
34,200682,3.6,1605902240
33,200680,3.6,1609987254
38,200769,3.1,1600715933
8,200850,3.8,1609036616
34,200111,4.8,1603143374
3,200145,4.3,1609690811
37,200339,4.9,1608123583
35,200035,3.0,1606354402
29,200808,4.9,1603092445
3,200741,4.9,1608686370
26,200180,3.8,1600572594
34,201369,4.9,1605617238
2,201539,4.1,1602596178
50,200843,2.9,1605272848
33,201084,3.3,1604104746
9,200214,3.0,1609618066
44,201354,4.1,1604491981
21,200652,4.9,1604599626
16,201793,3.2,1600770016
33,200490,3.7,1606545875
17,201009,3.6,1602666471
5,200526,2.9,1608419155
38,201741,4.2,1605246210
6,201092,4.9,1606171690
5,200372,3.1,1605052461
16,200151,4.6,1609212036
28,200359,2.6,1609989166
18,200827,4.6,1602843963
38,201892,4.0,1605178868
8,201735,4.8,1609614565
40,201207,3.1,1603499233
22,200706,4.1,1609399257
9,200191,4.5,1604516952
3,200136,4.8,1600020003
31,200949,3.4,1608711273
20,201591,4.4,1604427123
3,200161,4.7,1607704603
40,201172,4.6,1608851031
26,200602,4.5,1603945312
19,201791,4.3,1608588287
33,200030,3.6,1602265263
49,201048,4.1,1603435642
47,200329,2.8,1602962802
15,201123,3.8,1606618835
29,201065,3.0,1606945277
35,201638,3.9,1600904951
6,201561,4.4,1605187142
11,200165,2.7,1609303014
45,200248,4.7,1606520712
42,201013,4.9,1606382155
33,201131,3.5,1606375763
22,200234,3.1,1606250186
14,200140,2.6,1606847454
23,200033,5.0,1608027915
50,200683,2.6,1601119497
38,201877,4.8,1604105345
6,201011,4.8,1604157517
22,201462,4.6,1608086572
10,201566,3.7,1609228991
25,201527,2.9,1605364775
2,200756,3.8,1606691667
5,201208,2.9,1602838661
9,200674,3.5,1604818546
16,200313,2.6,1600576297
44,200999,3.9,1603621893
10,200994,2.5,1609263818
13,200996,4.8,1608858477
17,201842,2.8,1607918746
46,201605,3.6,1603424552
41,200536,3.8,1609920587
19,200164,3.5,1609131138
41,200013,3.6,1601703968
10,200334,3.4,1600080546
34,201743,4.7,1605833224
48,200378,2.9,1600186982
50,201685,2.7,1606852141
48,200744,4.7,1605362658
33,201208,4.0,1608649113
22,200621,3.8,1606576901
48,201306,3.6,1608983454
21,201970,2.9,1609147525
41,201183,3.6,1606525787
43,201509,2.9,1604346879
22,201153,4.1,1602797279
24,201951,4.3,1601616147
43,201562,3.6,1604113504
5,201071,3.3,1602800872
11,200294,4.3,1603548130
21,200630,2.9,1607949146
4,200454,4.0,1609677234
18,201708,4.4,1603433241
31,200877,3.3,1604699265
5,200588,2.7,1606457638
26,200157,3.8,1602473779
38,201557,3.6,1607591869
47,200645,3.5,1602431504
6,201800,3.4,1607514747
39,200593,5.0,1609023278
4,201957,2.6,1608303120
12,200663,2.9,1605256809
48,201006,4.7,1603839795
39,200242,4.5,1601901705
48,201166,4.8,1606267101
2,200828,3.7,1600692651
37,200526,4.7,1603727501
45,201778,4.9,1606234521
6,201886,3.4,1601091774
12,200241,3.8,1602757020
27,201381,4.6,1607905422
35,200895,3.7,1600980719
47,201574,4.2,1607542956
30,200451,4.4,1607445246
8,200556,4.8,1609418064
32,200270,3.7,1609838626
28,200938,2.6,1605540736
32,200361,3.2,1605437205
46,200029,4.5,1600438317
47,200189,2.7,1606758239
8,200108,4.1,1606010074
46,201790,2.7,1608719142
31,201618,2.8,1604539473
21,200843,3.4,1605435440
42,200373,3.8,1607808556
10,200330,4.9,1601870343
41,201404,2.7,1602291546
49,200479,3.9,1608807983
14,200987,4.9,1602613121
15,200850,3.5,1607795235
42,201703,3.4,1607703281
45,200809,4.4,1607917428
6,201232,3.9,1606525558
33,201214,4.6,1602318178
48,201303,4.9,1602304161
10,201071,4.5,1609303381
14,200747,4.3,1602431226
5,200488,4.5,1603887660
7,200351,4.4,1608739483
19,200401,4.2,1602656176
30,201584,5.0,1600522029
30,201505,3.6,1602170031
35,200352,4.6,1607687671
4,201541,2.7,1608730507
18,201136,4.2,1609794219
8,201347,4.1,1601173183
4,200906,3.6,1602567994
23,200634,3.6,1602022340
6,200660,4.0,1600608218
35,201856,3.7,1606229700
1,201187,4.5,1603237710
44,200935,4.2,1605300131
34,200685,2.9,1605129338
10,200438,4.4,1603784690
19,201003,3.1,1606536915
37,200271,2.6,1604610042
14,201520,2.9,1600207868
6,201549,3.4,1602547625
7,201787,4.8,1605277292
27,201426,2.9,1604642094
5,201031,4.4,1609103938
7,200030,3.0,1607483984
1,200638,4.6,1606343151
47,200202,4.3,1604830657
10,201719,2.7,1608694607
35,200292,4.6,1609292188
36,200205,5.0,1605096477
21,201915,4.0,1600073038
17,200705,4.9,1603233003
47,201687,3.8,1600403249
28,201774,4.5,1604947438
26,200776,4.7,1600901142
1,200575,4.1,1603420382
43,201202,3.6,1605366625
40,200432,3.9,1605575283
12,200053,3.8,1604666002
18,200238,5.0,1604471088
14,200696,2.6,1602082426
23,201825,2.7,1602607577
9,201384,4.7,1602341717
18,200047,4.9,1604255468
41,201761,3.4,1607279149
44,200355,3.0,1606319492
21,201401,4.5,1600806014
43,200163,4.2,1604690037
24,200054,4.9,1604257495
28,200589,4.2,1605691008
3,201928,2.7,1602744117
5,201184,2.7,1605630378
48,201592,4.9,1605862219
4,200672,3.5,1605422113
48,201019,4.9,1606421156
9,200651,4.9,1606250833
24,200452,3.2,1607015395
38,201240,4.7,1606458121
50,200677,3.2,1603289911
27,201131,3.8,1608027332
42,200268,2.7,1602041391
36,201924,3.7,1601487950
12,201284,3.6,1607167995
34,201746,4.3,1605638535
44,200067,5.0,1603999581
39,200790,2.6,1607826424
23,200778,4.9,1607896502
9,201970,4.6,1607026996
24,200006,4.2,1604044980
29,201313,2.6,1604716904
23,201447,3.0,1605513303
7,200256,3.8,1600010092
14,200948,2.8,1607972921
11,200010,2.5,1606627911
32,201136,2.5,1605185547
36,200411,4.2,1602870291
45,200675,3.2,1609805793
6,200178,2.6,1602360183
2,201253,4.2,1609419949
38,200601,4.8,1600090572
23,200028,3.4,1604865949
33,201004,4.3,1608034374
22,200060,3.6,1602319375
29,201846,3.9,1604088956
18,200919,4.6,1608421484
25,200461,3.5,1600133779
8,201110,2.5,1602784733
12,201228,3.0,1602612998
14,201834,3.5,1600314936
17,200811,3.7,1607561820
47,200518,4.6,1603657242
5,200177,4.5,1606437790
39,200494,3.6,1606159879
34,200314,3.9,1607251553
40,201678,4.6,1601649434
22,200983,3.9,1608757642
50,201760,4.6,1602999943
33,201525,3.4,1605160304
26,201275,4.9,1609613198
48,201836,3.6,1606783101
40,200264,4.9,1607321120
47,201166,3.0,1609589107
5,201794,3.3,1602125728
33,200246,4.7,1600616652
17,201248,4.1,1602853872
19,200928,3.4,1604819617
5,201218,3.8,1606699453
2,200629,4.6,1604487019
17,201652,4.9,1607148774
11,201463,3.3,1600386739
50,201236,3.1,1607470589
26,200752,2.8,1603630562
12,201987,4.3,1600791252
29,201935,2.9,1603510897
21,201458,5.0,1606282802
35,201954,4.2,1602170142
28,201245,3.0,1606713875
25,201342,4.4,1601043626
11,201189,2.9,1602607653
28,200992,4.3,1605002208
17,201080,4.4,1606711002
50,200890,4.4,1607058186
43,201516,4.7,1604829341
49,201693,2.5,1605457976
4,201618,4.6,1600163175
37,200194,4.4,1602394784
1,200381,2.6,1607276829
6,200247,3.1,1603934549
37,200900,4.8,1600031187
49,200542,3.6,1601056981
24,200609,3.9,1604769012
10,200625,3.8,1601189806
43,200136,3.1,1605632745
35,201493,3.3,1609158644
8,201260,3.7,1607875765
39,201532,4.0,1601603140
1,201601,3.5,1602842243
45,200214,3.7,1605390414
50,201168,2.7,1602625580
36,201166,4.7,1606324437
38,200018,3.6,1603236315
13,200218,2.8,1601757641
25,200142,2.7,1609298680
9,201468,3.8,1604574658
27,200177,2.8,1600747823
28,200683,4.8,1607972393
35,200710,3.8,1607837884
24,200403,4.9,1601251885
18,201321,2.6,1604499245
36,200239,3.2,1605143261
35,200236,4.9,1600765426
25,201751,2.9,1609662926
27,200015,3.7,1605081412
19,200147,4.2,1603305537
22,200331,4.4,1608956430
47,200708,4.1,1603827876
48,201283,4.6,1601238869
11,200453,4.3,1601512343
15,200636,4.2,1608609373
37,201346,4.5,1604027454
27,200068,4.6,1603367166
31,200794,4.4,1601790304
19,201167,4.5,1604193613
12,201927,4.8,1607773200
50,200778,3.3,1601207594
2,200033,3.8,1609474032
47,200905,2.9,1600885081
9,200530,4.3,1602588795
6,200223,4.8,1600057551
23,201846,2.6,1603064603
31,200702,2.6,1601422433
1,200252,3.3,1607825285
1,201095,4.5,1606540059
45,200271,3.8,1604804677
6,200052,3.1,1602401664
17,201576,3.9,1600897967
47,201890,4.9,1607601759
27,200400,4.3,1606925094
10,201816,4.4,1605699922
35,200829,3.8,1609938893
5,200742,4.2,1605576188
31,200892,4.2,1603052046
9,201307,3.4,1605756430
6,200622,3.6,1609166856
35,201078,4.6,1608598637
22,200857,4.0,1609773592
21,200010,3.5,1608680159
29,200877,4.0,1609354406
19,201137,4.7,1604411543
18,201862,3.8,1608380819
27,200350,4.0,1601384612
28,200057,4.8,1603656237
42,201295,4.2,1607370258
28,201278,3.2,1600645405
40,201531,3.0,1609953276
17,200497,4.7,1605901725
12,200551,2.8,1606302502
49,201716,3.9,1600777477
20,201868,3.2,1606302736
18,200427,4.8,1605517929
11,200132,4.5,1609599808
21,201344,2.6,1602266852
26,201746,3.7,1609897990
47,201862,3.9,1602168567
10,200201,3.3,1607810987
6,200187,4.8,1607002275
30,201703,4.5,1602918587
31,200801,4.2,1605957941
32,200976,4.7,1605077970
19,201109,4.1,1603564493
22,201159,4.2,1609387532
8,200565,4.6,1605032154
28,200669,4.9,1602568558
29,201278,3.4,1603193743
26,201232,3.7,1609354196
35,200386,4.9,1607773351
25,200831,3.0,1607819958
26,200214,4.6,1608081994
11,201768,3.8,1609912298
38,201845,4.5,1600669132
7,200030,2.7,1606879097
17,201342,3.1,1607771009
41,201317,4.2,1601978680
16,201842,3.0,1600012625
36,200170,3.2,1605993294
14,200744,4.1,1606804308
42,200224,3.3,1609818567
21,201119,5.0,1607158064
10,200843,4.7,1604500059
50,201752,3.4,1601169011
20,200395,3.6,1607002078
16,201703,3.4,1609373389
33,200341,4.4,1606944368
33,201840,2.6,1604120481
14,201095,3.3,1609385449
31,201520,3.4,1605364130
37,201270,2.5,1602310418
2,200409,4.1,1602403263
26,200952,3.0,1605949915
25,201198,3.0,1609154079
3,201793,3.4,1604038613
34,200402,3.6,1602210099
48,201484,3.9,1601561594
39,200959,3.7,1603504624
41,200978,4.4,1608533249
31,201413,4.7,1604366065
13,200404,3.2,1606324691
40,201447,4.4,1603193717
12,201313,3.7,1608516524
14,201135,4.2,1609465573
9,201119,4.4,1601653368
2,201736,3.4,1602351785
17,200210,3.4,1600533956
29,201807,4.0,1606235718
10,200683,4.7,1606043235
34,201032,4.7,1604903367
16,201322,4.1,1607816342
24,201095,4.8,1608147227
3,201267,2.9,1602559173
37,200596,3.0,1607148214
14,200838,4.8,1600094118
46,200042,4.3,1605046377
1,200457,3.0,1609690675
16,201736,3.1,1602704657
35,201256,3.1,1606475742
12,200693,4.1,1604751328
23,201738,4.0,1609398358
46,201003,4.0,1606349221
25,200488,4.8,1600543575
13,201969,3.0,1600533474
35,201360,2.9,1607785113
46,201397,4.3,1609662530
28,200730,3.1,1606196276
29,200961,3.7,1609324688
39,200463,2.7,1603443716
7,201694,4.5,1601609275
40,200952,3.3,1606971660
43,201707,4.5,1608040431
7,201870,3.5,1600413351
47,200860,3.1,1600792402
1,200168,4.9,1607514225
12,201404,4.9,1608939751
31,201413,2.9,1603902891
32,200078,4.1,1603484221
43,201645,4.2,1600377960
47,201756,4.0,1603498898
36,201056,4.0,1603970925
26,201755,4.6,1603731239
31,201584,4.7,1604184703
49,201771,3.6,1600467465
47,201423,2.6,1603277224
23,200180,4.4,1600594080
21,201184,2.8,1608838936
17,201381,3.5,1605886125
25,201193,3.7,1606014070
25,201649,3.9,1604285027
39,200114,3.9,1601240315
12,201270,4.3,1606721449
1,200783,3.6,1607476230
13,201214,4.8,1605163884
20,201095,4.1,1601059589
14,200126,3.9,1607077156
14,201609,3.5,1601777423
5,201078,3.6,1603367291
28,201197,4.9,1609295109
42,201714,3.6,1602299906
7,200173,3.3,1605235572
28,200610,4.7,1609386721
43,200306,3.5,1602433724
20,201764,3.7,1604740700
48,200050,4.7,1601258041
31,200654,3.8,1608349327
9,201258,4.8,1605930566
21,201776,4.0,1601592242
21,201753,4.6,1602010950
7,201957,4.9,1608402320
5,201501,4.6,1607058500
44,200964,2.6,1606781130
36,200261,4.9,1607108550
20,200826,4.4,1606419355
3,201268,3.5,1604252162
28,200621,4.9,1602221003
28,201884,4.7,1601288636
31,201853,5.0,1600393580
4,201435,3.7,1609391799
37,201482,4.9,1608730926
8,200707,5.0,1604443026
44,201293,3.0,1601755253
40,200443,3.7,1600530946
45,201340,3.0,1607591627
13,201653,4.9,1604039428
8,201859,3.5,1602705180
17,201280,4.3,1608008314
50,200001,4.8,1602772109
36,201107,4.6,1609406670
49,201985,4.7,1602118113
18,200552,4.2,1601260951
8,200484,3.8,1607260201
11,201384,3.9,1609166135
31,200755,4.3,1600151054
24,200562,4.7,1604985596
16,201111,3.6,1602846222
12,200345,3.0,1601290066
28,201201,4.1,1609526992
29,201804,2.6,1606297355
1,201972,3.0,1605911309
47,201623,4.9,1601773443
40,201099,3.4,1601868822
18,200454,4.2,1601982234
33,200921,3.1,1604621183
30,201780,4.7,1609514070
41,201722,4.1,1608190065
40,200345,4.1,1607142234
8,201223,3.6,1602194608
32,201371,5.0,1607276058
34,201743,4.2,1600337467
32,201624,3.0,1600412975
1,201179,4.2,1601756915
40,201910,4.8,1602352979
44,200553,3.3,1606221973
37,201146,4.4,1603834256
12,201430,4.2,1600385668
37,200054,3.4,1609910172
48,200282,4.6,1609982434
34,201187,2.6,1600639241
42,200938,4.7,1606794758
43,200264,2.8,1604341595
43,200726,4.6,1608700043
11,200139,3.1,1601909381
12,201001,4.4,1608891159
19,201374,3.0,1605239204
7,200051,2.7,1605171769
37,200015,3.0,1607874331
26,201857,2.6,1602759446
11,200233,2.8,1608822914
45,201711,3.3,1606650313
32,200117,3.5,1607777181
33,201384,3.0,1609961446
16,201659,4.3,1603887176
48,200330,4.1,1609815787
5,201628,3.8,1609046703
27,200548,4.7,1608880222
41,200050,2.8,1603071175
39,200143,4.0,1606619890
27,200865,3.4,1608031598
8,200761,4.1,1609130887
24,201583,3.2,1604215980
4,200890,4.4,1609139517
30,201093,3.0,1606612165
34,200589,2.7,1604756357
15,200472,3.5,1605570357
13,200448,4.9,1603215087
47,200355,4.2,1608541550
27,201477,4.7,1606402327
50,200188,4.6,1604775861
20,201509,2.6,1609851805
50,200200,3.7,1609089003
20,200653,3.3,1602104802
22,200006,4.8,1600188636
48,200003,5.0,1607530587
32,201867,4.3,1602033010
14,201409,3.9,1602153911
37,200689,3.0,1604773255
38,201985,2.7,1603911306
10,201420,3.5,1609822267
8,200020,4.4,1609862609
19,201806,4.5,1609467906
20,200276,3.6,1601179607
13,200469,4.2,1602211750
46,201680,4.7,1602862148
46,201203,5.0,1601281795
28,201551,2.6,1607604330
27,201379,5.0,1607854273
34,201691,4.6,1609155300
10,200329,4.6,1602515391
21,201268,3.7,1604626527
4,201284,3.4,1601176145
37,201237,3.3,1606483057
35,200481,3.9,1600508571
3,201112,4.3,1607805052
24,201147,3.9,1608923024
34,201947,4.0,1604503900
5,200341,3.8,1601810176
9,200189,3.3,1609339757
40,200328,3.0,1606394718
1,201892,3.7,1605734036
31,200316,3.0,1609862843
5,200387,4.8,1603784967
34,201162,4.1,1600997465
20,200183,4.3,1600926764
41,201915,4.4,1608913061
18,201332,4.8,1605772261
31,201331,2.8,1602127722
28,201538,3.1,1607717622
24,200776,5.0,1603693021
38,201392,4.1,1608337909
9,201192,4.9,1601914359
27,200672,4.9,1609196884
33,200149,3.9,1605279405
28,201012,4.1,1603921300
38,201455,2.7,1604088252
43,200053,4.6,1603126733
24,201897,4.4,1600179109
1,201948,4.3,1603774575
35,200312,4.7,1607441439
21,200841,3.0,1609784105
31,201934,4.1,1605551996
3,200103,3.0,1605813898
49,201440,3.5,1607481482
1,200472,4.7,1606503027
44,200088,4.3,1606456096
21,201366,3.9,1602129947
18,200928,4.5,1608447893
38,201768,4.0,1609611384
35,201676,2.8,1603947497
22,201075,4.6,1602067792
25,201783,4.2,1605165528
50,200989,4.8,1607371865
30,200894,2.9,1605946623
34,200453,3.3,1601902184
22,200601,4.2,1602767276
39,201900,2.7,1605211047
48,201953,4.6,1607542990
24,201446,3.1,1604544462
2,200923,3.8,1604954437
28,201371,3.2,1605654859
29,201665,3.2,1607541211
13,200330,3.4,1600091697
28,201965,4.0,1607280932
40,201332,2.8,1608763029
6,201686,4.5,1609132181
35,200964,4.8,1609990098
3,200788,2.7,1607187562
10,200787,4.8,1604136717
9,201551,2.9,1604995653
26,201680,4.6,1605543288
15,200756,3.6,1604851764
25,201684,3.0,1607762964
22,201311,3.7,1604857041
30,201389,2.5,1607116026
23,201772,4.9,1609979383
49,200948,4.8,1608401247
21,201296,2.5,1601170562
25,200255,3.2,1602829048
5,201699,3.7,1601329875
22,200749,4.8,1601306325
41,200017,2.8,1609179279
45,200752,2.7,1601114905
29,200948,4.6,1606959589
30,201271,3.7,1600887421
20,201461,3.7,1600521292
7,200727,5.0,1606085520
2,201495,4.4,1604090729
12,201136,2.7,1602801894
7,201278,4.2,1609910409
38,200388,3.6,1609665336
46,201804,3.4,1601220969
21,200411,2.9,1603160826
26,200291,3.8,1600939754
47,201586,2.9,1601401563
2,201186,4.8,1606724067
45,201243,3.7,1605066454
42,201465,3.3,1608309417
12,200055,2.9,1607850514
4,200202,2.7,1605275937
6,200100,3.8,1603239914
7,201346,4.1,1609189364
2,201604,3.0,1601143117
14,200925,4.1,1609850741
12,201723,4.9,1601448631
13,200387,3.8,1603075420
12,201878,4.0,1603337916
7,201574,2.6,1606792199
23,200189,2.8,1602982820
5,200287,4.6,1603265445
24,201038,4.0,1605579335
18,200704,3.2,1609309877
44,201951,5.0,1604768461
27,201927,4.4,1607131736
35,200815,3.8,1601528039
24,201934,3.7,1601324778
45,200585,4.4,1602169303
21,200277,3.1,1608052128
24,201424,2.5,1607726198
49,200377,3.0,1603270055
23,200611,4.7,1606206111
5,200023,3.1,1601865422
48,200307,2.5,1606755211
28,201666,3.1,1608070656
31,200891,3.9,1608961683
15,201555,3.6,1603868103
31,201573,2.7,1609913763
9,200993,3.7,1608795977
27,201488,3.4,1606043909
24,201788,2.9,1604605953
20,200714,4.7,1605481272
25,200443,2.8,1608863417
4,200941,3.2,1603133226
36,200070,4.7,1607378193
28,201255,3.7,1603315065
25,200610,2.7,1605186490
16,201164,3.6,1603657110
25,200376,3.4,1607822362
42,200815,3.0,1606380791
8,200481,3.8,1606963224
1,201621,4.2,1606993336
5,201669,2.7,1602672745
24,201894,4.5,1605715357
49,201736,5.0,1605081563
37,200191,4.7,1609204584
36,200068,3.9,1608107794
40,201184,2.6,1609801880
17,200853,4.1,1602613501
33,200825,3.8,1609215220
32,201618,4.7,1608356091
9,201127,3.1,1603025858
13,200827,2.6,1609648306
15,200212,3.0,1600800839
38,201733,3.2,1603737609
39,200013,3.4,1603312397
6,201158,4.5,1601839514
7,201108,3.5,1600240887
7,200407,3.0,1605066188
31,201468,3.2,1600265305
45,200514,4.0,1608231831
20,201824,4.9,1604414259
39,200698,3.7,1605216860
39,201797,4.1,1603569149
27,201991,3.0,1603934216
34,201364,4.5,1607319225
49,201799,4.7,1607229737
14,201573,2.9,1601410028
34,201401,3.7,1602760572
47,201299,4.2,1600176093
3,200320,4.1,1609861900
47,200204,4.5,1608998757
23,201448,3.7,1601186091
30,201356,3.2,1607251857
46,200595,4.0,1609940768
4,201291,3.2,1608699599
4,201446,4.3,1605784543
18,200506,5.0,1600695791
29,201944,3.3,1605398529
44,200470,4.3,1603218699
8,201936,3.5,1608445131
9,201622,2.9,1601152292
37,200088,4.5,1608454609
5,201534,4.5,1607694317
19,201186,3.1,1601617644
3,201435,4.1,1600372047
27,200335,2.7,1601349134
41,200167,2.9,1602269549
43,201277,3.1,1607138599
48,201004,3.6,1604118520
28,201393,3.3,1605129919
6,201200,4.7,1606933412
48,200121,4.9,1607004202
48,200931,3.3,1602041971
25,200772,3.1,1606925982
39,200528,2.9,1601658440
6,201420,4.5,1609806603
9,201129,3.7,1603148803
24,201954,4.6,1602293088
46,200914,4.2,1603174637
2,201310,4.0,1607221672
27,201413,3.0,1605567650
2,200309,5.0,1605496779
22,200114,4.7,1602552405
38,201458,3.3,1601482740
2,200967,4.5,1600604228
48,201617,4.9,1603163593
3,200129,3.7,1606305840
38,201669,3.4,1604561465
31,200751,3.6,1604528282
11,201199,3.4,1602670181
31,200766,4.9,1602792051
21,201531,4.0,1607858898
18,201343,4.0,1608156041
5,200686,4.1,1601911835
5,201966,2.8,1605822576
46,201490,4.6,1601246889
16,200735,2.8,1607060955
25,200077,4.5,1605885639
5,201608,4.6,1607820995
6,200778,4.1,1607901679
18,200886,3.7,1600971236
44,200120,4.6,1604025932
8,201667,4.7,1607076260
17,201419,3.5,1608876537
10,201617,4.4,1600091511
19,200934,3.2,1606216944
12,200969,3.8,1609068004
19,201235,4.9,1600088156
44,200788,4.6,1600936184
23,201639,4.5,1601153740
46,201589,4.8,1605116367
48,200793,4.1,1601624781
37,200065,3.1,1600269621
14,201643,3.1,1606418169
48,201792,4.3,1605648603
33,201973,3.2,1603933603
37,201368,4.5,1609955033
33,200198,4.8,1605432916
28,200614,2.7,1607042317
13,200959,4.4,1606756977
9,201312,4.6,1605406843
27,201141,2.6,1604449965
36,200079,3.0,1608517174
38,201933,4.8,1602568204
9,201027,4.6,1609213598
31,200304,4.5,1608996596
2,200435,3.8,1600161173
4,201660,4.1,1608349596
50,201386,2.6,1600729640
23,200569,3.3,1601509613
27,200985,3.1,1607450273
18,200443,3.0,1602491835
3,200649,5.0,1603774088
34,201445,2.9,1602207986
32,200758,3.0,1605227649
4,201531,3.0,1609535485
14,200929,4.8,1604183966
34,201915,2.8,1609647335
38,201015,3.2,1600368814
43,201018,3.7,1604764185
8,200906,3.4,1607816770
15,200586,4.4,1604566659
25,200176,4.2,1608864208
7,201270,3.9,1604213215
4,200619,2.7,1609062188
22,200602,3.2,1602295584
42,201483,4.0,1608491583
46,200789,3.7,1600059975
49,200511,4.3,1608468988
23,200331,3.4,1601906757
46,201018,3.5,1602181020
24,200580,4.7,1604207264
18,201131,3.2,1603382292
19,201465,4.5,1609799176
17,201283,4.9,1607571133
39,200382,4.0,1608224005
7,200962,4.9,1609430772
27,201003,4.4,1608908472
25,201141,2.9,1605443547
45,200254,2.9,1606987063
36,200168,4.8,1602098625
44,201195,3.3,1600626063
29,201132,4.6,1604340450
29,200880,3.1,1609144740
31,201909,4.2,1609952228
17,201376,2.8,1605782129
4,201426,2.7,1607949212
9,200161,3.0,1605301162
20,200813,4.8,1601825122
9,200129,4.7,1606124734
33,201124,2.5,1605511525
35,200546,4.6,1609997056
8,200369,3.2,1600333295
34,201687,4.2,1602190851
26,200648,2.9,1601165867
27,200586,4.1,1600498713
38,200469,4.8,1607418744
17,200335,3.9,1606314568
39,201378,3.9,1603461399
18,200365,3.1,1600351019
4,201273,3.5,1604984732
16,201246,2.9,1606750375
12,200633,4.5,1607675833
17,200044,3.7,1605743491
4,201285,2.8,1603197815
17,201965,4.2,1601253870
37,201146,4.5,1603753005
5,201756,5.0,1601105610
49,201206,3.2,1602536722
37,201900,2.7,1609445580
26,201452,4.3,1603958168
47,200884,2.8,1606796561
4,200286,4.1,1603135629
29,201878,4.7,1602134295
17,200812,3.7,1608721485
4,201280,2.5,1608640421
39,201910,2.7,1609863188
14,200731,4.7,1604696196
20,200968,3.9,1608943432
18,200916,4.9,1604320622
9,200032,4.5,1601744040
30,201476,3.1,1604351790
10,200831,4.4,1604266366
29,200587,3.3,1602448668
30,201855,4.9,1608628187
32,200547,4.5,1609633527
23,200179,4.0,1601578378
7,201608,4.3,1605044817
38,201045,4.2,1607096629
48,200540,2.7,1602458344
24,200105,5.0,1608583952
21,201435,3.4,1604768671
48,200356,4.8,1601183333
17,200329,3.2,1601085938
28,200628,4.1,1604592234
13,201112,3.7,1607044782
7,201700,4.0,1601164958
29,201855,2.5,1602756278
26,201950,2.6,1602211490
35,200373,4.8,1604171110
10,200193,4.7,1603557517
5,201002,3.6,1603455956
25,200152,4.0,1602294323
11,201844,3.1,1609098181
44,200547,3.2,1605760258
42,201658,3.2,1603369865
19,201105,4.5,1608175979
6,200536,4.6,1608051598
10,200993,3.6,1609606919
21,201069,3.4,1609652332
30,200579,3.5,1600380737
12,200170,3.5,1604581986
27,200528,3.1,1607213354
39,201393,3.4,1600622733
47,200027,2.8,1604766291
17,201822,3.6,1603420933
37,201687,2.7,1609276954
42,200598,4.4,1606355182
34,201801,4.4,1603870691
4,201664,4.3,1609239367
18,201695,2.8,1600631250
47,201534,2.8,1603428801
37,201014,4.1,1608054650
32,200563,4.7,1605252232
33,200250,3.6,1601809583
16,200233,4.2,1602237764
2,200610,3.5,1606734846
4,200508,4.2,1608046309
49,200725,2.7,1609108010
25,201493,2.5,1603385378
34,201902,3.7,1607319991
50,201706,4.8,1605191500
41,201086,4.9,1604172448
43,201577,3.1,1604168197
14,200793,3.4,1601024237
44,200568,3.8,1605560379
15,201444,4.6,1606390117
32,201167,4.3,1605174480
8,201784,3.6,1602653513
15,201602,3.7,1602755985
33,200039,2.7,1602796685
48,201775,2.8,1606328888
15,201339,4.0,1600477713
25,201184,3.1,1607666290
13,200505,4.7,1602138838
34,201055,3.3,1607323332
29,200379,4.3,1605700550
2,201555,4.4,1605496337
32,201560,3.4,1604095895
48,201362,2.7,1605964473
33,201844,3.8,1609492352
44,201939,3.5,1606492963
3,201742,3.1,1602529159
41,200574,2.7,1604978650
45,200295,4.1,1608206478
5,200640,4.5,1606661181
8,200217,3.8,1608208821
35,200059,3.4,1603456523
12,201224,4.4,1608650802
45,201784,3.2,1602390202
1,200020,2.6,1604336002
46,200490,4.2,1603923555
33,201252,3.9,1601373322
21,201289,3.7,1605220622
43,200662,4.4,1609062411
47,200887,3.5,1608881078
21,201337,4.0,1600045621
23,201564,4.2,1608996743
39,201604,4.5,1605512018
9,201445,4.1,1600800189
8,201690,4.8,1602517504
19,200431,2.8,1601298349
1,200695,2.8,1609352292
6,201592,3.9,1605079655
13,200959,3.6,1605122981
21,201816,4.8,1605815544
29,200714,2.8,1600805365
30,201678,4.3,1608856312
44,200128,3.0,1604416428
25,201218,2.6,1600591522
4,201102,3.9,1606576697
29,200704,4.1,1601945596
14,201928,3.3,1601661566
48,201727,3.1,1605687225
4,200193,3.5,1608880202
36,200333,3.2,1608037611
11,201598,4.6,1607699759
50,200434,2.7,1605621067
6,201514,2.5,1601490033
49,200409,3.0,1601944942
50,200327,4.8,1600389446
21,200370,4.1,1601913341
35,200734,4.4,1601538328
35,201722,4.9,1607992272
19,200775,3.2,1600550185
39,201890,3.4,1606776881
46,200579,2.8,1600029334
32,200729,4.4,1608238237
33,200699,3.7,1608189172
19,201008,4.7,1608324607
5,200516,3.2,1606421759
29,201655,3.7,1605180179
8,201925,2.7,1604910867
34,200346,4.7,1600163342
44,200084,4.9,1607679777
3,201064,3.0,1607303400
45,200256,4.1,1606560501
43,200137,3.9,1604377797
37,200228,4.4,1605491561
41,201613,3.5,1601300351
49,200644,3.1,1602896812
26,200255,4.7,1601705641
29,200947,4.2,1604044724
45,201533,4.6,1609978810
16,200358,3.0,1605150356
20,201827,4.6,1609084685
43,200810,3.3,1608739092
3,201967,3.8,1607436013
41,200797,3.8,1607367466
10,200391,4.4,1608379387
33,200814,3.0,1609540967
2,201689,4.4,1605684474
12,201135,4.7,1604085303
34,200402,2.9,1606574511
36,200861,2.9,1600460124
44,201782,3.7,1600173834
11,201706,3.3,1606806985
45,200768,3.3,1600845949
28,201015,4.7,1604056907
16,201542,2.8,1600275642
23,200941,3.1,1608988884
9,201300,4.3,1602340242
1,200131,3.7,1607723569
36,201943,3.6,1608312362
12,201907,4.3,1608143111
19,201869,4.0,1603711682
9,200548,2.7,1601915551
50,201534,4.7,1601774972
40,201469,2.9,1603317798
25,200561,4.0,1609807212
28,201923,3.8,1603632269
17,201646,2.8,1604882637
7,201957,4.6,1600850408
15,201003,3.8,1602348234
46,200585,3.6,1601507567
24,200020,3.0,1608582977
24,200269,3.2,1604453692
2,201380,2.7,1600464942
19,201125,2.7,1600255546
2,200325,4.9,1606688719
47,200146,4.8,1600672063
30,200635,4.9,1607775696
25,200208,4.1,1609707522
22,201769,2.6,1604017262
6,201973,3.2,1607269752
17,200859,4.8,1608411714
35,201582,4.1,1601951736
22,201918,3.4,1601409989
3,200924,2.9,1604772204
32,201118,2.6,1608362413
27,201952,3.4,1606032063
24,201453,3.5,1601612375
24,201179,2.6,1602215616
40,201000,3.2,1602447535
36,201599,4.7,1602136757
5,200602,4.4,1603938048
33,201765,3.9,1603240205
34,200011,3.3,1602460121
29,201669,3.5,1603585457
25,201803,2.5,1608801493
25,200587,2.6,1602987076
50,200735,3.5,1600950353
8,201705,4.7,1606392958
6,201381,3.4,1603789701
8,201311,4.0,1609358167
14,200848,3.7,1608858019
27,201236,4.6,1605294427
1,201946,4.5,1602202195
28,201493,3.7,1606831516
1,200810,3.1,1602637277
42,200101,4.4,1601753652
31,200991,3.1,1608012457
36,200620,2.9,1602906587
31,201029,2.7,1607967939
49,201028,4.8,1604265878
5,201634,4.8,1601803614
44,201567,4.7,1608830745
25,200803,3.0,1607868944
39,201222,3.5,1609758385
18,200502,3.6,1606256885
22,200394,5.0,1609024415
50,201195,4.9,1608515007
2,201833,4.1,1603033548
50,200543,4.1,1606709480
18,200401,2.9,1601095694
10,200807,4.8,1602969530
8,201025,4.7,1603759942
14,201184,3.3,1608222676
25,200106,4.4,1601263782
6,201484,2.9,1609737300
23,201443,4.0,1603399778
24,200428,2.8,1600936942
22,201344,3.7,1604100376
16,201033,2.9,1607769821
12,201643,2.6,1604376074
11,200212,4.3,1609116947
2,200737,2.9,1609366421
15,201535,4.1,1609038789
43,201635,5.0,1604126345
28,201390,3.1,1601213927
37,200849,4.8,1606365092
23,201297,4.6,1603441882
42,201563,3.8,1600866310
42,201963,2.7,1607269706
13,201647,4.1,1609318953
48,201342,2.8,1609993759
42,200547,4.5,1607311452
50,201274,4.4,1605193950
42,201567,4.6,1606370571
12,201110,4.1,1607413915
3,200243,3.6,1605141143
18,201501,3.9,1602728318
29,201346,4.9,1609515495
8,200823,3.6,1606395437
34,201566,4.0,1602879087
27,201739,3.8,1606892037
15,200673,4.5,1609428594
41,200050,3.1,1609290638
37,200615,4.3,1600445096
41,201182,3.7,1604685396
27,200450,3.2,1606048825
46,200419,4.9,1603708426
43,201701,3.3,1602429444
32,201820,3.6,1601055875
36,200017,3.3,1600095344
3,201312,3.0,1602126531
20,200830,3.5,1604921674
46,201351,2.7,1601233906
37,200182,3.9,1609892331
14,201089,3.0,1608679300
30,201216,4.6,1609827407
12,201205,3.8,1607554315
32,200459,4.5,1601383119
13,200881,3.6,1601381866
31,200481,4.4,1600849175
40,200607,4.0,1601509167
47,200787,3.8,1602663279
41,200051,4.3,1604486509
27,201462,4.9,1608699071
23,201241,3.0,1607681605
5,200875,4.2,1602666961
50,201817,4.4,1600978181
28,201098,4.9,1609179336
50,201208,3.5,1609047315
24,201132,4.3,1602560722
26,201805,3.9,1606193861
11,200236,4.5,1600891073
6,201951,3.1,1605884745
46,200250,2.8,1606534592
25,200967,3.0,1605454789
18,200650,2.6,1607168800
34,200572,2.6,1600913746
23,201048,3.8,1600774782
46,200147,3.1,1606238781
33,200149,5.0,1607411228
6,200469,4.0,1602140374
5,201209,3.9,1600947018
9,201850,2.6,1603889586
49,200732,4.0,1602474378
47,201167,3.0,1606833205
20,200414,2.7,1601420458
42,200048,4.3,1603747172
15,201870,4.4,1604257501
43,201018,4.7,1608331239
3,201532,3.4,1608993926
42,201432,3.5,1608494186
23,201846,3.3,1600523904
12,200167,3.6,1602953405
43,200152,3.7,1602516676
42,201813,3.4,1601488451
7,201501,2.9,1604125416
40,200311,2.9,1601140778
42,201425,2.8,1604761190
16,201298,5.0,1601343279
44,200991,4.0,1608566110
8,201388,3.7,1607805409
11,201087,4.8,1600941692
34,200981,4.4,1600081977
35,201761,4.4,1602587364
18,200686,3.0,1609288048
49,201852,4.7,1605205092
13,200583,5.0,1606474628
23,200821,2.6,1603748537
9,201386,4.0,1601759696
17,200850,4.1,1607318744
6,200321,3.8,1609162222
25,201721,2.8,1605525988
8,200716,5.0,1602999767
9,200913,4.2,1608629103
7,200508,4.8,1600779075
33,200110,3.1,1608778627
46,200388,2.7,1600257674
5,200708,3.4,1609035577
1,200140,4.1,1602325575
44,200765,5.0,1606595398
50,200537,4.8,1606361351
14,201760,4.1,1608890452
4,200965,4.9,1602620207
5,200207,2.8,1601487191
7,200022,4.8,1604267835
42,200250,2.6,1601979409
32,201104,4.9,1602446317
15,201388,2.5,1604229421
33,200574,3.7,1606175635
34,200780,3.8,1606371471
34,200992,4.8,1603532016
38,201579,2.7,1606684597
14,201234,4.8,1608492961
47,200385,3.9,1607711460
10,201621,5.0,1601331316
27,200351,3.3,1603630567
41,200781,4.9,1601557370
25,201748,4.5,1607864247
34,200042,4.1,1604899084
14,200909,2.9,1601127318
43,200551,4.5,1609679122
42,201105,3.6,1608825446
33,201318,3.9,1609818095
50,200311,4.1,1606534153
2,201425,4.3,1602655340
1,201673,3.4,1604858998
1,200418,3.7,1607524970
47,201722,3.4,1609965221
42,201305,2.7,1601388190
23,200256,3.2,1600169966
13,200325,2.9,1605332883
45,200093,3.6,1607752734
10,201766,3.0,1608111734
42,200451,4.5,1607470862
18,200896,3.0,1605420423
33,201710,2.7,1603532265
10,200070,3.5,1602333568
37,200177,2.9,1609201967
22,200487,4.0,1605058754
17,201262,3.8,1606500352
25,201826,4.0,1605367553
36,200592,3.5,1603073719
16,200985,3.3,1607799947
27,201237,3.3,1603482984
25,200741,4.2,1604965420
7,201939,3.7,1601669211
42,201000,3.4,1607529562
50,201778,4.1,1606664611
42,200827,4.4,1609990029
37,201562,4.1,1609162149
1,200378,2.9,1606444295
15,200117,3.7,1608534149
46,201037,3.4,1606313444
3,201592,4.3,1605153089
26,201137,4.7,1608885172
44,201246,3.6,1600056302
19,200196,4.3,1601404268
25,200466,3.8,1601944069
45,200616,4.0,1609126606
27,201835,3.9,1609345624
19,200556,2.5,1607299384
15,200103,4.9,1609467401
17,201212,3.3,1602769281
41,201586,3.5,1605649291
14,201115,3.9,1601533913
12,201184,4.0,1609733676
35,201208,3.5,1605452490
17,200637,2.6,1604587864
1,201672,3.6,1601355026
26,200997,3.2,1607992553
4,201461,3.4,1606177799
15,200511,4.8,1601214005
18,201930,4.4,1601255048
6,201207,4.7,1609173260
20,200050,4.1,1600621671
31,201143,3.2,1604966687
11,201457,3.6,1600263156
17,200680,4.9,1600007666
18,200834,3.0,1607944305
18,200196,3.3,1604395690
44,200369,3.1,1607700615
23,201809,2.6,1604603427
11,200362,2.5,1607968484
14,200295,3.6,1600111534
3,201953,4.6,1604979233
9,200414,4.0,1604534483
30,201376,4.7,1602764344
6,201232,3.9,1605625738
49,200800,4.6,1606717032
13,200954,4.0,1604119832
7,201524,3.3,1605873221
13,200135,4.7,1607195281
21,201676,4.0,1609553083
35,200182,3.6,1608605400
16,200621,4.8,1607667619
36,201230,2.6,1602288967
25,201168,4.8,1608870129
25,201742,4.6,1605042562
4,200984,3.2,1608402877
1,201065,4.1,1606948314
1,200929,3.0,1609617283
13,201180,4.3,1603801268
41,201401,4.9,1600976917
40,201525,4.3,1604077246
39,200565,3.0,1609147908
6,201734,2.7,1608416161
44,200636,4.2,1607449528
37,201390,4.6,1604625669
2,200799,4.1,1607085667
47,201833,3.3,1600922975
40,200902,3.1,1608479593
33,201335,4.2,1601788843
34,200703,2.6,1607797736
14,200303,2.8,1606548050
48,201133,4.9,1603318777
35,201168,4.5,1602049740
29,200759,3.5,1609801368
6,201341,3.8,1600929234
38,200009,3.6,1607520578
5,201962,4.4,1601162534
27,201062,2.6,1605703163
5,201884,3.5,1606465582
32,200399,3.4,1602454285
37,201377,3.2,1604012152
9,200249,4.4,1607891914
41,200834,4.5,1605904200
42,201671,2.9,1603203143
26,201950,4.5,1600945016
42,201322,3.6,1601301176
11,200575,4.1,1609373771
29,201583,4.0,1606025250
10,200016,2.6,1604348830
47,201058,4.1,1609775517
1,201563,2.9,1608515558
32,200850,4.4,1604711770
3,201641,4.3,1600331320
46,200779,4.4,1608220533
4,200746,4.9,1609161139
17,201395,2.8,1602983678
28,200796,2.5,1600245582
38,201303,4.9,1600201393
43,201000,4.1,1603475354
8,201359,2.6,1603441940
44,201796,4.2,1603001761
20,201708,4.2,1606917131
7,201027,3.5,1606176525
24,201135,4.8,1604762219
44,200870,3.3,1606210258
17,200183,3.5,1602662825
25,200223,4.5,1607624778
39,200965,2.6,1601561906
27,200095,4.3,1606492211
21,201712,4.3,1609204690
1,200487,4.6,1608186141
45,200941,4.5,1604306923
30,200739,3.2,1605118087
21,201957,3.6,1601911445
40,200883,4.8,1603288847
45,200444,4.4,1608199925
29,200332,4.0,1608683925
14,200595,4.3,1609374339
31,200468,2.7,1605264175
33,200473,2.8,1608846206
20,200045,5.0,1603689707
31,201594,3.5,1606930920
39,201808,5.0,1608205258
7,200872,4.7,1607281074
10,201604,4.8,1600393928
16,200321,2.9,1600713105
47,201371,4.3,1608427587
20,200717,4.2,1605510717
10,200769,2.6,1602751627
13,200780,2.8,1604640776
47,200937,4.5,1609556526
32,200470,3.5,1600941509
4,201460,2.8,1600035009
25,201230,4.9,1608335469
9,201537,4.8,1603895781
9,200446,2.7,1605104488
8,200268,3.0,1604583181
27,201797,4.4,1601097259
46,201183,3.7,1606228911
50,200908,4.2,1602842558
8,200503,4.8,1601255315
11,201342,4.7,1607113172
8,200653,4.8,1605626031
18,201563,3.5,1606946656
26,201496,2.7,1602675290
13,201000,3.8,1600032765
6,200887,3.5,1609139869
8,200755,2.8,1608363652
29,200039,3.8,1605473675
24,200020,3.7,1606739665
8,201928,4.4,1601067775
46,200855,3.9,1608799089
13,201069,4.9,1604799523
12,201685,3.0,1605127888
17,200570,4.4,1608162993
41,200325,3.2,1603092148
22,201022,4.9,1604587070
35,200462,4.7,1604806460
41,201146,4.9,1603957996
33,201183,4.1,1602345446
25,201294,3.5,1603883183
19,200154,4.8,1606360313
5,201749,2.7,1605603436
2,201562,2.9,1603273001
18,201950,4.1,1603888712
28,201671,3.7,1604847834
38,201776,4.5,1609341491
13,201935,4.2,1606419963
47,201570,4.5,1604295409
26,201871,3.5,1608731462
4,201209,4.6,1600731275
31,201720,3.3,1602984666
49,201712,4.2,1607239045
43,200281,3.4,1600038815
1,200145,3.3,1604108814
25,201820,3.2,1609770053
28,201228,3.6,1601660920
20,200504,4.0,1601904727
38,201831,4.4,1602101452
33,201046,3.2,1607277607
27,200488,4.5,1606475000
47,201562,3.2,1609862869
32,200827,4.4,1607213238
40,200556,4.8,1605324287
25,200080,3.5,1606998186
34,200221,4.1,1608830627
28,201489,3.4,1600497389
18,200723,2.5,1607149626
8,200984,5.0,1606818558
43,200376,3.9,1608251323
36,200209,4.1,1603622602
48,200413,3.6,1603987002
48,201604,4.9,1609006250
24,201121,4.8,1609211666
8,201628,4.2,1608875607
12,200209,4.3,1608473556
11,200250,4.6,1609995129
9,200008,3.2,1608594910
18,201716,3.5,1600777218
28,200403,3.0,1608397157
15,200202,4.7,1608302031
37,200937,3.7,1601206123
24,200064,4.1,1606820111
9,200833,3.3,1606232338
30,200938,2.8,1603619093
49,201936,3.8,1600232290
30,200579,4.8,1600341265
46,200625,3.8,1607279583
14,200303,4.6,1600092427
21,201684,3.4,1603021525
7,200554,3.4,1601913122
21,200835,4.7,1606911519
41,201703,4.8,1609219750
31,200971,4.2,1605740944
10,201172,2.6,1607954157
50,200531,4.1,1607434611
26,200630,3.9,1603657601
41,200352,4.5,1602648812
14,200620,3.4,1600853512
45,201614,4.6,1608108600
15,200319,3.3,1608262925
2,200633,4.6,1602533424
19,200219,2.7,1605164384
8,200299,4.8,1606477169
6,201173,4.9,1606161040
40,200635,3.8,1605158324
12,201860,3.3,1606391110
36,201244,4.0,1603528021
38,201501,4.9,1603181267
40,201861,4.5,1600768757
31,201125,4.7,1607450926
42,201766,4.1,1606050257
17,201972,3.4,1602014552
35,200547,3.9,1601828799
4,201494,4.2,1604796981
48,200274,3.1,1606125697
39,201011,3.0,1607207057
29,201631,4.4,1607567719
19,200315,3.6,1607855255
27,200771,4.1,1608996105
6,200245,3.4,1600740031
37,200468,2.7,1602720871
44,201559,4.7,1607084785
11,201298,5.0,1602310887
27,200606,2.7,1602429240
42,200396,3.7,1605118707
6,200258,2.9,1602290247
4,200066,4.2,1607926675
46,201821,4.7,1602417683
15,201869,4.0,1603896690
25,200181,3.5,1607929092
3,200180,3.4,1607519098
3,200481,4.6,1605023780
5,201669,4.4,1606799248
38,200667,3.3,1603524701
18,201139,2.6,1605088779
6,201603,3.7,1606029084
36,201058,3.3,1605300803
35,200317,4.6,1600760263
41,201534,3.6,1606860425
41,200869,3.7,1603801027
47,201680,3.3,1601490244
47,200556,4.3,1607636040
19,201839,2.9,1602215214
17,201657,3.1,1602212108
48,201443,3.9,1600454100
30,201154,3.4,1601802113
33,201750,4.4,1605383674
19,200775,2.6,1602128661
18,201378,4.0,1608480653
26,201885,4.6,1608261664
8,201230,4.6,1605699083
32,201520,3.1,1603880072
25,200958,4.8,1603020806
19,200327,3.8,1603869873
43,201759,3.9,1600979105
20,201052,4.0,1606739716
11,201725,4.6,1601362244
39,201264,4.5,1608658485
14,200493,4.4,1609021604
3,201015,3.4,1608407649
41,201665,3.8,1605258638
24,200207,4.9,1600216244
2,201558,3.2,1602001944
10,201565,4.2,1609820863
10,200992,4.2,1609730657
32,200781,4.2,1606072581
41,201381,4.7,1607465783
5,200465,4.5,1605151483
9,201287,4.0,1606740308
41,201424,2.9,1604521071
49,201662,4.2,1600242557
12,201599,4.7,1607601989
23,200625,3.7,1604178509
21,201987,4.8,1602967243
3,201567,3.8,1609217652
3,200275,4.2,1600924115
31,200515,3.9,1603144930
29,200577,3.0,1608709988
49,200090,2.7,1602518165
46,201050,3.0,1604406911
45,201714,3.1,1609795073
20,201472,3.9,1601257752
46,200475,4.2,1606216335
18,200206,4.1,1605452458
45,201964,3.2,1607355828
16,201530,4.3,1602487286
11,201280,4.1,1603601328
40,201693,2.9,1609824930
37,201125,3.3,1601150667
1,200780,4.6,1604908954
20,200042,4.5,1606759610
28,201409,3.4,1602697493
28,200951,4.4,1600249391
38,200611,2.6,1606962163
7,201561,3.0,1602520175
35,201793,2.6,1603181786
43,201533,3.0,1608847075
2,201947,4.5,1604221853
17,201759,3.6,1600110376
37,200904,3.3,1607229875
9,200315,3.5,1609907747
46,200582,4.7,1605411450
24,201089,3.3,1609714061
17,201018,3.4,1604249640
46,201851,3.3,1607815152
6,200773,3.6,1607990747
23,200393,3.2,1600519298
2,200233,2.7,1602562200
18,200268,2.9,1607025464
2,201442,3.7,1609896123
16,201104,4.8,1606953868
38,200326,3.6,1608159184
14,201273,2.6,1609483717
29,201930,3.9,1604289058
22,201364,4.3,1604067909
42,201625,3.7,1608112517
30,201296,5.0,1600407167
26,200123,3.9,1603827191
39,201108,3.1,1600877948
17,200963,3.7,1602205507
8,201382,4.8,1602090961
47,201260,2.5,1609996008
26,201386,2.6,1609434248
9,201021,2.9,1600214042
25,201076,3.6,1601134173
18,201063,4.7,1601205695
23,200103,3.4,1609962030
38,201182,2.6,1607444492
26,201350,3.1,1609145480
8,200320,2.9,1605377033
36,201772,3.4,1605281319
43,200468,3.6,1602123587
35,200759,3.5,1602276821
46,200680,4.1,1601284405
1,200278,3.0,1607118799
24,201213,2.9,1607510570
10,201960,4.1,1608481124
36,200872,4.3,1600884121
28,201684,5.0,1609377423
20,201632,4.2,1601989256
25,201500,2.7,1604040528
24,200427,4.2,1601548684
9,200544,4.1,1606404650
46,201150,3.5,1608001307
16,201934,4.9,1603959217
45,201111,3.2,1608353603
42,201284,4.5,1603136063
25,200320,4.3,1601138062
41,200149,2.8,1607757310
36,201168,3.5,1604027065
6,200000,4.5,1608861572
31,201147,4.8,1601281089
17,200356,4.6,1605586476
19,200711,3.3,1609725933
22,200287,4.5,1607789643
24,201563,3.2,1604117412
30,201971,3.9,1608553050
15,200083,4.3,1605405149
18,200214,3.1,1601281788
31,201012,4.7,1607790578
21,201550,3.1,1603442597
49,200976,3.0,1604998638
47,200697,4.2,1606008600
50,201116,3.6,1601054779
26,201348,3.9,1600973374
36,200424,4.1,1603153950
24,200417,3.0,1608474969
31,200680,4.8,1602718571
13,201299,4.9,1609907472
15,201563,4.7,1600671950
5,201489,4.2,1606479880
7,200622,3.6,1608907836
2,200114,4.8,1603145932
19,200187,3.5,1605180951
47,200926,4.9,1607920180
36,200079,4.1,1609003451
45,200277,4.8,1602795605
45,201397,4.1,1605400905
1,201014,4.5,1604816447
36,201548,4.7,1602822142
48,200626,3.8,1600631519
38,200854,2.7,1605679954
48,201214,2.6,1605925090
48,200137,2.5,1609803504
10,200204,4.6,1609947726
5,201297,4.5,1605594876
6,200839,3.3,1602511441
48,200007,2.9,1600256208
41,200406,3.0,1605680211
23,200832,3.9,1605640004
9,200947,4.4,1600469382
34,200126,3.4,1605042616
44,201646,2.9,1600882522
45,200271,3.4,1601004961
48,201400,2.8,1604239063
29,200968,4.4,1606446706
7,200307,3.0,1608512989
5,200885,4.8,1601354600
12,201328,3.0,1606462928
12,200023,2.9,1607425091
20,200732,2.5,1601752863
32,201345,5.0,1602910054
15,201525,4.0,1608573018
1,201648,4.1,1608301126
37,201404,3.6,1606750172
22,201246,3.1,1609786072
4,200964,4.4,1600663698
37,200816,4.6,1601879451
35,201796,3.9,1607910923
3,201969,3.6,1603038297
25,200681,2.7,1607146002
32,201791,3.1,1607572544
14,201482,2.8,1603086257
1,201946,2.6,1607534425
42,201282,2.6,1604195006
50,201765,2.9,1608353333
43,200353,4.2,1604861121
8,201330,2.5,1605497030
25,200325,3.6,1601906648
15,201864,4.0,1601128958
4,201621,4.7,1605757330
20,201134,4.7,1606027887
46,200294,3.3,1606124413
10,201898,3.5,1606041945
21,200427,4.8,1602143303
13,200852,3.0,1607897768
49,200545,4.2,1600400685
15,201364,4.9,1606705230
28,200720,2.8,1607709228
11,200941,4.1,1606340168
42,201342,3.7,1603072891
46,200675,3.4,1606267519
30,200020,4.7,1606397183
46,200856,3.6,1606780576
43,201513,3.8,1609470138
34,200708,3.3,1606998217
19,201492,4.9,1607544036
33,201961,3.9,1607168969
30,201073,3.2,1607440921
38,201565,3.0,1605304833
24,201916,2.7,1609912187
31,200293,3.0,1604211286
33,201724,3.7,1602947410
7,200621,3.8,1608954871
41,201216,4.4,1602749441
2,201103,3.2,1601342966
50,200714,4.6,1604922907
34,201150,4.6,1601008741
36,201798,3.7,1601576891
13,200643,3.1,1600058835
42,200225,4.6,1607715334
16,200093,3.4,1602754161
49,200832,2.9,1600360534
17,200073,2.8,1607288783
17,201990,3.1,1608823869
32,200741,4.7,1606166684
41,201941,4.6,1601281954
15,201356,4.4,1607842813
40,200133,3.0,1606870452
40,201658,3.8,1608354037
18,200232,4.3,1607589122
25,200465,2.9,1607413125
50,200976,4.4,1602176944
6,200809,2.9,1600784956
48,200298,4.3,1602876916
25,201503,3.9,1605943774
22,201806,4.0,1603095206
26,200104,4.9,1601276130
34,201591,3.0,1603622630
49,200461,4.4,1607584468
28,200674,4.4,1605339263
22,201308,2.7,1601309256
6,201106,4.3,1604885052
5,200331,2.6,1602983917
19,201007,3.0,1602131404
7,200423,2.9,1606494159
48,200377,3.8,1601248890
33,201567,4.8,1605784438
25,201893,2.7,1600257980
43,201586,2.8,1606651709
15,201156,4.4,1604057773
41,200527,4.2,1603698258
43,200051,2.9,1608130425
20,200013,3.6,1609185359
26,201623,2.8,1601803069
39,201384,4.9,1604308844
28,200062,4.2,1608594316
27,201992,3.3,1606427150
48,201953,3.4,1605555532
18,200351,4.3,1600532813
1,200404,4.2,1602576517
13,201070,3.2,1601151832
11,200099,3.3,1606443064
41,201182,4.1,1601229656
34,201032,4.4,1601864088
19,201794,3.2,1606548731
22,201114,4.5,1607673491
2,201767,4.2,1600371172
24,201669,3.5,1604199757
42,201931,2.9,1608367315
23,200299,2.8,1602602980
46,200772,4.7,1600570349
14,200957,4.3,1601152453
1,201702,4.6,1605110217
3,200980,3.1,1602629059
33,201934,4.2,1603128579
18,200885,4.5,1607197604
21,201579,4.6,1600775468
9,201227,4.0,1601176447
36,200222,3.2,1606656517
12,201270,4.0,1604876659
23,200906,4.4,1602450115
41,200533,3.7,1603057006
16,200261,4.3,1601246155
16,201201,4.9,1603636680
12,200247,3.3,1607957705
22,201698,2.9,1609267876
42,200490,4.4,1608200978
29,201607,4.5,1609447816
8,201297,3.4,1602889434
10,201435,3.1,1602369848
34,201800,3.9,1609234276
20,201834,3.3,1602315470
26,200403,2.9,1601039520
11,200666,2.8,1604603639
14,200392,3.8,1608423445
36,200149,3.8,1603326827
47,200579,4.7,1600068327
47,201324,5.0,1606976980
41,200957,4.9,1607493444
34,201874,3.8,1603020326
49,200881,4.3,1604940721
1,200305,4.4,1600035737
47,201691,3.2,1604823512
10,200554,4.6,1601840201
45,200373,4.9,1606201558
32,201653,3.7,1605030003
39,200459,4.9,1608657349
31,201082,2.6,1607999010
45,201013,3.3,1601287060
46,200444,4.9,1600802058
24,200454,4.8,1604050870
23,200045,3.9,1605295742
40,201762,4.2,1603739109
3,201507,3.4,1604156440
37,200206,4.6,1607716944
21,200853,3.6,1609738479
11,200579,4.2,1603046218
9,201436,3.9,1607366508
14,200916,4.3,1607973296
33,200183,3.4,1603444853
31,200988,3.7,1602039047
28,200484,4.6,1608462951
27,201403,3.3,1604639183
10,200925,4.2,1605917498
14,200035,3.5,1602850367
4,200870,2.5,1601242234
11,200741,2.6,1602149649
46,201343,4.8,1600011683
13,201719,2.9,1604682095
40,200910,3.1,1605085066
5,200396,3.6,1606203593
38,201360,3.8,1609326998
43,200295,4.8,1605985177
29,201191,4.0,1604955042
14,200981,4.2,1606422640
36,200882,2.6,1604785027
15,201899,2.5,1606777798
13,200577,4.9,1601030621
13,201251,3.2,1607024499
2,200344,2.6,1608800672
20,201908,3.6,1607823355
15,201701,3.6,1603435849
31,201023,3.7,1602101324
45,200814,4.2,1606758536
29,201872,3.4,1609245766
19,201991,3.3,1601975247
22,200476,2.7,1609001442
26,201609,3.7,1602857745
21,200537,3.2,1600557648
21,200860,2.8,1608235825
1,200229,3.7,1609858721
14,201899,3.7,1600045775
2,201336,3.2,1605201450
29,200434,3.4,1608964469
22,200979,2.7,1604332778
31,200363,4.0,1608345264
28,201069,2.8,1606996560
46,200154,3.7,1605714985
6,200741,3.7,1609675393
7,200581,4.7,1605485096
15,200439,3.3,1608814393
47,200557,4.5,1603619097
50,200010,3.2,1600507856
1,201280,3.8,1600473195
45,201299,4.7,1601602082
4,200906,3.0,1603627352
42,201423,4.0,1605748148
33,200372,4.9,1604441049
32,201974,3.5,1602000899
44,201364,3.7,1601412521
29,200304,4.7,1602032627
26,201813,3.5,1603549040
22,201655,3.4,1606798923
45,200648,3.6,1601308180
17,200769,4.9,1607373658
4,201307,3.0,1608546564
1,201223,4.1,1603738957
43,201373,4.6,1601329795
13,201983,2.7,1604365282
8,200832,4.8,1608424057
31,201625,2.6,1608839256
22,201459,4.8,1603465117
6,200553,3.9,1604249385
46,200565,3.5,1600537263
26,200114,3.8,1608701394
27,200320,4.3,1601648282
9,201000,4.4,1607068637
38,201266,3.0,1603897174
22,200333,5.0,1602873885
1,200508,4.6,1608745853
44,201988,2.6,1603854653
13,200300,4.9,1602966795
38,201340,3.3,1606646124
5,201300,5.0,1600009009
9,201868,2.7,1601167999
35,201859,3.2,1603984337
13,201694,3.4,1600487908
20,200535,4.1,1603626176
19,200513,2.6,1601349068
22,200199,4.8,1603200562
12,200773,3.3,1600143939
13,201516,4.8,1604592210
2,200296,3.3,1601588146
35,201324,3.3,1607366467
42,201493,3.8,1609400851
46,200346,3.9,1603502782
47,200128,4.1,1600071370
14,201054,3.3,1607460588
16,201583,4.9,1604820161
10,200339,3.7,1609441645
29,201622,4.4,1600926912
40,200045,3.3,1602428596
16,201154,2.6,1603556129
46,200692,3.7,1605344890
9,201898,4.0,1600201801
42,201014,4.8,1605205596
10,200125,3.3,1607848351
42,201602,2.6,1607910699
10,200803,3.4,1603763423
29,201218,4.7,1604878930
10,201212,3.7,1600718227
19,200929,3.2,1605722645
44,201947,4.1,1601464925
26,201755,4.8,1607797052
39,201585,3.1,1605621130
41,200632,4.1,1601127399
27,200172,3.7,1604857166
45,200503,2.7,1602653941
19,200434,4.2,1608449377
3,201512,3.4,1600389534
26,200921,4.3,1603323424
3,200874,3.2,1602096525
28,200195,4.9,1609867121
12,200090,2.6,1601111900
3,200061,4.6,1601963074
42,200784,2.6,1602069147
39,200084,3.0,1609928331
20,201074,4.9,1600593571
39,201083,4.4,1600913770
33,200450,3.4,1605129744
6,201813,5.0,1608027653
26,200764,3.3,1600213395
35,201983,3.8,1603332918
19,201949,3.6,1605460927
13,200231,3.4,1608836777
46,201023,3.0,1601593796
17,200767,3.1,1600622871
40,201821,4.9,1603333201
44,201350,4.9,1601965368
24,200493,3.6,1606523331
36,201022,4.6,1602391001
37,200105,3.9,1608432406
44,201879,4.8,1600417216
35,200671,2.8,1605245679
32,201333,2.8,1601973356
8,201945,4.3,1607727770
20,200551,3.1,1608544467
9,201720,3.5,1602641764
10,200649,2.6,1607851999
20,200016,4.3,1603329164
43,201132,4.3,1602057309
49,201325,4.4,1600857819
42,201324,4.2,1607368266
27,201840,4.9,1608899633
32,201978,4.2,1609300196
7,200007,2.8,1603732401
41,201063,2.9,1606810108
49,200397,3.1,1603892903
16,201967,4.8,1607663870
30,201613,4.4,1602033252
17,200286,3.8,1604886864
13,200408,4.4,1602618904
19,200613,3.0,1604008065
12,201032,4.8,1605065038
3,200607,4.1,1607708014
30,201053,4.5,1604651610
13,201745,3.4,1606291033
4,200719,2.7,1608424141
26,200770,3.0,1608383141
33,201795,4.7,1603691940
50,200369,4.7,1607771651
35,201120,4.7,1600409206
50,200038,2.7,1601649855
42,200186,4.6,1603963960
13,201913,3.7,1600614709
22,200895,2.9,1609517882
1,201768,2.5,1601109574
33,201426,4.0,1600455825
3,200467,4.4,1603714055
7,201451,3.9,1602996786
42,201297,3.8,1607240746
19,200897,2.7,1608089519
9,200257,3.1,1605288398
39,200522,3.5,1604595580
1,200736,3.7,1602591284
32,201424,3.9,1608720829
41,200931,2.6,1604316562
17,201160,4.6,1605006109
27,200409,4.5,1606638753
12,201859,4.4,1608475517
7,200542,2.7,1602204991
38,201351,4.9,1608280130
3,201703,4.7,1609443444
22,201940,4.1,1607982417
44,200183,4.5,1609350388
37,201014,3.3,1609377520
25,201273,4.9,1601814076
46,201946,3.9,1607187138
33,200067,4.7,1606389133
50,200977,2.6,1607001864
8,201526,3.8,1603974816
42,200040,3.6,1607528165
36,200725,2.8,1607908126
43,200081,4.6,1609139409
11,201078,2.8,1602636345
40,201455,4.4,1602817723
48,201000,3.4,1605521631
11,201041,4.6,1608511888
48,200129,4.5,1604576076
29,201727,3.1,1603992265
31,201754,3.0,1609553644
31,200580,4.3,1603109256
21,200881,2.6,1604028378
1,200007,4.4,1603793379
47,201723,2.7,1605348437
14,201773,3.9,1600229196
31,200584,4.1,1602577650
19,200515,2.5,1603477563
44,200833,4.3,1607993702
42,200034,3.3,1606960397
3,200857,4.1,1605078494
4,201170,4.5,1600429070
18,201240,3.8,1607938456
26,200637,5.0,1608429754
35,201966,3.3,1603402114
10,201169,4.0,1607273320
6,201247,4.2,1600541184
39,201399,4.1,1600373081
45,200443,4.7,1608184141
30,201034,4.7,1600813710
9,200864,2.7,1601061154
30,201781,3.5,1605083355
5,200262,2.6,1601297343
17,201796,4.4,1609467283
13,201612,2.6,1607738086
48,201894,3.2,1606046782
43,201147,2.7,1600027186
18,201795,3.5,1602497309
13,201660,3.4,1600324288
32,200236,3.3,1605700893
29,201813,3.9,1603556967
27,201179,4.1,1607504503
35,201428,2.9,1607188615
34,200972,4.4,1604827274
12,201052,3.9,1606004337
25,201520,3.5,1604372626
16,200607,4.7,1607239778
35,201397,4.8,1605371044
30,200007,3.7,1609069766
8,200707,3.9,1607242552
2,200706,3.7,1603806005
48,201441,4.4,1603240313
46,200270,3.4,1605363553
30,200522,3.2,1608962295
25,201561,4.9,1603611807
17,200192,4.0,1606611821
46,200194,4.2,1604730237
10,200778,2.6,1604206750
6,200627,3.4,1605579683
16,201606,3.6,1604581014
23,201603,4.5,1605088312
39,201934,4.0,1608867356
13,201425,2.9,1609284632
6,200993,4.1,1609509508
39,200435,3.1,1606518918
22,200173,3.6,1602750766
27,201653,4.3,1603367992
40,201115,4.6,1602673917
26,200886,3.8,1609910184
18,200170,3.3,1602624394
15,200563,3.9,1608116156
26,201117,4.7,1602575985
16,200838,2.7,1608349896
13,201931,4.9,1601807996
50,201265,4.7,1608391312
48,200777,4.8,1607674944
48,201902,4.3,1602018789
28,201824,4.8,1603029987
47,200557,4.2,1605105918
27,200373,4.0,1606025909
12,201763,4.9,1602134415
7,201592,3.8,1609831777
28,201235,3.9,1607004111
11,200403,3.6,1604187348
44,201299,4.4,1607929146
10,200489,4.2,1605107048
48,201500,2.6,1603117605
41,201733,4.5,1605312754
49,201738,4.3,1607309111
48,200841,4.5,1604606456
31,200335,3.5,1606633035
21,200237,2.6,1606853863
49,201093,4.4,1602300581
43,200952,4.1,1608889286
17,200872,4.6,1601095600
23,201758,3.6,1601142500
1,200846,3.1,1604213138
12,200233,3.5,1600601804
12,200613,3.4,1608993790
45,201712,4.1,1605642515
23,201358,3.1,1606222624
12,201043,2.8,1607149440
34,200040,3.0,1609765771
45,200606,3.1,1600238543
12,201170,4.2,1604179148
42,201974,4.8,1603089428
28,201219,3.4,1606953567
33,200655,4.6,1607703811
17,201502,3.7,1600619742
29,200290,2.9,1603310836
44,201420,3.2,1606107151
7,201587,3.5,1602704846
33,200334,2.8,1607138434
8,201932,3.2,1600736274
21,200166,3.6,1608387537
39,201341,4.4,1603109155
10,200638,4.1,1601297714
43,201288,4.1,1600003067
29,200630,3.6,1600468831
5,201534,4.7,1606427006
33,201853,4.6,1606168219
27,200359,2.5,1606147373
3,201910,4.5,1604031079
49,200095,3.6,1602644320
9,201616,2.9,1603113897
46,201997,2.9,1602079824
12,201396,2.6,1605942791
13,201154,3.6,1601185774
9,201032,3.7,1601049485
36,201390,4.0,1605824231
23,200452,2.6,1604200148
32,201779,3.2,1604726466
31,200469,4.9,1609441065
36,200198,2.6,1608714556
42,201404,2.8,1600904197
14,200933,4.7,1602112955
46,200344,4.1,1601430779
5,201173,3.7,1606435674
50,200246,3.9,1604472970
50,201753,4.4,1604286226
14,201418,3.4,1604712858
13,201322,4.2,1606632677
50,200751,3.6,1605429961
13,201348,2.6,1605397011
1,201593,2.6,1604462300
49,200763,2.7,1609685492
1,200198,4.1,1607518091
8,201948,4.2,1608525692
21,201943,5.0,1605089598
48,200766,3.2,1602763992
41,200225,3.0,1609698127
5,201581,2.7,1605613435
2,201427,4.7,1603109798
34,201953,4.3,1602577605
12,201713,4.6,1605242324
14,200493,4.8,1609758144
7,201988,4.4,1605572333
23,200899,2.8,1603683571
5,201078,4.0,1604456331
12,200208,4.2,1606119453
43,200166,2.7,1609698896
6,201752,4.2,1600351927
21,200650,4.2,1606525746
15,200395,3.6,1606933058
46,200168,4.2,1602599163
23,201749,4.3,1603772032
4,200560,3.5,1605838752
37,200344,3.4,1605690266
19,200909,2.6,1606508481
38,201276,3.0,1605513228
17,200475,3.7,1603061297
4,200844,4.6,1601465553
3,201112,4.7,1601577860
13,200029,2.7,1603656454
33,200941,3.9,1607667948
15,200512,3.5,1607078151
41,201000,3.6,1609571611
36,201510,3.5,1608364434
18,201833,3.8,1607839363
47,201327,4.2,1601612063
28,201267,3.1,1601323326
18,200122,4.7,1609199409
20,200897,4.7,1602814369
42,200403,4.6,1607306406
36,201600,4.5,1606540681
42,201832,2.8,1606524346
42,201674,4.8,1601844393
39,201622,3.6,1602106354
48,201812,4.8,1609278555
14,200237,3.0,1601305625
10,201880,4.2,1603227069
20,200548,2.7,1601812890
41,200556,3.9,1606314541
39,200923,3.4,1601960042
28,200474,3.1,1609190467
24,201112,4.1,1603415589
10,201798,3.4,1607114061
27,200051,3.4,1607878035
16,201694,4.8,1607332150
48,200987,3.4,1602525184
47,200045,4.8,1609131616
7,200688,3.6,1607126861
43,200734,4.3,1609642245
1,200015,3.4,1604501563
37,200637,3.0,1607115510
13,201426,3.5,1608942827
39,200855,3.3,1605477720
35,200697,5.0,1602530847
15,201520,3.7,1607682276
38,200169,3.4,1601562038
43,200536,3.1,1608327937
20,201746,2.7,1602051713
30,200979,4.5,1609078418
2,200002,4.5,1603589736
1,201431,4.5,1602548673
38,200611,3.9,1604443615
3,201893,4.2,1600878693
41,200976,3.4,1608013683
45,200912,3.5,1604921091
42,201187,3.4,1607138713
15,201872,3.6,1609092583
23,201858,3.4,1601776370
27,201757,3.7,1601267469
50,200932,4.9,1605005710
19,201766,3.9,1609325686
30,200351,3.0,1602069874
37,200723,3.3,1605082717
7,201249,3.6,1601183302
16,200224,4.5,1601941152
46,201901,2.9,1605177618
50,201234,4.1,1609293041
41,201781,3.3,1604637514
2,200248,3.4,1603001305
39,200961,4.1,1609426161
33,201285,2.8,1600247544
41,200358,4.6,1600778735
15,200524,4.4,1609705802
50,201897,4.4,1600412943
10,200450,4.0,1605045269
12,200202,2.8,1602364563
46,200240,3.7,1608978431
21,200376,4.7,1607640228
23,201432,4.1,1605168107
31,200057,4.8,1608219071
14,200366,4.1,1607151952
48,200933,4.8,1609732351
46,200447,2.6,1606462328
26,201387,3.5,1607227620
39,201392,2.9,1606786318
31,200854,3.8,1602710281
8,200677,2.8,1604695173
11,200597,3.3,1600977501
5,201015,3.9,1609201777
28,201814,3.2,1600598920
30,200891,2.6,1601555955
5,200476,2.6,1605169412
2,201967,4.0,1606137700
3,201066,4.3,1602068472
7,201776,4.6,1609872924
18,201742,2.8,1608765278
26,200288,3.6,1607806543
28,200455,3.6,1604547092
9,200367,3.7,1605937050
2,201822,4.5,1609214571
44,201984,3.3,1600908551
2,200756,3.3,1607745350
39,200527,4.8,1603780604
14,201624,2.9,1600864420
2,201491,4.3,1603564026
45,200902,3.7,1604770277
13,200880,4.4,1609758054
29,201055,4.3,1607379332
36,201127,2.7,1606981475
10,201496,4.8,1600714476
23,201110,4.9,1604627936
38,201376,3.7,1608882718
2,200966,3.8,1601485817
24,201606,4.9,1606957874
28,201547,4.6,1606524955
35,201650,4.2,1605409055
34,201492,4.4,1605119855
26,201142,5.0,1607702526
2,201587,2.6,1604460235
8,201677,4.0,1607622479
8,200812,4.5,1601499761
12,200950,4.9,1600208632
20,200916,2.6,1608244563
17,201300,3.2,1606654228
11,200250,2.7,1609643333
11,201318,3.2,1607264197
19,201912,3.2,1609273327
38,200431,2.5,1606253128
6,201013,3.2,1606754536
20,200415,4.4,1603042134
30,201341,2.8,1607289465
38,200505,4.5,1601166237
5,201651,4.4,1603941047
49,201697,2.5,1605387491
37,201381,3.3,1603630696
30,201889,3.0,1600002054
24,200471,3.6,1605683638
43,201407,3.1,1605220342
38,201092,4.2,1601948775
19,201071,4.9,1601453663
32,201386,3.5,1600816028
35,200947,4.3,1606546774
23,200914,3.9,1604394404
2,201569,4.3,1606905266
40,200520,4.6,1605151179
40,200170,2.6,1604391493
35,200088,5.0,1603615868
14,200629,4.8,1601558557
19,201747,4.6,1608087155
34,200849,3.8,1607924928
30,201313,4.4,1607205891
27,201045,3.6,1605172652
35,201539,5.0,1609668128
32,201435,2.6,1603686212
32,200543,3.4,1609015096
49,200954,2.6,1603143016
24,201886,3.3,1601596203
25,201858,3.4,1600384955
10,200275,4.2,1606454128
27,201160,3.3,1600101571
45,201888,3.0,1602074217
25,200082,2.6,1609670720
49,200950,3.1,1604717982
17,201280,2.6,1601860908
45,200564,4.8,1606404589
1,201222,3.0,1608290943
2,200512,4.7,1603078043
5,200139,4.2,1605515898
26,200072,4.2,1605096876
25,201927,4.6,1607456008
13,201227,4.2,1608075403
34,201512,4.2,1607968899
17,200964,3.0,1609866517
35,200248,4.4,1602923183
27,201774,2.9,1602635614
26,200697,2.9,1604892701
45,200884,4.3,1606872441
44,200967,3.0,1607200997
18,201323,2.7,1607436140
36,201474,4.0,1601516700
10,200424,2.7,1606567302
2,200059,3.6,1602577311
16,201871,3.2,1604317143
16,200778,3.5,1603185125
7,200417,4.7,1609826032
3,201750,4.1,1602987184
17,200706,3.2,1604348957
2,200085,3.9,1608429130
36,201140,3.3,1601723333
39,200026,4.4,1609487579
2,201310,3.9,1609384201
24,201131,3.7,1602080154
22,200996,3.1,1604879897
36,200549,3.2,1605625209
18,200287,3.4,1605506480
44,200210,3.4,1606241508
16,201815,3.4,1605671627
6,200977,4.2,1602928445
9,201301,3.3,1607580863
30,200261,3.5,1608587316
39,201417,2.9,1609054877
14,201954,2.7,1607331313
4,201445,3.4,1604343247
23,200030,3.1,1604165895
12,201353,2.6,1602511036
22,201532,4.1,1601527731
1,200243,4.9,1603054472
42,201807,3.2,1609907306
26,200907,4.2,1609555633
36,200418,3.2,1600201166
47,200314,3.0,1606169310
11,201505,3.1,1604802037
4,201340,3.5,1604154057
41,200500,4.9,1601548628
21,201313,5.0,1602867267
15,200176,2.9,1605194013
3,201508,4.7,1600190147
10,201261,4.5,1605926314
40,200303,3.4,1603111460
45,200450,4.1,1608277819
50,201256,3.5,1605997938
31,201866,5.0,1609595015
16,201526,3.0,1601423266
4,201164,4.7,1602517190
12,201410,4.8,1603855021
27,200448,4.6,1605686308
49,200399,2.5,1604592123
8,200355,3.9,1608761224
33,201651,4.3,1604373885
23,200379,3.5,1603875000
3,200230,4.0,1600710650
15,200863,4.4,1602476891
40,200309,3.7,1609397174
41,201001,3.0,1601604789
45,201267,2.9,1601288068
48,200025,2.6,1602438504
2,200661,3.2,1602382285
25,200575,4.8,1605262118
31,201298,3.8,1603722582
6,200086,4.7,1606913643
11,201761,3.6,1601864513
6,201540,3.5,1600415741
1,200912,3.1,1600941201
37,201389,4.9,1602868296
18,200097,3.0,1600057984
32,200749,4.6,1607234719
18,200550,4.5,1606636112
32,201810,4.9,1604818703
30,201294,2.9,1600981000
16,201965,4.3,1606584364
49,200819,3.4,1601392479
12,200975,2.8,1603489861
43,200173,4.8,1604786521
18,200752,4.5,1607310266
23,200170,3.0,1609367862
24,200132,4.4,1601798054
9,201226,3.7,1605350856
28,201082,3.8,1607239268
21,200003,2.6,1600074189
17,200875,3.4,1608826327
41,200099,2.7,1606377256
36,201028,3.0,1608706467
24,200623,2.6,1602700521
29,201725,3.1,1600083589
7,200119,3.8,1607068115
14,201920,3.0,1604955083
25,200061,4.0,1605279134
33,201185,4.9,1608093931
25,200315,3.9,1600189379
16,201986,3.3,1600419036
28,200299,4.1,1605641880
27,200059,4.6,1600477050
31,200815,2.8,1608964139
38,201938,2.9,1607410946
22,201633,4.9,1604115017
9,201446,3.7,1605980255
44,200307,3.2,1601224467
46,201895,3.3,1608981957
28,201098,4.8,1609070594
32,200391,3.2,1609317705
50,200531,3.9,1600539600
22,200208,4.2,1606253643
6,200860,4.7,1607394072
50,201066,2.7,1604161544
29,200293,4.5,1609148272
40,201274,4.0,1607961609
16,201281,4.6,1605990407
17,200474,4.8,1608345448
44,200812,3.6,1606991986
28,201198,4.7,1605081711
34,201298,4.6,1608639121
39,200765,2.6,1604096063
13,200421,3.6,1607536654
31,200327,4.6,1601779719
5,201359,4.2,1601805171
7,200396,3.5,1609952226
14,200942,4.4,1601049724
31,200548,4.0,1607963617
10,200276,4.8,1600684914
23,200916,3.3,1601708009
46,200176,4.0,1601128414
23,201186,3.2,1600901774
47,200871,3.2,1605299327
45,201051,3.5,1601605624
3,201923,4.5,1606703434
1,201144,3.0,1606690193
9,201636,4.6,1601061885
26,201031,3.0,1604107911
49,200976,2.9,1602724355
48,200377,4.7,1608523108
46,201194,4.0,1600809281
49,201089,2.8,1602814889
44,200305,2.6,1601684412
40,201948,2.7,1600282638
4,201348,4.6,1606181644
7,200778,3.1,1605376188
25,201879,3.7,1609601140
42,200409,4.7,1607787026
23,201382,2.7,1607653090
23,201333,3.6,1609847439
5,200261,4.4,1605133628
15,200552,2.6,1609807260
34,201996,3.6,1600703327
5,201641,2.7,1605296217
24,200943,4.2,1600656008
15,200608,4.0,1608637319
29,200530,4.3,1607110295
43,201439,3.9,1608784911
47,200234,4.2,1601958368
45,200629,4.8,1606805601
8,200938,3.1,1605981909
36,201738,2.9,1605892694
3,200495,3.9,1602370242
28,200390,3.8,1609440294
18,200877,3.2,1604830059
1,200274,2.5,1607087298
42,200065,3.5,1608742303
11,201309,4.8,1609486181
17,201060,3.8,1600123754
42,200544,3.5,1606635478
46,200792,5.0,1602950725
7,201692,3.2,1607095549
36,201541,2.8,1603623696
34,201312,4.8,1606054607
39,200156,3.6,1602681670
32,200816,2.6,1601731858
28,200928,4.3,1602599125
38,201742,3.6,1608112490
12,200473,4.3,1600101835
17,200329,4.9,1607014761
20,201090,4.9,1606334916
28,200058,4.7,1603759067
1,201234,3.5,1601642112
42,201622,3.8,1608183629
34,201046,3.3,1603213061
39,200823,2.7,1609833135
14,200239,4.5,1609126364
7,201405,4.3,1602939573
37,200087,3.8,1602283348
46,201091,4.8,1606206887
27,200684,4.5,1601557779
23,200145,3.1,1601588654
8,201078,3.1,1607473884
41,200652,4.6,1604256496
4,200755,3.6,1605017628
18,201662,3.0,1603693205
45,201210,4.7,1605292462
35,200923,3.7,1602462626
36,201471,4.0,1604983431
41,200989,3.3,1608010483
21,200237,3.0,1603212552
33,201963,2.6,1603888936
21,201240,3.3,1607798052
39,200132,4.5,1604042006
12,200545,3.5,1609993166
43,200392,4.4,1600871142
3,201434,4.9,1609764809
31,200905,3.8,1608092076
43,200085,4.1,1600285621
3,201838,2.6,1605774391
47,200243,4.8,1601557623
45,200035,4.9,1603604722
48,201513,3.6,1608234523
8,201800,4.3,1601256790
13,201493,3.1,1602131222
45,200115,4.3,1603585452
30,201149,2.5,1605678860
21,201998,2.9,1602910999
28,200244,4.3,1600605906
22,201654,2.6,1606902925
43,200070,4.9,1607166847
29,201030,4.2,1600147448
22,200353,3.0,1609128247
3,201797,3.0,1605441726
34,200822,4.1,1608947413
10,201512,3.0,1607862768
40,200650,4.3,1604360810
24,200359,2.6,1606740044
25,201781,4.5,1602570129
26,200347,4.8,1608322810
48,201302,3.9,1602249383
45,200988,4.3,1600595900
17,201844,3.9,1609988416
40,201507,3.6,1604597918
33,201193,4.8,1601848922
50,200309,4.1,1602384353
45,200080,3.6,1606834120
9,200545,4.5,1604767417
49,200420,4.0,1609815733
22,200004,4.8,1601829843
45,200632,3.8,1607809606
49,200649,2.9,1605220946
45,201378,3.5,1606184439
26,201439,3.9,1603149500
17,200388,3.6,1600810228
50,200172,2.6,1604069657
3,201329,2.6,1600339889
24,201120,3.6,1605811624
23,200972,3.7,1605623291
9,200267,2.6,1606425998
27,200847,4.5,1605971864
41,200592,2.7,1604977995
15,201373,2.7,1602956565
49,201428,4.6,1607617229
8,200964,4.4,1602314233
11,200374,3.7,1600374891
48,200029,4.5,1609295301
38,201215,4.6,1609593033
43,200728,2.6,1600766314
50,201801,4.6,1601219078
45,200970,3.5,1603968144
10,201067,4.5,1602642650
34,201564,2.9,1606979661
27,201386,3.7,1600244449
46,201997,4.6,1606090847
38,201828,3.2,1603425912
30,200534,3.8,1606756176
26,201184,4.5,1607137938
11,201313,3.8,1600002295
37,200759,3.2,1600331231
2,200073,3.4,1606000090
41,200294,3.3,1605043436
25,200482,2.5,1607879899
46,201132,4.4,1602625328
35,201831,4.6,1606632340
8,200602,4.9,1609887337
2,201189,3.7,1609064445
10,200820,5.0,1607994952
17,201089,3.0,1609414160
10,200841,3.4,1604850331
21,200111,3.3,1600609436
47,201150,4.6,1602337811
17,200065,3.3,1608738747
44,200726,4.6,1607528107
10,201521,3.1,1601587032
36,201455,3.1,1602405840
21,200996,3.4,1601619926
1,200131,4.1,1602634814
36,200110,3.5,1603434697
27,201904,3.5,1601510311
29,200597,3.9,1608334486
7,200904,3.3,1606213640
17,200313,3.4,1603576949
24,200502,4.7,1606044630
48,200190,3.2,1607267648
18,201763,2.7,1604261348
24,201280,3.5,1602889793
32,200014,4.5,1609623709
5,200916,2.8,1601941403
39,201021,4.6,1600992896
23,200549,3.4,1606032852
35,200861,3.0,1602414900
49,201597,3.1,1606474374
47,201528,4.7,1602715514
40,200122,4.5,1600158339
29,200841,3.7,1605969056
30,201061,4.3,1601713716
21,201021,3.9,1608557045
38,200371,3.7,1607294996
41,201395,3.7,1608047710
38,200961,2.7,1606307567
11,200588,4.3,1601567215
30,201823,5.0,1604158878
36,201848,3.0,1606718183
16,201203,4.2,1608020084
12,201316,3.7,1604750151
36,200409,4.0,1603564482
42,201977,4.3,1605218825
38,200447,3.2,1604185248
35,200705,3.3,1609566314
39,201508,3.6,1602340924
8,201290,3.2,1604829773
7,200101,5.0,1601394938
1,200561,3.6,1607464189
19,201728,3.3,1606029493
39,200305,4.8,1608457150
47,201543,4.1,1604537632
24,201918,4.2,1601053634
12,201145,4.4,1603330982
25,200850,4.5,1600040282
3,201655,4.1,1601176490
39,201840,2.5,1608198540
26,201019,4.7,1602132186
6,200324,3.1,1607241637
19,201660,2.8,1607614806
30,200344,3.4,1603319460
6,201020,3.9,1606742813
7,201719,4.6,1605069250
49,201149,2.9,1600951355
39,200061,4.0,1603254927
46,200823,4.3,1606877923
4,201330,3.6,1608966002
9,201977,3.2,1603852872
49,201141,3.5,1604746568
27,201067,4.4,1600191384
49,201041,3.0,1606101152
30,201608,4.6,1601647470
19,200029,2.9,1601505284
49,200580,4.6,1609970083
44,200788,4.9,1605831308
12,200851,4.3,1600170717
41,200029,3.8,1601603377
43,201133,4.8,1601051077
24,200308,4.3,1600581266
13,201915,4.5,1606567002
39,200128,4.9,1604424880
13,201005,3.0,1600029100
43,200644,5.0,1605381797
31,200577,3.8,1603236390
15,200719,2.7,1609959382
41,201672,2.8,1603956052
35,200340,3.2,1608408746
15,200317,3.3,1604601102
24,200897,3.9,1601857114
15,201157,2.9,1600782417
6,201500,3.2,1600570771
15,201507,2.9,1609724832
43,200890,3.4,1602674923
38,200064,4.4,1609651389
46,200180,4.8,1609970758
15,200130,4.4,1606624212
10,200915,3.5,1604223665
40,201324,3.5,1606248673
22,200084,4.0,1601427089
29,201236,4.9,1600169911
34,200580,3.3,1608198260
29,201914,3.5,1606896519
28,200857,2.7,1601075150
3,200031,3.3,1609982007
36,201696,3.0,1605692820
38,200251,4.7,1605622875
5,201739,2.7,1608162929
36,200437,3.8,1604036171
23,200449,3.3,1604769024
10,201879,4.4,1606262817
46,201258,3.2,1609708996
21,201646,2.8,1600382690
3,200808,3.2,1602531932
27,200054,4.7,1600272720
14,201149,3.1,1605522037
38,201032,3.6,1606011740
24,200693,3.4,1600266717
18,201301,3.8,1608389097
42,200115,5.0,1608096669
21,200460,2.9,1601429178
7,200397,3.0,1604353181
33,201566,4.5,1603799551
16,201986,2.6,1605625947
19,201531,4.1,1605597542
36,200189,4.7,1600093296
16,201915,3.7,1600098428
43,201726,4.3,1602576075
33,200513,4.3,1601033840
16,200186,4.0,1600748590
11,201206,4.4,1602832906
48,201772,3.8,1607071312
7,200170,4.5,1601699079
44,201580,2.7,1604063469
30,201233,4.2,1604098490
49,201490,3.8,1609072964
13,200032,4.5,1604774244
4,200986,3.7,1602552048
36,201112,3.6,1605334708
50,201848,3.8,1605364819
21,200923,4.6,1605109483
26,201951,4.6,1608944282
1,200036,5.0,1601430074
28,200508,4.7,1606343433
50,201454,3.2,1604527248
32,200778,4.3,1607403301
15,200771,3.5,1602648066
14,201587,2.8,1603490732
27,201241,2.7,1603209600
36,200033,3.6,1603968044
14,200111,4.5,1607268866
16,200291,2.9,1605290641
50,201649,4.1,1608839120
14,201926,2.6,1605570415
22,200702,3.9,1601942879
18,201819,4.9,1601007544
3,201224,4.1,1605170352
13,201162,3.6,1606613145
39,201107,3.8,1608772908
21,200249,3.3,1607314294
37,200516,4.6,1605651187
25,200978,4.2,1604866036
1,201151,5.0,1607985336
46,201738,2.7,1607241574
42,200400,3.3,1606788985
40,201214,3.2,1609463931
23,201383,3.5,1605767510
24,201111,4.5,1601051990
3,200348,4.0,1609102657
22,201943,3.1,1609317256
31,201381,4.4,1600355122
28,200586,3.3,1605322546
6,201793,3.9,1606133131
50,200906,2.5,1600817429
28,200899,2.9,1604490577
36,200135,4.2,1602970272
4,200452,2.6,1607066443
36,200899,4.5,1604283637
35,201185,3.3,1600859857
34,200550,2.6,1602981043
2,201060,4.0,1604121344
28,200337,3.6,1601033663
34,201371,4.7,1609440881
30,201671,4.2,1600917101
25,200388,3.3,1601500403
19,200164,4.7,1602972395
25,201518,5.0,1607862291
3,200905,4.5,1600713322
43,201886,4.7,1609796175
6,201800,4.3,1602203566
35,200501,4.9,1600964760
22,201704,3.1,1602979204
30,201684,3.2,1600863684
10,200820,3.5,1603493051
50,200994,4.8,1607298348
3,201185,3.7,1606334827
34,200452,4.9,1607421926
1,201319,4.1,1604642845
16,200928,4.8,1605243788
3,200725,2.9,1605634100
48,200373,3.0,1601512344
27,201972,4.0,1608877239
12,200824,4.1,1605021487
8,201867,4.2,1607905743
48,200296,3.4,1607315770
27,200921,3.3,1603840692
39,200348,3.1,1601010372
17,201123,3.3,1601053014
1,201461,3.4,1600481314
30,201738,3.5,1604255474
20,200732,4.8,1603316470
48,201232,2.6,1601502807
49,200117,4.0,1609459440
21,200582,2.9,1608282273
18,200678,4.0,1601243255
40,200278,3.1,1609916385
8,200280,4.0,1602453398
36,200420,4.6,1600499465
3,201884,4.6,1604722223
28,200566,4.0,1607208109
6,200118,4.1,1607330662
21,201352,3.2,1604761100
37,201159,2.7,1602399996
16,200856,4.4,1608446535
25,201759,4.0,1602124243
12,200448,3.2,1602429176
26,200108,3.6,1600339272
27,201272,3.9,1602211229
19,201864,4.9,1605415287
44,201075,3.8,1601820904
23,201213,3.9,1602412985
28,201560,2.5,1601860195
2,200636,4.7,1608870954
46,200266,2.6,1602974151
19,200922,3.3,1602246344
23,200761,3.4,1601102527
25,201719,3.9,1601077391
42,201721,3.3,1607091678
44,201158,3.5,1609531595
23,201007,3.4,1601779346
29,200437,3.2,1606075692
46,200164,3.2,1607867495
24,201868,2.8,1605136798
49,201638,4.0,1600310663
14,200059,2.9,1608587435
16,200486,4.4,1609637747
6,201812,3.0,1607460879
5,200930,4.9,1603171146
3,201973,4.1,1602276028
21,200871,4.8,1602655156
7,200509,4.4,1603756490
42,201406,3.0,1609532144
7,200697,3.3,1604167527
23,201554,3.8,1603382830
12,201927,3.2,1609469270
7,201602,3.0,1608670075
6,200421,3.8,1602250674
50,200437,3.2,1603962730
37,201435,3.3,1608918395
17,201967,4.1,1605500291
50,201395,4.1,1607077334
45,200936,4.9,1603352239
28,201014,3.8,1601159274
12,200083,4.9,1601640872
11,200412,3.2,1601507616
32,201559,2.6,1606307230
28,200988,3.3,1602065790
8,200881,3.2,1605866722
20,201220,3.2,1602753660
27,201302,2.5,1602189373
42,201279,3.6,1600343058
32,200756,4.2,1600841431
3,201828,4.0,1607736162
45,200166,3.0,1604343750
45,201274,4.0,1607667015
28,200206,2.9,1607112214
46,201623,4.7,1602848524
28,201946,3.1,1606796313
43,201136,3.5,1607781163
44,201051,2.6,1608145864
3,201590,4.5,1608804850
32,200993,3.1,1602057158
40,201451,4.4,1608815695
26,200108,3.3,1604607523
36,201053,3.9,1604145876
12,200906,2.6,1605605454
15,201087,2.8,1603356948
43,200192,3.9,1603253231
24,201782,2.5,1602997402
36,200746,3.8,1604493503
21,200823,4.8,1606046372
7,200315,4.2,1600923036
8,200177,2.7,1607166797
49,201885,3.7,1609507259
20,201884,4.3,1602708312
40,201114,3.0,1607850958
30,201533,3.1,1605351391
13,200516,3.7,1608831891
41,200688,3.7,1607598810
32,200647,4.2,1602557877
40,200238,3.6,1602292577
36,200988,3.9,1607805838
47,200212,3.6,1609659166
48,200416,4.1,1602319716
19,200036,4.6,1604399043
34,200733,2.6,1602400156
11,201809,3.7,1605398200
46,200264,4.1,1600814964
11,200747,3.0,1605730575
43,201167,4.8,1603545984
19,200623,3.7,1609742595
15,201296,4.2,1606717280
33,200988,4.5,1608844738
20,201822,3.3,1606677629
32,201906,3.4,1608781724
42,200406,2.9,1603840441
29,200283,4.9,1602101820
31,201488,4.0,1607334781
3,201762,2.9,1600887771
6,200968,3.8,1601834946
42,201449,3.2,1600771793
27,201835,4.9,1606494033
27,201281,2.9,1603269136
3,200506,4.8,1605765545
8,201181,4.3,1601623600
32,200110,3.0,1606988546
43,201334,3.4,1606490849
48,200594,4.9,1607435130
18,200713,4.1,1604960572
1,200447,3.8,1606519989
7,200394,3.2,1601511449
20,200800,3.9,1608418956
50,200016,2.9,1604422428
13,201873,4.7,1604830338
10,201336,3.4,1605733608
37,201993,4.3,1603892104
26,200559,4.3,1602212526
25,201903,4.9,1600360355
47,201964,4.2,1607224339
1,201312,4.0,1606450889
19,200666,4.1,1603334437
1,200849,2.6,1600916505
3,201997,4.4,1603049824
43,201696,4.0,1603925688
22,200442,3.9,1601887803
25,200164,4.7,1608437004
45,200585,2.7,1603547221
43,201637,2.9,1609584962
45,200071,4.7,1600887139
28,200165,4.8,1605822844
43,201954,4.3,1601317442
50,200223,4.0,1602930248
49,200766,4.2,1603950043
39,201678,4.6,1600855304
31,201241,3.8,1603778157
14,201964,2.5,1607596698
3,200883,4.5,1603441126
45,200419,4.3,1600045037
36,200993,4.9,1600571296
41,201401,3.9,1605953050
34,201176,2.7,1608282471
8,200036,2.9,1607536784
3,200119,2.8,1607675771
30,200052,2.6,1602539289
49,200340,3.7,1601278100
21,201357,3.5,1607228698
40,201557,3.0,1603601714
22,200549,3.2,1608768861
30,200730,4.4,1601051156
5,200052,3.7,1603960882
50,201705,3.9,1601073845
5,201632,4.5,1602727034
43,200288,2.9,1601304682
27,200826,3.3,1608718717
8,201774,2.8,1607353901
21,200437,3.6,1609454322
11,201410,4.4,1601877549
47,200390,2.8,1609103667
26,200318,4.5,1606778354
42,200783,3.1,1609419337
32,200787,2.9,1609040419
7,201329,3.8,1603139700
26,201982,4.3,1602370340
48,201513,3.4,1603549796
14,201030,3.3,1604724468
20,201308,3.0,1601716657
50,201992,4.7,1601779813
6,201357,3.5,1600554445
38,200726,4.9,1604218320
40,200557,3.8,1600616940
24,201035,3.6,1601861139
35,201044,3.9,1605012630
4,200318,3.6,1605767659
24,200825,4.5,1609032759
32,201471,3.8,1606664375
13,200524,2.9,1604236009
23,200569,3.9,1609013891
48,201879,3.3,1603904272
42,201072,2.8,1609961148
25,200610,2.6,1609017108
14,201350,4.5,1603035177
36,200674,2.7,1603037478
18,201468,4.4,1600673221
42,200272,3.9,1602913152
35,201646,4.4,1600964778
39,200919,2.8,1606631187
49,200656,3.1,1607712288
25,200747,4.3,1602616013
49,200006,3.2,1607456856
9,200389,2.8,1606392028
19,200736,4.1,1606885238
1,201616,2.5,1605375603
33,201366,4.0,1607547139
28,201221,2.8,1608942457
30,201775,4.7,1600000416
24,200617,5.0,1608300835
20,201871,3.0,1606623284
46,201909,2.8,1600278730
16,201198,3.5,1601867944
11,201171,4.0,1603419990
47,201705,3.2,1604774010
12,201914,3.4,1602339863
12,200201,4.0,1609266476
21,200336,4.2,1602123467
36,200134,3.6,1606128807
13,201016,2.9,1604978536
6,200352,4.8,1600253713
45,201537,3.9,1604584553
13,201290,4.5,1601320634
42,200711,3.0,1606766326
40,201864,4.4,1608718761
22,200045,2.8,1609644416
50,200678,4.6,1606989756
22,200496,3.7,1603707022
6,200237,2.8,1606409673
13,200308,2.9,1600525430
10,200239,3.6,1600271758
38,200541,3.2,1608764792
32,201600,4.6,1605769653
18,200251,4.3,1606670841
35,200983,4.3,1604158031
24,200522,3.0,1601454874
44,201374,3.5,1604603652
43,200138,2.9,1608074423
10,201868,4.0,1601466079
46,200646,3.1,1604473809
7,201384,3.6,1609337697
3,200799,4.6,1608461838
15,200066,2.9,1600787234
15,200413,2.7,1602525429
27,200428,3.6,1604716960
10,201855,3.5,1609641079
8,201160,3.8,1604640100
50,200974,2.6,1604672405
9,200911,2.6,1603143758
42,200892,3.1,1600477053
48,201202,4.2,1604774817
17,201555,3.9,1604833224
28,200011,3.6,1602386815
14,201652,3.4,1601039423
13,200547,4.4,1606388612
20,200658,5.0,1604450767
21,200806,4.4,1608132276
5,200632,2.6,1609162403
15,201933,2.8,1608297044
30,201367,4.8,1609998715
7,201634,4.8,1608917412
44,200226,4.7,1609501980
7,201862,3.5,1607891926
33,201012,3.4,1603067744
27,200697,3.1,1607371229
6,201942,2.8,1607380116
25,201432,3.7,1603777100
48,201386,4.3,1605049908
40,200591,4.5,1605215284
33,200539,2.8,1600158498
38,200208,3.0,1600140051
28,200207,3.2,1604295655
35,201848,3.9,1600242365
9,201793,4.5,1609446572
36,201952,4.1,1604194923
47,200079,5.0,1601636877
32,200288,2.7,1606312566
48,200882,2.6,1600025514
9,201973,4.6,1605496336
19,201920,3.5,1602658941
47,201880,2.9,1607943745
24,201617,4.7,1605846879
26,201281,3.5,1600883828
16,201363,4.0,1607735581
14,200732,5.0,1608818903
50,201820,4.0,1609685612
2,201120,4.1,1605863536
17,200339,2.9,1600332336
10,200293,4.1,1602500547
36,200583,3.7,1608335590
25,201027,4.7,1602759022
4,201146,4.8,1608003045
19,201004,4.3,1605961319
7,201275,4.0,1607823208
13,201744,2.7,1600465304
4,201222,3.9,1604981039
31,200546,4.9,1604766669
27,200775,3.6,1603537690
32,201857,5.0,1601741415
35,201613,2.9,1600512550
34,200449,3.4,1609945745
2,201793,4.1,1606922690
29,201965,3.0,1600096119
30,200535,3.3,1604562481
22,200920,2.7,1602259928
31,200116,2.7,1606218726
1,200084,2.6,1600855283
38,201021,4.7,1603745895
42,200095,2.8,1600410584
10,200207,4.0,1605930444
24,200480,4.2,1602208358
13,201276,3.8,1606995860
29,201706,4.2,1608461103
35,200203,4.7,1607471802
22,201749,2.7,1606409419
27,201286,4.4,1605859009
30,200818,4.7,1607838111
25,201135,4.8,1605563264
27,201642,3.3,1606955359
32,200399,3.7,1603011123
48,200559,4.9,1603707122
27,201726,4.1,1607328582
23,200547,3.0,1604358562
12,201817,3.4,1600840815
1,200959,4.6,1602149845
40,201385,3.7,1606817546
31,200917,4.4,1605462951
31,200837,4.3,1609152393
37,201951,3.7,1609822364
43,201585,4.8,1600575126
25,200218,3.4,1602727465
3,201649,4.9,1601417253
17,200871,5.0,1600466313
11,201171,4.6,1605164918
20,200084,5.0,1606633670
5,200431,3.1,1604548655
25,200150,2.7,1607225820
15,200959,2.7,1604370230
10,201838,4.4,1602442280
34,200876,4.8,1608959391
21,200735,4.7,1609862781
31,200934,4.5,1608835770
44,200852,3.0,1607091833
46,200836,3.0,1605002426
39,200797,4.1,1602137721
29,200162,5.0,1605176681
39,200642,3.3,1609522653
10,201306,4.3,1608241958
7,201007,3.8,1600020753
25,201575,3.0,1605610849
40,201302,3.6,1607436648
2,201239,3.6,1606678782
1,201858,3.6,1600868954
20,200313,3.2,1606485426
45,200460,3.7,1602125633
6,201160,4.3,1600879225
7,201622,4.0,1607877214
29,200949,3.4,1607064429
5,201701,3.3,1603104379
18,200703,2.8,1604565261
28,200803,2.6,1606433905
10,201696,4.6,1605578564
34,200738,4.3,1601498699
12,200458,3.8,1607101699
49,201587,4.3,1603936984
20,201846,4.1,1604327162
34,200665,4.1,1608880984
13,201844,3.7,1601886709
32,200413,3.4,1602235632
8,201445,3.6,1605032326
25,201468,2.6,1600667284
5,201259,4.1,1602981564
16,200646,4.6,1605892900
31,200351,3.7,1609922418
41,201509,3.7,1607603532
47,201666,3.6,1609396829
20,201154,4.3,1605155722
19,201378,4.2,1602934957
46,200793,3.4,1605308334
26,200693,3.6,1600295114
35,200176,4.7,1609594777
44,200845,2.6,1605121361
16,201504,3.9,1609379216
26,201553,4.5,1600447257
31,200872,4.7,1608890860
4,200463,4.9,1600361910
40,201609,3.0,1602995156
2,201514,5.0,1605721974
10,201018,2.9,1600894440
26,200230,2.7,1601397683
6,201936,4.8,1601492643
1,200928,3.6,1608130890
27,200139,4.3,1604035551
10,201259,4.2,1603751707
33,200016,3.0,1608037944
10,200339,3.0,1608571884
29,201211,4.2,1608300508
17,200844,4.9,1601461273
38,201942,4.2,1600392715
31,201841,3.4,1602205494
32,200788,4.7,1608918513
37,201171,3.3,1606300948
25,200318,2.8,1602486533
29,201164,3.9,1609231215
2,200924,3.4,1603638199
48,201351,3.0,1609877974
16,200600,3.2,1608366687
20,200521,4.6,1604783201
34,201062,4.9,1602997186
22,201365,3.9,1600511513
17,200531,3.6,1603972386
22,201662,4.8,1604971193
1,200849,3.3,1609655516
11,200194,3.8,1609889709
9,200568,4.6,1600392673
47,200214,4.3,1607910550
42,201749,4.5,1607443573
11,201139,3.6,1602681402
16,200402,4.6,1609890073
21,200781,4.8,1601194654
38,201389,3.6,1607133353
5,200847,3.0,1607730581
43,200148,4.9,1606178180
17,200194,3.4,1603154388
44,201022,3.0,1606726531
40,200134,4.1,1601208257
27,200012,4.3,1609718922
16,200050,4.7,1608082797
33,200873,2.6,1609155913
33,201760,3.8,1608354451
24,201773,4.1,1600105118
40,200426,3.0,1607911212
25,200752,4.5,1609945873
30,201439,2.9,1603565963
40,201828,3.7,1608785975
23,201176,4.9,1600910721
32,201996,3.2,1600589810
34,201981,3.4,1605017885
8,201295,4.6,1602766041
16,201308,3.4,1606064128
45,200861,4.1,1602013014
35,200858,4.8,1609958379
6,200221,3.2,1603877252
34,200873,3.9,1600327811
2,201395,4.5,1602025450
47,200507,4.4,1601733112
22,200999,4.3,1601051467
4,201334,3.5,1603224102
34,200196,2.9,1604131265
12,201290,4.3,1601210608
32,201257,3.8,1605332057
46,201631,4.3,1609858764
39,200475,3.0,1601968948
2,200028,2.9,1601063611
36,201710,4.5,1603299451
38,200174,4.9,1604214681
22,200319,2.8,1600681373
36,201039,3.7,1609974083
23,201282,4.9,1603223853
28,201330,4.6,1603188641
9,201118,3.7,1607795654
43,200436,3.9,1608854113
28,201215,4.0,1605869053
3,201326,3.0,1603025834
25,200952,3.9,1600252368
25,200317,2.6,1609287627
15,201617,2.7,1601757827
7,200391,4.2,1600207571
38,201199,3.4,1600475368
26,200090,2.5,1603804514
33,200105,3.5,1609414008
20,200563,3.6,1607831351
33,201381,4.3,1602762261
27,201456,2.9,1602126375
4,201851,2.6,1602824010
11,200315,4.0,1600850023
9,201213,2.6,1606150391
33,200105,3.1,1601955199
1,200050,2.9,1604693478
18,200024,3.0,1605400503
27,200735,3.5,1604032967
6,201908,3.7,1609701966
9,200421,3.0,1609539773
25,200950,4.9,1608807413
4,200960,3.2,1609330162
45,200589,2.6,1602132839
15,200487,3.3,1609067546
2,200273,3.7,1604626957
37,200602,3.9,1608232562
6,200458,4.4,1604341171
29,200348,3.1,1603731631
12,200999,4.1,1600195728
37,201127,3.7,1600031812
33,201115,4.9,1607135487
25,200666,4.2,1604591546
38,200356,4.1,1607727418
8,200182,4.9,1608773297
14,201967,3.3,1605101899
16,200352,2.9,1608305193
24,201615,3.6,1602765245
8,201712,2.9,1605528905
43,201863,3.8,1603136682
34,200188,3.5,1605093867
14,200860,3.7,1601193188
29,200693,3.9,1606001546
50,201807,3.6,1603726613
17,201172,4.5,1607365740
10,201606,3.9,1608549644
11,201008,3.7,1606654885
32,201650,4.9,1609035605
35,201535,4.7,1606031127
38,200245,3.6,1608993227
50,200944,3.9,1609780415
21,201477,3.0,1602507903
42,201372,4.3,1600470900
6,200135,4.6,1606286270
45,201515,4.4,1605817374
40,201131,4.1,1608680177
3,201543,4.5,1605499985
11,200136,5.0,1601444940
43,201511,3.2,1604334463
14,201964,3.6,1600730208
6,200835,3.4,1606771799
45,201847,3.7,1605889865
47,201654,4.8,1605480064
9,200853,3.7,1600082915
27,201032,4.8,1603358042
34,200469,3.2,1606255147
11,201905,4.2,1606971731
27,200366,3.5,1609438462
37,200571,4.0,1600784566
12,200893,4.9,1606361371
30,200193,4.5,1606924333
50,200052,3.5,1607551716
21,200376,4.4,1606338748
33,201897,2.6,1600539448
32,201635,3.4,1608600451
40,200199,4.5,1607341870
14,201757,2.9,1603043811
1,201996,4.1,1603871535
30,200691,4.8,1601891389
34,200001,3.4,1608121461
9,201511,4.1,1607004104
18,201422,3.1,1604068071
6,201124,3.6,1609601497
28,200359,5.0,1601806054
29,201962,3.0,1607705260
32,200184,4.2,1602750501
15,200177,3.0,1605130519
42,200688,2.5,1607451040
43,200400,2.9,1602134835
4,200485,2.9,1602793499
7,200034,5.0,1600287580
19,200116,3.5,1601250114
28,201327,4.0,1601348824
20,201954,3.6,1600926732
32,201492,2.9,1600574926
27,201494,3.4,1604342440
1,200338,3.7,1606039431
14,200171,2.7,1600012942
18,201903,3.7,1605397134
18,200094,2.8,1603231066
45,201847,3.4,1604277372
32,201084,3.8,1605471631
17,201380,4.2,1606181197
24,201497,3.4,1608006388
22,200253,3.3,1606275182
4,200074,3.8,1602861104
23,201439,4.9,1605043515
49,201637,4.8,1601798802
15,200562,3.7,1603896419
23,201684,4.7,1603071086
8,201505,4.3,1602376600
38,201587,3.3,1608838295
30,201136,4.5,1604136253
46,201458,3.1,1602250538
14,200466,4.0,1601433441
26,201767,2.9,1603692639
2,201114,3.0,1609123916
21,201174,2.9,1607966454
29,200295,3.4,1608810054
20,201200,3.1,1605608558
34,200663,3.8,1600916401
27,200639,3.4,1602042102
33,200795,4.8,1609912876
49,201387,3.9,1606331950
46,200169,2.8,1604383579
23,201490,4.4,1604469720
23,200250,4.7,1605728364
26,200259,3.9,1605430142
1,201717,2.8,1603464912
11,201354,3.9,1609647028
27,200220,4.5,1600599213
31,200524,2.6,1600681557
38,200801,2.6,1601925796
27,200362,4.8,1606130217
32,201683,3.6,1605546655
46,200084,4.4,1603658033
32,201793,3.6,1609582770
49,201226,3.8,1609343711
23,201383,4.7,1600858636
25,201489,4.1,1601433713
4,201503,3.2,1605148732
42,201839,2.9,1609586164
3,200282,3.3,1603862489
46,200152,4.3,1600442555
5,201690,3.9,1601934938
47,201315,4.2,1607116555
33,200436,4.1,1608552204
36,200231,4.9,1605412851
3,201806,3.4,1601232420
45,200202,4.1,1602762608
32,200553,3.3,1606755041
12,201467,4.9,1602538913
44,201102,3.1,1604911318
42,201579,2.9,1601156682
15,201048,2.8,1609693816
1,201437,3.3,1605720766
3,201263,3.6,1603494860
4,200617,4.2,1607989014
20,201863,4.8,1604339696
29,200580,2.5,1607982000
22,201221,4.2,1609591470
36,200380,3.8,1603537030
25,201351,4.5,1608326886
4,201921,2.8,1609019592
38,200007,4.0,1600617466
7,200977,4.6,1600552278
23,200889,2.6,1600080245
46,201395,4.7,1605147045
26,200560,4.9,1608551920
35,200955,4.0,1606388324
48,200065,4.4,1609898366
32,200102,4.6,1600527159
10,201512,3.9,1607205221
27,200384,2.6,1603104675
40,201165,2.7,1604007369
5,200007,4.8,1608218112
43,200231,2.6,1603472068
47,201842,3.1,1602251459
46,201163,4.5,1608791567
27,201548,3.7,1608223082
18,201462,3.0,1607680368
8,201633,2.8,1602892592
2,201174,4.2,1602014598
27,201362,3.0,1609819105
36,200228,2.9,1603379640
35,200699,3.9,1603862838
41,200783,4.8,1601571082
14,200461,4.0,1604012929
19,200935,4.4,1607682016
20,201166,4.7,1607995818
50,201249,3.9,1603027419
13,200312,4.0,1600208585
9,201905,2.5,1609644439
7,200692,3.5,1609830153
27,200133,2.5,1607530894
16,200538,3.8,1603744471
1,200469,3.9,1603445789
14,201695,4.9,1605511605
44,201852,4.6,1603270363
12,201225,4.9,1607737763
39,201860,4.6,1605712827
27,201119,2.9,1604775884
9,201733,3.9,1600129000
14,200162,4.6,1606813487
37,201613,3.2,1605110761
31,201729,4.3,1607797499
49,201833,4.8,1601834231
42,201695,2.9,1608043762
22,200453,3.4,1607450536
37,201502,3.1,1607724113
26,201743,4.9,1602363120
46,201755,2.7,1604397376
37,200078,4.0,1602106803
20,201074,3.6,1604491661
44,201382,2.5,1608912412
11,201761,3.2,1602710277
46,201298,4.5,1602700701
43,200043,3.6,1603397823
23,200349,3.0,1605807482
13,201044,2.6,1605477218
32,201924,4.5,1605709165
38,200504,4.2,1605731242
19,200177,2.6,1609438942
9,201074,4.0,1602084016
3,201064,3.8,1606063509
44,200947,3.2,1600007455
19,201908,4.9,1606785909
14,200995,4.2,1606698103
12,201492,4.9,1607371228
9,200395,4.7,1609205410
49,201425,4.1,1601046120
32,200473,4.9,1601842387
20,201437,4.7,1601362790
43,201306,2.7,1601218374
47,200781,2.9,1608250941
46,201985,4.7,1606720030
31,200419,3.7,1609698856
27,200970,4.3,1608116778
10,200574,4.8,1605074422
25,200712,3.8,1606673306
13,200371,3.6,1606629218
45,201196,3.0,1604979190
36,201262,4.0,1603487980
35,200691,4.5,1601407151
24,201733,2.6,1604421533
17,200432,4.5,1609152095
25,201338,2.9,1602154731
11,200856,2.7,1608733144
37,201472,3.9,1606239601
7,200972,2.6,1604602729
31,201436,2.9,1600119800
36,200857,2.6,1604437954
36,201285,3.8,1603858885
2,201783,4.8,1609240864
44,200064,2.8,1606845081
23,200722,3.8,1602853631
47,200754,3.2,1609693557
5,201256,4.5,1603485035
39,201497,4.3,1604831137
41,201542,3.1,1609140852
1,200783,3.2,1602104885
12,200473,2.7,1609709263
39,201064,2.8,1600671800
26,201861,4.6,1604351970
43,201865,4.7,1605142116
42,201836,3.5,1609935035
15,201562,4.9,1600056053
16,200672,3.2,1605729290
40,201673,3.4,1604716825
16,201710,4.8,1602418488
40,200397,4.4,1608412806
17,201521,4.4,1602465521
48,201073,3.4,1600675852
2,201617,4.6,1600906566
19,200368,3.2,1601410265
41,200925,4.9,1601785150
41,200928,2.9,1609798040
50,200635,4.9,1602347294
17,201766,4.5,1603790460
27,200138,2.9,1609554987
50,201864,3.9,1602679560
13,200039,3.5,1605962206
42,200775,4.5,1601918416
25,200090,4.5,1603542726
20,201192,4.5,1608853057
11,200444,3.4,1605311843
5,201510,2.9,1601700894
36,201923,4.9,1609903620
8,201408,4.6,1602643666
43,201516,2.8,1603745523
13,200020,3.9,1603908434
16,200109,5.0,1603291720
34,200723,4.9,1604018691
33,201927,3.1,1606587496
44,200883,4.1,1604209259
50,201839,4.8,1609401469
25,201714,4.1,1601901818
50,201169,2.9,1606727849
46,200028,4.8,1601989014
21,201714,3.5,1604905436
26,201679,2.7,1605600531
8,201969,4.6,1601706487
18,200270,3.5,1609824710
21,201665,4.1,1606177941
35,201993,4.0,1603374063
18,200837,3.3,1605028565
31,201026,4.2,1602680928
38,201341,4.9,1607529177
20,200639,3.8,1600749793
35,200484,3.2,1602252265
37,200887,4.9,1605969393
44,200742,3.9,1600929957
17,201667,3.4,1609956439
23,201921,2.6,1603327571
28,201274,4.0,1608857790
18,200156,4.8,1604110940
50,200431,4.4,1609783037
48,201955,3.5,1601913957
27,200994,4.1,1600466597
42,201195,3.5,1608439117
1,200503,4.5,1609452621
8,200639,4.3,1603422352
7,200583,2.6,1607714070
14,200388,3.9,1607794353
39,200722,4.2,1600391495
13,200982,3.4,1600091453
49,200248,3.6,1608275583
12,200167,3.0,1606497395
33,200392,3.4,1603980848
47,200543,4.3,1604640541
35,200341,4.8,1608527814
31,200861,3.1,1609104250
18,200726,4.0,1605374404
36,200692,4.0,1608908755
15,201232,4.0,1604535852
49,200951,3.3,1604547286
49,200281,3.2,1604698454
22,200713,3.8,1609759348
18,201925,2.7,1601127492
48,201713,2.7,1604484009
20,201232,3.9,1605248520
38,200457,3.1,1605570745
13,201658,4.3,1602064817
44,201641,5.0,1603523682
40,200301,2.9,1600402049
32,201912,3.0,1609403491
21,200760,4.5,1605413104
48,201992,2.7,1601488720
9,201895,3.5,1600259334
20,200309,2.6,1603571538
50,200128,3.0,1600214475
36,201090,4.6,1602539754
47,200219,2.5,1605178584
11,200074,4.4,1600497120
24,200578,4.3,1604531213
17,201689,3.2,1600326226
16,200175,4.8,1602570531
15,201394,3.0,1607425980
35,201837,5.0,1605607714
2,200146,3.1,1604867494
12,200987,3.4,1605326941
33,200218,3.7,1608694254
18,201863,3.8,1600248090
24,201690,2.6,1608647003
3,201868,3.1,1601766822
48,200514,3.2,1607855521
40,201033,3.4,1601268624
8,200398,2.7,1602957718
6,200910,3.1,1604811492
42,201418,3.7,1603197663
37,201862,4.6,1603994074
29,201373,3.8,1603471436
35,200805,3.1,1609179282
32,201862,3.4,1600071436
12,201379,3.6,1607364449
8,201859,3.0,1602264189
14,201863,2.6,1609891444
40,200081,2.8,1601644480
25,200182,3.0,1604642446
34,201564,3.9,1602996037
6,200084,2.6,1609950007
13,201234,2.9,1600729938
14,200702,3.8,1601603240
15,201081,2.7,1608750283
4,201661,3.7,1608425975
30,201691,4.1,1606313542
10,201301,2.5,1609204836
1,200136,4.7,1602159690
19,201498,3.1,1607731154
14,200150,3.8,1607113711
8,200961,3.0,1602370908
44,201441,2.6,1607081162
9,201903,4.3,1607124677
1,201279,4.7,1601498673
23,201760,4.1,1606035778
45,201518,4.8,1605701394
28,201995,4.1,1609080496
14,201296,4.8,1603111862
12,201658,2.6,1604290216
13,201409,3.4,1606420844
3,201468,4.7,1600874174
27,200493,4.7,1600847589
43,200782,3.9,1603682233
4,201945,3.6,1605175164
40,201162,4.4,1601323069
37,201351,3.0,1607409123
4,200800,3.6,1605698039
31,200060,4.6,1608321783
31,201473,4.7,1600468448
18,200347,2.7,1601226490
40,201618,4.2,1607059945
9,200655,3.6,1602962870
40,200445,4.3,1604057100
40,201073,3.0,1604301869
11,200104,3.8,1600935591
4,201526,4.7,1607273127
34,200281,3.3,1607843694
27,200952,2.7,1607254508
26,201759,2.6,1607112456
50,200078,3.2,1603409808
20,201839,3.9,1606474777
17,201486,2.7,1609213795
14,200708,2.9,1606021354
48,201974,3.2,1601830256
14,201764,4.5,1605140535
34,200577,3.0,1601137491
49,201626,3.6,1607195891
11,201045,4.9,1600437260
42,201627,3.8,1609351097
38,201497,3.6,1605221778
14,201516,3.6,1604009405
36,201851,3.2,1600124888
19,200017,3.0,1603375471
39,201588,4.6,1606336485
19,200579,3.8,1606165997
2,200104,3.3,1602913621
34,201532,4.8,1608229849
46,201576,3.2,1604089168
27,200209,4.3,1607051824
2,200940,4.5,1605864916
47,200450,2.6,1601809410
37,200107,4.2,1602040665
9,200695,4.6,1608079975
40,200277,2.5,1602505788
2,201650,4.5,1606337817
37,200721,2.9,1608579118
44,201483,2.6,1608960095
45,201296,3.8,1602164400
4,201215,4.4,1607721781
7,200367,4.0,1608839344
29,200540,4.5,1609760715
40,200718,4.5,1602415076
6,200107,4.1,1602343832
25,201149,3.0,1608616395
33,200671,3.5,1601139739
49,200932,2.8,1603074259
10,200223,4.8,1609742204
40,200822,4.6,1602008008
18,201878,5.0,1605790195
27,201126,3.6,1608734734
12,200769,3.0,1607852964
2,200698,4.2,1609094915
13,201334,3.7,1607192617
26,201650,4.3,1605950206
44,200894,4.1,1605262465
39,201208,3.9,1607057061
50,200118,4.1,1606770415
25,200695,3.1,1609833221
17,200200,3.4,1602728875
8,201556,4.5,1601969041
38,201392,3.8,1600344568
46,200285,4.6,1605469448
50,200778,2.5,1600924556
9,201406,4.9,1602810087
46,200036,4.8,1609378327
48,200680,4.7,1609547627
6,200256,4.7,1606532546
39,201505,3.1,1602904207
25,200741,4.9,1600041165
21,200679,4.6,1607358128
31,200684,3.6,1600192344
28,200660,3.4,1609435319
2,200413,4.5,1604558591
28,200133,3.3,1601989543
33,201870,3.3,1604899264
42,200544,2.8,1604933260
45,200087,4.8,1606172055
17,200397,5.0,1602504649
38,201122,3.0,1604284916
38,200255,4.3,1603947704
4,200633,3.3,1608674338
21,200128,4.3,1607554448
48,201796,4.5,1604495535
11,200355,2.7,1604175048
3,200577,3.4,1606632649
20,200693,3.1,1607886347
12,200304,2.8,1602352265
30,200521,3.8,1604351566
10,201953,3.0,1605130504
49,201393,2.9,1600767092
40,201650,3.3,1605925505
2,200070,3.4,1609642347
23,200133,3.2,1606576149
28,201523,2.8,1607039886
22,200100,4.1,1604046366
46,201956,3.7,1608328039
30,200019,2.7,1608245815
39,200168,3.3,1605629691
14,201139,3.7,1606904765
1,200696,4.9,1606747926
30,200797,2.9,1601619699
22,200718,2.9,1605210992
26,201744,4.7,1606222672
12,201558,3.7,1600198787
34,201479,4.4,1609466819
3,201620,4.9,1608534916
47,200859,3.8,1606328111
27,201286,4.6,1606316752
48,200144,4.0,1604815681
36,200574,4.7,1609114450
9,201458,3.5,1603619962
1,200824,2.8,1600625550
34,200288,3.2,1602939150
30,200332,3.3,1602933808
17,201831,3.6,1604842967
4,200866,4.7,1607122963
7,201211,3.3,1604441557
45,201806,4.2,1603813630
30,200990,3.4,1604572890
2,200160,4.5,1601291586
44,200154,3.1,1602283595
12,201082,2.8,1607536675
11,201126,4.8,1605106882
26,201675,3.5,1609167285
25,201250,4.2,1601877865
13,201676,3.9,1606066612
22,200512,4.5,1603577574
21,200136,4.8,1606244267
27,201369,2.6,1604539784
23,201371,2.9,1608370856
21,200139,3.7,1603693414
15,201315,4.2,1604511947
13,201157,2.6,1609704004
49,200383,3.1,1607598887
45,200514,2.9,1608408000
39,201179,3.3,1602472769
32,201056,3.5,1606461963
38,201322,3.6,1603855774
45,201115,4.2,1601395951
43,201924,4.4,1601088361
5,200982,2.7,1601479009
36,201061,4.2,1601475482
35,201694,4.6,1608843598
4,200303,3.5,1600468557
7,200039,3.2,1603876003
42,201041,3.4,1603149566
13,201555,2.7,1609994040
29,201678,2.5,1608277920
23,201301,3.6,1608323541
17,201458,2.7,1608562315
48,200826,2.7,1608584087
3,200674,3.6,1609648826
4,201908,2.5,1605720112
7,201438,4.5,1609179144
7,200522,3.6,1605445373
27,200420,4.6,1608074426
7,200836,2.7,1605431596
46,201644,4.2,1602843846
3,200693,4.4,1608059328
22,200826,5.0,1605882277
49,200971,3.7,1603573950
16,201018,4.5,1605607585
19,201111,3.8,1605892872
45,201490,3.8,1603903271
23,200797,2.7,1606909406
34,200239,4.1,1603305274
8,200117,3.8,1600340344
8,201013,4.9,1600405888
10,200036,3.6,1602341773
19,200358,4.3,1604685340
46,200548,4.3,1603779966
19,201711,2.9,1609055100
50,201266,4.9,1604767532
14,201822,2.5,1600662401
17,201945,3.9,1608356042
50,201920,3.6,1609699652
23,201339,3.9,1609138825
8,200904,2.7,1603974320
5,201769,4.9,1602916985
37,200403,3.6,1601413064
1,200205,3.3,1605395254
23,201866,2.5,1608411800
4,201967,4.9,1608531978
49,200506,3.2,1606563465
23,201241,4.2,1605393135
15,200234,4.7,1603201989
15,201759,3.6,1605526488
1,200097,2.7,1606069716
10,201739,4.6,1605057697
16,200976,4.5,1603093246
39,201616,2.6,1608428126
7,200570,4.4,1601274775
5,201926,2.6,1603644797
42,201800,3.9,1606206542
19,200639,4.5,1607928016
49,200164,4.5,1603201268
14,201143,4.5,1601041802
28,200226,3.5,1604028256
49,201426,3.9,1604568563
36,201101,3.2,1608662023
5,201109,3.1,1607086282
21,200448,3.1,1606263702
22,200620,4.1,1601631724
29,200433,2.6,1605430637
39,201797,4.0,1602659817
23,200630,4.3,1606555154
47,200407,2.9,1604907716
23,201628,3.2,1605619963
40,200408,2.8,1604830986
47,200500,3.4,1600114276
22,200981,2.6,1604435193
22,201693,4.3,1605095422
15,201028,3.2,1603613446
21,201842,4.7,1608595856
9,200548,4.3,1607816106
6,201443,2.7,1609590763
48,201996,3.5,1607154173
26,201810,3.4,1602529796
31,200592,3.8,1608199418
11,201018,4.2,1608165190
43,201247,4.9,1606867476
43,201799,4.7,1603723446
39,201313,3.5,1600695412
41,200239,2.8,1603734210
35,200242,2.6,1607377540
2,201929,3.4,1604211337
32,200066,4.8,1605523005
46,200709,2.9,1600546538
41,200514,3.5,1608178464
13,200872,3.1,1606593997
8,200421,3.8,1603698763
48,201849,2.7,1603984026
43,200311,3.6,1601417652
31,201547,3.5,1606549648
6,200532,3.0,1601356704
8,200095,3.1,1603585349
24,201567,3.9,1604872552
27,200178,2.7,1601016034
48,200225,4.6,1603246180
31,201813,4.9,1607248454
36,200150,4.9,1602870291
11,200691,2.7,1609413010
27,200396,3.6,1601856289
3,200388,5.0,1604957897
13,201472,4.4,1606487263
17,200909,2.7,1609639574
12,201168,3.7,1606812799
39,201631,4.7,1606149973
4,201931,2.9,1600566910
32,200674,4.0,1607016467
33,200821,3.0,1609240337
34,201351,4.1,1605402950
8,200246,4.3,1608218171
50,200057,3.7,1606793373
23,200355,4.2,1604188639
26,200925,3.4,1605091301
30,201507,3.1,1600023051
35,200438,4.4,1606000951
4,200169,2.5,1605418534
29,200059,4.8,1603208244
37,201977,4.3,1600143782
28,201055,3.6,1604075164
15,200639,4.8,1603828454
26,200419,3.8,1606883175
26,200681,2.7,1606226415
12,200860,4.5,1609944575
45,200636,4.8,1608666937
31,201008,4.3,1603968309
23,201031,3.0,1607982854
5,200403,3.8,1609374800
23,200073,4.0,1604983309
5,200194,3.2,1600523391
6,201719,2.6,1609212995
33,200288,2.7,1608029624
44,200194,4.4,1600602813
50,200661,4.9,1604094641
18,201205,4.1,1605010762
4,200979,4.5,1601696305
3,201713,2.7,1609678813
28,200295,4.7,1605747505
11,200224,4.5,1606882262
23,200062,3.4,1601165542
10,200526,3.8,1607471633
28,201315,2.6,1605828258
48,201018,4.8,1601078368
16,201594,4.7,1604469950
1,201255,3.8,1608082628
25,200061,3.7,1609931614
17,200617,2.5,1601992210
5,201597,4.8,1608910273
40,200908,3.1,1605557177
31,200978,3.4,1605127136
36,200182,2.9,1609786805
30,200025,3.4,1605576449
21,201043,3.0,1608793930
41,200367,4.3,1602141391
42,200318,2.7,1608844209
16,200658,3.8,1604719091
43,200503,4.1,1603522916
20,201992,2.7,1609538748
4,200281,2.7,1607536721
18,200212,4.5,1608073396
41,200081,4.8,1602677745
29,201099,4.8,1608947454
39,200946,3.1,1608604847
14,200031,4.0,1605075021
5,200685,3.3,1609195348
46,200144,4.0,1604595347
26,200733,4.7,1602114535
38,201341,2.6,1609018727
22,201946,4.5,1603070989
36,200869,4.7,1603000060
19,200049,2.6,1607452678
13,200813,4.6,1602440895
17,200174,4.2,1607547732
6,201996,4.1,1606560199
48,200484,3.4,1604050550
33,201908,2.7,1606658815
44,201320,4.6,1609366174
32,201777,4.0,1606562066
38,200704,3.2,1600822264
34,200539,3.7,1606586749
47,201305,4.9,1602571354
3,201533,5.0,1607078318
26,200728,3.5,1602117096
2,200008,3.8,1605844457
40,201784,4.9,1600878698
21,201415,3.1,1602369950
50,200640,3.7,1600135613
49,201569,4.8,1601348769
34,201786,3.1,1605156492
42,200272,4.0,1600965784
36,200179,4.5,1608435046
32,201864,2.7,1609479371
26,200163,3.5,1600422736
42,200646,3.9,1605294767
50,200497,3.9,1602704873
37,200502,4.4,1608629784
26,200743,4.8,1608990555
50,201767,3.4,1608932519
45,200799,3.2,1600002129
16,201038,3.7,1602739417
17,200835,2.7,1607678128
28,201190,3.8,1609961716
44,200692,3.8,1609965946
4,201917,3.9,1608311911
40,200961,4.4,1603841991
43,200982,4.3,1605751320
30,201011,3.8,1605771781
1,201518,3.8,1607156312
46,201261,3.1,1606002014
43,201932,3.1,1606257411
10,200266,2.8,1602525014
34,200322,3.7,1604843544
50,201933,3.6,1604359975
40,200199,3.7,1602616281
13,200579,4.3,1601352629
17,201891,3.0,1602755414
34,201873,4.2,1607468364
13,200056,4.9,1606007109
5,200972,3.6,1606619422
13,200818,4.5,1605850229
10,201393,4.0,1606548814
12,200797,3.2,1600291555
37,200014,3.4,1604313406
32,201047,3.0,1603650986
17,201791,4.8,1603278865
27,200602,2.9,1607961505
15,200806,4.3,1603942619
41,200334,3.8,1608383458
25,200441,3.0,1607892702
42,200304,2.5,1600032557
1,201113,3.2,1606063542
9,200038,4.2,1606993546
26,200998,4.8,1606318629
25,201858,3.1,1608605275
29,200323,2.5,1600275887
19,200489,3.4,1602956644
26,200958,4.2,1609828660
21,200299,3.3,1609867031
30,201349,4.6,1608535156
47,201390,3.8,1600220843
49,201348,2.8,1608284763
49,200908,2.9,1609029122
5,201425,3.8,1602279676
29,201538,4.6,1600184660
46,200299,4.4,1604028388
50,200612,2.6,1608851561
8,201782,3.8,1601224219
25,200380,4.2,1609611944
45,200024,2.8,1602601174
30,200676,4.6,1602845275
33,201296,3.2,1603373746
18,200745,4.6,1601921718
33,201269,2.6,1607165912
50,201112,2.9,1601485054
30,201439,3.2,1607914272
48,200657,4.0,1600526153
15,200051,3.1,1603617921
14,201669,2.6,1602384971
22,201391,2.7,1603460635
42,201973,3.1,1607177638
16,201883,4.5,1608918068
44,200569,3.5,1607344814
21,200877,3.6,1602505023
6,200726,3.5,1607286477
43,201983,3.5,1604195499
42,201714,4.9,1609236512
19,201800,3.6,1603944147
38,200333,4.1,1604354340
7,200632,4.2,1605980065
44,200708,2.7,1605512878
44,200126,3.9,1602729960
24,201756,3.0,1602810367
29,201120,2.7,1607507706
17,200443,3.7,1603712630
31,201572,3.6,1603837751
6,200414,3.3,1609631011
29,200100,3.4,1606237567
11,201779,4.2,1600209650
27,201446,3.9,1604868724
45,201687,5.0,1608104520
29,201644,3.7,1609253574
7,200203,4.2,1603021777
2,201363,4.7,1608073268
39,200623,5.0,1603018723
11,201928,2.7,1604904553
44,201047,4.6,1607286717
19,200394,2.9,1606559193
47,200532,4.2,1601147536
33,201815,4.3,1607371045
13,201630,4.5,1601630070
39,201648,2.8,1602076620
28,200368,2.6,1604748589
11,200771,2.8,1608598403
15,201131,4.8,1604194678
22,201930,2.7,1602025692
40,200797,3.0,1604205409
28,200650,2.8,1607858185
27,200518,3.6,1608315131
34,201403,5.0,1609302026
3,201688,4.1,1607263233
44,201537,3.2,1603604471
30,200034,3.1,1606744080
3,200249,3.6,1602620858
41,200344,4.3,1609124913
8,200597,3.8,1601068822
2,200106,4.0,1603974324
24,200918,3.7,1602125474
36,201118,4.6,1600314194
7,201868,3.8,1604243161
16,200414,4.8,1608977079
32,201109,3.6,1602470946
38,201313,4.2,1604048400
30,200464,4.5,1600020370
10,200695,4.0,1601874090
35,200630,3.1,1605988392
14,201051,3.2,1604884907
22,200625,2.9,1609063520
15,201779,4.4,1605122943
43,201795,2.7,1607628340
35,201471,2.7,1602278999
43,200428,4.4,1601199265
46,200288,4.3,1607449514
8,201068,4.1,1608086342
33,200585,4.4,1606513198
10,200727,3.3,1604119433
19,200640,2.7,1607938269
16,200224,3.4,1602390607
11,201572,2.7,1601898517
15,200436,3.3,1605364341
9,201175,4.1,1600993012
28,201998,4.7,1600512635
9,200008,3.2,1601346830
5,200258,2.7,1602482151
15,201250,3.1,1606720607
5,200079,4.1,1602359474
2,201381,2.8,1607115842
22,201595,4.3,1609064701
11,201199,4.9,1605626324
38,201739,3.3,1609776877
5,201110,3.5,1609313612
20,201264,3.4,1603576467
46,201495,3.3,1609694351
17,200598,4.3,1600217755
46,200455,4.2,1606174671
4,201587,3.3,1608867226
40,201376,3.5,1602595631
47,200826,3.0,1601568646
39,200469,4.1,1603671713
11,200925,2.8,1603897073
43,201107,3.4,1601022759
50,201785,4.1,1604312616
13,201348,2.5,1604871046
43,200781,3.2,1602738656
10,201613,4.9,1608468365
33,200983,3.4,1606168553
8,201424,4.0,1605085627
46,201180,4.2,1604048792
40,201830,3.7,1605914429
42,201573,3.7,1603715848
44,201464,4.4,1606627652
34,201796,4.9,1608243221
11,201438,4.9,1605594762
21,201140,4.0,1607737339
33,200486,4.9,1607402578
5,200121,3.9,1607598358
37,200768,4.7,1601552135
22,201823,4.4,1609285103
37,201420,2.9,1604959654
32,201387,3.5,1600184529
8,200545,2.6,1600665565
34,201803,2.7,1607792392
20,201237,4.7,1603100581
46,200263,4.2,1604140180
9,200026,2.8,1605398027
12,201182,4.2,1601636764
47,200263,3.2,1602565419
17,201808,4.0,1602894411
26,201869,4.7,1607839146
26,201811,4.8,1606879465
29,201033,2.9,1601404879
15,200126,3.6,1609342023
47,201128,3.5,1607590111
50,201849,3.2,1604153542
15,201343,3.1,1602851677
34,201518,2.9,1600376269
33,201511,3.2,1604943881
22,200691,3.1,1605683302
1,201441,2.8,1604530388
8,200365,4.4,1608284381
32,200341,2.6,1606851559
22,200116,4.5,1601517511
10,201962,4.3,1602001917
5,201250,4.7,1609527760
25,200098,2.6,1607716154
41,200556,4.0,1603750139
34,201920,3.2,1600539274
35,201730,4.1,1605949334
5,201641,3.1,1601048310
48,201538,4.1,1603644653
8,200134,3.0,1604230060
12,201627,3.6,1607321243
21,200379,3.4,1608957428
2,201175,4.1,1608128296
48,201945,3.4,1606926977
37,201759,3.9,1603686407
19,200629,4.9,1606347202
25,201060,4.9,1600038833
32,201958,5.0,1600711553
27,201082,2.6,1608917817
5,201362,4.2,1605223536
44,200752,3.4,1605554844
23,201727,2.7,1609246732
40,201823,2.5,1609325665
32,201725,3.4,1608910635
47,200293,2.6,1609678544
23,200598,2.9,1605397646
32,201647,4.2,1607700092
38,200867,4.8,1605069352
32,201386,4.2,1603264531
33,200186,4.4,1602974726
23,201986,2.8,1603842480
49,201800,4.1,1608514466
33,201463,4.3,1600173536
22,200336,3.9,1600522685
27,200032,2.8,1606031288
31,201157,4.7,1605627185
43,200359,3.6,1600337495
9,200962,3.9,1603740170
48,200795,2.6,1601716238
9,201050,4.0,1609430308
16,201506,3.3,1600628200
4,200868,4.6,1606643911
50,200558,3.7,1602115973
16,201211,2.6,1608952357
24,200838,4.4,1603515900
35,200062,4.1,1602406066
22,200508,4.4,1600502631
5,201231,3.7,1604449872
21,201240,3.7,1604313830
48,200680,4.2,1607344667
6,200775,4.6,1605173191
24,201245,4.8,1604030879
11,201189,3.5,1604269992
43,201687,4.2,1603331941
20,201510,4.4,1607384467
7,201485,4.7,1602343578
4,201370,3.1,1606411906
48,200108,3.5,1602130996
4,200378,5.0,1602492667
36,200363,3.0,1602043042
18,200379,4.7,1600905486
1,201658,3.3,1601732209
3,201999,4.8,1602807834
19,200379,4.5,1607078155
27,200914,3.3,1608483192
7,201102,4.8,1606940872
27,200409,3.1,1605350345
14,200745,4.9,1602728380
18,201339,4.9,1604676862
42,200225,4.8,1604713159
24,201655,4.0,1605859007
35,201858,4.4,1603683544
29,201041,2.7,1609356232
49,201705,4.8,1606101126
45,200283,3.7,1601487183
1,200754,2.9,1605697301
22,200567,3.5,1606175966
47,200444,4.8,1601014440
39,200132,3.1,1603454456
50,200421,4.2,1606128182
14,201191,4.0,1603826939
19,201464,4.4,1602985101
13,200414,4.9,1608415120
43,201638,3.5,1601560232
13,201007,4.2,1604282589
28,200498,3.0,1607236127
42,200434,3.4,1605646303
7,201102,4.7,1600699641
37,201906,2.8,1609215576
4,200083,4.1,1603497526
50,200936,3.7,1608006633
29,201450,3.7,1608410250
13,200957,3.8,1605246363
41,201861,2.7,1604696549
25,201874,4.8,1607225530
28,200177,3.3,1601986572
49,200742,3.7,1601398423
9,200704,3.3,1608842189
32,201405,4.5,1606012774
23,200417,4.8,1603223577
35,201785,3.7,1603703883
34,200500,3.5,1602113541
39,201558,2.7,1605477315
27,200230,2.9,1601027786
30,200208,3.4,1601932939
16,200233,4.3,1600037258
38,201265,4.8,1602836607
16,200874,3.3,1608746353
25,201485,3.6,1600958236
28,200921,4.6,1607848104
47,200506,4.1,1605231460
26,200011,2.9,1600607139
20,201697,3.6,1605707876
10,200249,4.1,1609686606
38,201461,4.6,1605147408
41,200433,2.8,1607526790
24,201973,4.9,1601712134
21,201748,4.1,1600320051
36,201651,3.7,1604196725
44,200918,4.8,1603077163
5,200752,2.6,1609609216
46,201651,3.5,1604396089
45,201720,4.0,1609661222
12,200721,4.0,1609865642
20,200089,4.0,1608334620
44,200038,3.0,1604081316
26,200378,4.4,1604148199
30,201400,3.7,1609111924
20,200852,4.0,1608401788
42,201163,4.1,1601372218
31,200190,4.5,1600135381
48,200527,3.1,1606886698
10,201593,4.6,1605212532
37,200918,4.5,1608838136
13,201641,3.2,1607639684
41,200870,3.5,1606283751
13,200338,3.0,1601443938
29,201734,3.0,1606113890
5,200272,3.2,1602624020
7,201202,2.9,1603820582
50,200469,3.0,1602075359
38,201756,4.6,1604579417
16,201202,3.8,1604468741
9,200747,3.8,1609335660
23,201660,3.6,1606642185
28,201066,3.2,1609374941
16,200213,4.1,1605386390
45,201992,2.7,1603418922
49,200556,4.4,1603323988
2,201443,3.0,1606974570
24,201207,3.4,1604248689
22,200599,4.1,1605762926
14,200763,4.8,1603067103
12,201312,4.6,1609730935
18,200390,2.7,1608799455
15,201730,3.7,1602361788
47,201441,3.1,1602911970
37,201807,3.9,1606196362
47,200815,3.3,1604464969
40,200443,3.1,1606281335
44,201210,3.7,1605073997
2,200051,3.9,1600151365
18,200753,3.0,1606640717
28,201711,3.5,1601381236
35,201330,3.6,1604844856
29,200747,3.1,1608612813
15,201421,2.8,1601511697
44,201676,3.9,1605365718
6,201836,3.5,1600728064
15,201410,4.0,1601060512
3,200100,4.4,1607990869
4,201176,3.2,1603725504
49,201447,2.6,1606797083
45,200641,3.3,1605300084
16,201803,4.1,1600660979
24,201936,4.3,1600040924
43,200500,3.3,1606118668
43,201374,2.9,1600555909
7,201118,3.6,1603543606
9,200052,4.3,1603593356
26,200621,3.1,1601090562
5,201253,4.3,1608089759
16,201423,4.6,1605355624
34,201939,3.2,1604305000
6,201872,4.0,1604276025
4,200688,2.9,1605034494
48,201903,4.5,1603214776
11,200381,4.7,1608432720
8,200718,4.0,1608382254
17,201559,3.6,1609385119
8,200270,4.0,1604233879
16,200830,3.3,1607995161
10,200455,4.8,1605832324
44,200937,4.3,1609841737
2,200343,4.3,1604880158
26,201155,4.7,1607884501
30,200752,3.5,1600144561
41,200917,2.9,1609456090
18,201318,4.4,1601342426
30,200076,3.6,1600132233
30,200750,4.2,1607232573
35,201795,3.8,1604365771
11,201067,3.7,1602649472
16,200172,3.7,1602012694
9,200225,3.0,1601328420
21,200504,2.9,1603421287
1,200014,4.3,1603259078
27,201400,2.9,1603463919
25,201151,2.6,1605959912
38,201042,3.6,1606208845
9,200920,3.9,1608648831
3,201228,3.3,1605585925
36,200178,2.9,1607407920
44,201083,2.7,1600618094
7,200766,4.4,1608939132
46,200513,3.8,1607019048
4,200548,2.7,1604359693
14,200882,3.9,1600577138
8,201406,3.6,1605634894
7,201353,3.4,1603029972
15,201931,4.0,1608813510
40,200687,3.6,1604031723
47,201681,2.6,1600301820
48,200803,3.7,1601159350
34,200330,2.9,1606246503
4,200981,4.1,1602256470
48,201491,4.9,1608065675
17,201898,3.3,1603526694
42,200462,4.6,1602422366
20,200557,2.5,1607307787
10,201665,4.8,1603323804
33,201960,5.0,1609434659
49,200940,2.6,1604014524
8,200520,2.8,1605801607
40,201010,4.5,1609574986
31,201588,4.8,1600093331
32,200278,4.5,1609423320
31,200715,5.0,1608476308
36,201625,3.2,1603286283
41,201124,5.0,1608123478
2,200965,2.6,1605496623
39,200239,2.5,1607220760
45,200455,4.3,1606422011
24,200709,4.3,1609540725
16,200861,3.5,1600003913
6,200628,3.5,1601436737
31,200891,4.8,1608329865
15,201026,3.6,1605142523
12,200223,4.0,1601471583
48,201759,4.6,1601726703
18,201944,4.6,1603203733
10,201991,3.1,1605643314
30,200604,3.0,1603646925
8,201995,3.2,1602009286
7,200998,2.7,1604776264
8,200124,4.1,1602556184
4,200851,3.0,1602651895
11,201077,2.6,1604184520
20,200192,3.5,1608809378
10,201954,4.8,1609878650
13,201609,4.0,1602370722
18,201825,4.8,1600771175
45,201540,4.1,1600885297
40,200190,2.5,1600654225
31,200528,4.5,1602971574
5,201430,4.2,1600168386
49,201745,2.8,1606616470
6,200992,3.6,1606796294
37,201250,4.8,1600681499
12,201123,3.8,1606738258
33,201762,3.2,1601277240
37,200407,4.3,1606887739
32,201778,2.9,1606816029
25,201709,3.8,1604347177
24,200079,3.9,1609731566
29,201820,4.4,1605372125
24,201077,3.1,1603455612
47,200680,4.0,1603523076
45,201960,3.0,1605032407
28,200350,3.4,1609804431
9,200600,3.8,1602262875
29,200192,5.0,1600976756
34,201635,3.4,1605626221
3,201797,3.5,1606663968
34,201700,3.5,1601231613
21,201830,3.3,1608935213
44,201145,3.5,1604898630
3,201511,4.2,1608123011
18,201966,4.3,1605590182
47,201855,5.0,1607218226
21,200144,4.3,1607207060
22,200013,4.1,1603742423
6,200301,4.7,1604320841
25,201631,4.2,1607555754
22,200719,3.9,1608541501
19,201892,3.1,1606451197
14,201688,4.2,1602245413
1,201520,3.1,1601478642
17,201829,3.2,1609324669
10,201740,4.7,1602257029
39,201537,2.6,1602529327
47,201913,4.5,1604977002
33,201928,3.1,1607245270
28,201305,4.0,1608770204
15,201435,4.3,1603354372
8,200201,4.7,1600530647
17,200610,4.4,1609506471
34,201894,2.7,1601552409
32,200964,2.9,1604234208
26,200120,3.7,1607357978
47,200946,3.4,1602614103
12,200949,3.4,1603845751
44,200780,4.6,1605905775
48,201925,4.4,1609896760
46,200644,4.7,1601858707
39,200771,4.2,1605779019
11,201176,4.4,1600823132
49,201756,2.7,1608698853
7,201293,3.5,1607419756
24,201336,2.8,1606618207
35,201839,4.6,1601715968
6,201945,3.0,1603071194
50,201798,4.1,1604006589
36,200616,4.1,1607912981
17,201437,3.0,1603599599
15,200069,2.8,1604304358
27,200630,2.6,1606802717
38,200680,3.7,1606336930
15,201638,2.9,1608390772
2,201682,4.1,1603510134
22,200827,4.4,1609433668
39,201688,4.9,1606453112
36,201084,4.3,1601569410
3,201638,4.2,1602886762
35,200942,4.4,1602080734
32,201174,4.3,1606239839
24,201500,4.7,1607074889
48,201133,3.1,1608828926
18,201784,3.1,1602816724
13,201228,4.4,1600490826
13,201936,5.0,1600271414
35,200829,3.3,1602534346
16,201685,4.9,1600748232
39,200835,4.0,1605223536
41,200143,4.7,1603585964
30,201299,4.0,1606049231
16,201200,3.2,1606185370
44,200995,3.5,1609740817
12,200124,4.0,1605248657
10,200226,4.5,1601719099
44,200645,3.5,1609139505
37,201733,3.5,1607207661
43,201548,2.7,1601925959
24,200635,2.7,1606902108
27,201265,3.9,1606219201
11,200081,2.6,1605941666
21,200104,4.7,1602925604
26,200016,4.5,1600759207
13,200168,3.4,1605636928
3,201043,3.6,1608655288
20,200313,2.5,1605227776
8,201324,2.7,1609049591
17,201579,3.2,1603483206
35,200546,5.0,1608562749
49,201099,4.0,1607509755
27,201573,4.7,1607937510
49,201865,3.7,1606327430
44,200066,4.9,1608476333
15,200839,4.7,1607657206
29,200654,4.4,1604208016
46,201225,5.0,1601595751
23,200972,3.5,1603840059
31,200107,4.7,1603026798
36,201215,3.4,1605541844
32,201686,2.6,1608070407
44,201177,4.9,1600884407
33,201577,4.6,1605558404
13,200975,2.9,1601065969
17,201864,4.2,1606643140
33,200778,3.8,1602655362
27,201887,3.2,1609371074
40,200669,3.2,1601074146
46,201409,4.7,1600897107
34,201402,4.9,1606134843
38,200697,3.2,1601299112
12,200077,2.9,1606102897
41,201538,3.3,1607783131
19,200732,4.1,1609979668
42,200762,2.6,1606882837
3,201326,3.8,1605512661
15,201425,2.7,1606390833
1,201323,2.6,1607105856
21,201657,3.9,1606414569
17,201436,3.6,1603565767
32,201456,3.9,1602216500
39,201964,2.6,1606153836
13,201795,4.4,1607156951
21,200965,3.6,1606561563
44,200234,4.2,1606318723
46,201786,2.9,1606101025
30,200921,3.9,1607952076
8,200753,3.5,1601620111
6,201197,2.6,1607553611
30,200361,2.9,1606082576
42,201106,3.3,1607977999
13,200721,3.5,1606899896
2,201319,3.1,1607816968
28,200999,3.9,1608766789
6,201465,4.5,1608386331
9,201103,2.6,1609755760
42,200539,5.0,1602821164
27,200840,4.6,1607653195
3,201995,3.9,1605141914
30,201557,3.3,1600384954
31,201268,4.9,1607442902
45,200253,2.6,1600809487
36,200950,4.4,1603702463
5,201690,3.9,1608498008
3,201771,5.0,1608568036
9,200713,4.3,1604327235
48,201517,4.5,1600928460
18,200335,4.6,1600341349
6,200742,3.0,1600632430
47,200069,5.0,1604747727
4,200907,2.6,1606525679
49,200981,2.9,1604178843
18,201316,2.6,1601336971
46,201463,2.8,1608229167
8,201835,4.5,1600628293
22,200089,4.1,1604533605
18,201858,2.8,1606371576
48,200601,3.0,1604914699
47,201033,4.4,1607373678
41,200482,4.7,1601321943
22,200696,3.0,1600429248
7,201614,3.3,1606289893
38,200529,3.6,1601253458
3,201917,4.5,1607158780
26,201640,4.5,1606601376
13,201987,4.0,1601931978
11,201307,2.8,1603267152
32,201079,3.5,1607268350
28,200045,3.1,1608844695
24,201642,5.0,1606416007
30,200190,4.6,1603657411
42,200154,2.6,1602245452
1,201252,3.3,1603372147
3,201142,3.0,1602470390
5,201520,2.8,1608886423
20,200164,4.1,1607706653
48,200619,3.3,1605506585
15,200775,3.2,1606250285
13,201072,3.3,1605922879
34,200127,4.2,1609532430
8,201674,3.1,1609106409
44,200028,3.7,1608664460
14,200705,4.5,1604972430
23,200202,3.8,1606720908
27,201090,2.8,1603495670
33,201788,3.4,1609419071
41,201405,2.6,1601500563
36,200849,4.6,1607313228
42,201333,3.4,1608731948
5,200676,3.8,1609376484
26,201347,4.7,1605866749
8,200819,2.5,1602103357
14,201559,5.0,1607068363
9,200640,4.5,1603021989
27,201011,5.0,1609023059
32,200536,2.8,1601620967
38,200411,4.6,1604117421
45,200071,3.8,1607978579
33,200013,4.2,1607458318
14,201129,4.7,1603528874
40,201712,3.3,1603818064
21,201907,3.1,1604677048
5,200338,4.3,1607109307
6,200711,3.3,1605880746
46,201681,2.7,1604818267
7,200246,4.9,1601512378
29,201998,2.8,1607333912
5,200161,4.4,1603536139
29,200471,3.6,1602075368
23,200236,4.0,1601622279
8,200491,3.5,1603386029
23,201118,3.9,1608592080
10,200092,2.7,1608532415
32,201062,4.5,1602621456
44,200169,3.8,1600499935
34,201495,3.0,1604244517
6,201145,4.7,1601152444
46,200730,2.6,1601073204
30,200285,3.9,1602767890
11,201499,4.3,1603015191
23,200499,3.2,1603969269
27,201860,3.4,1609757015
10,200700,4.9,1607433768
1,201762,4.9,1605474319
9,201056,4.3,1606652579
33,200117,3.4,1600775989
18,200952,4.6,1604868185
17,201418,3.8,1606360509
12,201587,4.7,1604397050
42,200533,4.3,1603376600
31,200998,3.9,1607762375
33,200184,4.3,1600747314
43,200223,4.4,1603633348
25,200088,3.0,1606559738
35,201100,3.2,1604470974
20,201556,2.6,1606360708
14,201546,3.8,1603705689
15,200563,3.1,1609941404
27,201290,2.9,1604489329
25,201993,3.4,1602516373
14,201464,4.5,1604612364
38,200510,3.7,1609326270
22,201613,4.1,1607089220
15,201025,3.8,1609642056
10,201278,4.4,1607840984
47,200135,4.5,1603858580
1,201296,2.6,1603028134
40,201185,3.4,1604138126
14,200127,4.7,1607816440
5,201215,3.0,1603666318
4,201522,4.9,1600146735
21,200484,3.9,1601817764
8,200396,2.7,1601697533
21,200699,4.2,1609438372
15,201656,4.9,1606513115
3,200467,3.7,1600216953
11,201772,3.4,1607712881
